OUTPUT_DIR=/data_disk/disk_1/hl/workspace/huawei_cup/MultiModel-Sentiment/question3/completion_20260926
[07:56:58] IG text subset=0 steps=64 error=[0.0, 1e-06] passed=True
[07:56:58] IG text subset=2 steps=64 error=[1e-06, 0.0] passed=True
[07:56:58] IG text subset=4 steps=64 error=[1e-06, 0.0] passed=True
[07:56:58] IG text subset=6 steps=64 error=[1e-06, 1e-06] passed=True
[07:56:59] IG audio subset=0 steps=64 error=[0.0, 0.0] passed=True
[07:56:59] IG audio subset=1 steps=64 error=[0.0, 1e-06] passed=True
[07:56:59] IG audio subset=4 steps=64 error=[0.0, 0.0] passed=True
[07:56:59] IG audio subset=5 steps=64 error=[0.0, 0.0] passed=True
[07:56:59] IG vision subset=0 steps=64 error=[0.0, 0.0] passed=True
[07:56:59] IG vision subset=1 steps=64 error=[0.0, 0.0] passed=True
[07:56:59] IG vision subset=2 steps=64 error=[1e-06, 0.0] passed=True
[07:56:59] IG vision subset=3 steps=64 error=[0.0, 0.0] passed=True
[07:56:59] IG text subset=0 steps=64 error=[1e-06, 1e-06] passed=True
[07:56:59] IG text subset=2 steps=64 error=[2e-06, 1e-06] passed=True
[07:56:59] IG text subset=4 steps=64 error=[1e-06, 4e-06] passed=True
[07:56:59] IG text subset=6 steps=64 error=[2e-06, 1e-06] passed=True
[07:56:59] IG audio subset=0 steps=64 error=[0.0, 0.0] passed=True
[07:56:59] IG audio subset=1 steps=64 error=[0.0, 0.0] passed=True
[07:56:59] IG audio subset=4 steps=64 error=[0.0, 0.0] passed=True
[07:56:59] IG audio subset=5 steps=64 error=[0.0, 0.0] passed=True
[07:57:00] IG vision subset=0 steps=64 error=[0.0, 0.0] passed=True
[07:57:00] IG vision subset=1 steps=64 error=[0.0, 0.0] passed=True
[07:57:00] IG vision subset=2 steps=64 error=[0.0, 0.0] passed=True
[07:57:00] IG vision subset=3 steps=64 error=[0.0, 0.0] passed=True
[07:57:00] Validation detail 1/60: v0003 finished in 3.5s
[07:57:00] IG text subset=0 steps=64 error=[0.0, 0.0] passed=True
[07:57:00] IG text subset=2 steps=64 error=[1e-06, 0.0] passed=True
[07:57:00] IG text subset=4 steps=64 error=[1e-06, 0.0] passed=True
[07:57:00] IG text subset=6 steps=64 error=[1e-06, 0.0] passed=True
[07:57:00] IG audio subset=0 steps=64 error=[0.0, 0.0] passed=True
[07:57:01] IG audio subset=1 steps=64 error=[0.0, 0.0] passed=True
[07:57:01] IG audio subset=4 steps=64 error=[0.0, 0.0] passed=True
[07:57:01] IG audio subset=5 steps=64 error=[0.0, 0.0] passed=True
[07:57:01] IG vision subset=0 steps=64 error=[1e-06, 0.0] passed=True
[07:57:01] IG vision subset=1 steps=64 error=[0.0, 0.0] passed=True
[07:57:01] IG vision subset=2 steps=64 error=[1e-06, 0.0] passed=True
[07:57:01] IG vision subset=3 steps=64 error=[1e-06, 0.0] passed=True
[07:57:01] IG text subset=0 steps=64 error=[0.0, 0.0] passed=True
[07:57:01] IG text subset=2 steps=64 error=[0.0, 0.0] passed=True
[07:57:01] IG text subset=4 steps=64 error=[0.0, 0.0] passed=True
[07:57:01] IG text subset=6 steps=64 error=[1e-06, 0.0] passed=True
[07:57:01] IG audio subset=0 steps=64 error=[0.0, 0.0] passed=True
[07:57:01] IG audio subset=1 steps=64 error=[0.0, 0.0] passed=True
[07:57:01] IG audio subset=4 steps=64 error=[0.0, 0.0] passed=True
[07:57:01] IG audio subset=5 steps=64 error=[0.0, 0.0] passed=True
[07:57:02] IG vision subset=0 steps=64 error=[0.0, 0.0] passed=True
[07:57:02] IG vision subset=1 steps=64 error=[1e-06, 0.0] passed=True
[07:57:02] IG vision subset=2 steps=64 error=[0.0, 0.0] passed=True
[07:57:02] IG vision subset=3 steps=64 error=[1e-06, 0.0] passed=True
[07:57:02] Validation detail 2/60: v0014 finished in 1.8s
[07:57:02] IG text subset=0 steps=64 error=[2e-06, 0.0] passed=True
[07:57:02] IG text subset=2 steps=64 error=[1e-06, 0.0] passed=True
[07:57:02] IG text subset=4 steps=64 error=[2e-06, 0.0] passed=True
[07:57:02] IG text subset=6 steps=64 error=[2e-06, 1e-06] passed=True
[07:57:02] IG audio subset=0 steps=64 error=[0.0, 0.0] passed=True
[07:57:02] IG audio subset=1 steps=64 error=[0.0, 0.0] passed=True
[07:57:03] IG audio subset=4 steps=64 error=[0.0, 0.0] passed=True
[07:57:03] IG audio subset=5 steps=64 error=[0.0, 0.0] passed=True
[07:57:03] IG vision subset=0 steps=64 error=[0.0, 0.0] passed=True
[07:57:03] IG vision subset=1 steps=64 error=[1e-06, 0.0] passed=True
[07:57:03] IG vision subset=2 steps=64 error=[0.0, 0.0] passed=True
[07:57:03] IG vision subset=3 steps=64 error=[0.0, 0.0] passed=True
[07:57:03] IG text subset=0 steps=64 error=[1e-06, 0.0] passed=True
[07:57:03] IG text subset=2 steps=64 error=[1e-06, 0.0] passed=True
[07:57:03] IG text subset=4 steps=64 error=[1e-06, 0.0] passed=True
[07:57:03] IG text subset=6 steps=64 error=[1e-06, 0.0] passed=True
[07:57:03] IG audio subset=0 steps=64 error=[0.0, 0.0] passed=True
[07:57:03] IG audio subset=1 steps=64 error=[0.0, 0.0] passed=True
[07:57:03] IG audio subset=4 steps=64 error=[0.0, 0.0] passed=True
[07:57:03] IG audio subset=5 steps=64 error=[0.0, 0.0] passed=True
[07:57:03] IG vision subset=0 steps=64 error=[0.0, 0.0] passed=True
[07:57:03] IG vision subset=1 steps=64 error=[0.0, 0.0] passed=True
[07:57:04] IG vision subset=2 steps=64 error=[0.0, 0.0] passed=True
[07:57:04] IG vision subset=3 steps=64 error=[0.0, 0.0] passed=True
[07:57:04] Validation detail 3/60: v0017 finished in 1.8s
[07:57:04] IG text subset=0 steps=64 error=[0.0, 0.0] passed=True
[07:57:04] IG text subset=2 steps=64 error=[1e-06, 0.0] passed=True
[07:57:04] IG text subset=4 steps=64 error=[0.0, 0.0] passed=True
[07:57:04] IG text subset=6 steps=64 error=[1e-06, 0.0] passed=True
[07:57:04] IG audio subset=0 steps=64 error=[0.0, 0.0] passed=True
[07:57:04] IG audio subset=1 steps=64 error=[0.0, 0.0] passed=True
[07:57:04] IG audio subset=4 steps=64 error=[0.0, 0.0] passed=True
[07:57:04] IG audio subset=5 steps=64 error=[0.0, 0.0] passed=True
[07:57:05] IG vision subset=0 steps=64 error=[0.0, 0.0] passed=True
[07:57:05] IG vision subset=1 steps=64 error=[1e-06, 0.0] passed=True
[07:57:05] IG vision subset=2 steps=64 error=[0.0, 0.0] passed=True
[07:57:05] IG vision subset=3 steps=64 error=[0.0, 0.0] passed=True
[07:57:05] IG text subset=0 steps=64 error=[0.0, 0.0] passed=True
[07:57:05] IG text subset=2 steps=64 error=[0.0, 0.0] passed=True
[07:57:05] IG text subset=4 steps=64 error=[0.0, 0.0] passed=True
[07:57:05] IG text subset=6 steps=64 error=[1e-06, 0.0] passed=True
[07:57:05] IG audio subset=0 steps=64 error=[0.0, 0.0] passed=True
[07:57:05] IG audio subset=1 steps=64 error=[0.0, 0.0] passed=True
[07:57:05] IG audio subset=4 steps=64 error=[0.0, 0.0] passed=True
[07:57:05] IG audio subset=5 steps=64 error=[0.0, 0.0] passed=True
[07:57:05] IG vision subset=0 steps=64 error=[0.0, 0.0] passed=True
[07:57:05] IG vision subset=1 steps=64 error=[0.0, 0.0] passed=True
[07:57:05] IG vision subset=2 steps=64 error=[0.0, 0.0] passed=True
[07:57:06] IG vision subset=3 steps=64 error=[0.0, 0.0] passed=True
[07:57:06] Validation detail 4/60: v0048 finished in 1.9s
[07:57:06] IG text subset=0 steps=64 error=[1e-06, 0.0] passed=True
[07:57:06] IG text subset=2 steps=64 error=[1e-06, 1e-06] passed=True
[07:57:06] IG text subset=4 steps=64 error=[1e-06, 1e-06] passed=True
[07:57:06] IG text subset=6 steps=64 error=[2e-06, 1e-06] passed=True
[07:57:06] IG audio subset=0 steps=64 error=[0.0, 0.0] passed=True
[07:57:06] IG audio subset=1 steps=64 error=[0.0, 0.0] passed=True
[07:57:06] IG audio subset=4 steps=64 error=[0.0, 0.0] passed=True
[07:57:06] IG audio subset=5 steps=64 error=[0.0, 0.0] passed=True
[07:57:06] IG vision subset=0 steps=64 error=[1e-06, 0.0] passed=True
[07:57:07] IG vision subset=1 steps=64 error=[0.0, 0.0] passed=True
[07:57:07] IG vision subset=2 steps=64 error=[0.0, 0.0] passed=True
[07:57:07] IG vision subset=3 steps=64 error=[0.0, 0.0] passed=True
[07:57:07] IG text subset=0 steps=64 error=[3e-06, 1e-06] passed=True
[07:57:07] IG text subset=2 steps=64 error=[4e-05, 2.5e-05] passed=True
[07:57:07] IG text subset=4 steps=64 error=[0.000164, 0.001866] passed=True
[07:57:07] IG text subset=6 steps=64 error=[0.000326, 0.001542] passed=True
[07:57:07] IG audio subset=0 steps=64 error=[0.0, 0.0] passed=True
[07:57:07] IG audio subset=1 steps=64 error=[0.0, 0.0] passed=True
[07:57:07] IG audio subset=4 steps=64 error=[0.0, 0.0] passed=True
[07:57:07] IG audio subset=5 steps=64 error=[0.0, 0.0] passed=True
[07:57:07] IG vision subset=0 steps=64 error=[0.0, 0.0] passed=True
[07:57:07] IG vision subset=1 steps=64 error=[0.0, 0.0] passed=True
[07:57:07] IG vision subset=2 steps=64 error=[0.0, 0.0] passed=True
[07:57:07] IG vision subset=3 steps=64 error=[0.0, 0.0] passed=True
[07:57:08] Validation detail 5/60: v0050 finished in 1.9s
[07:57:08] IG text subset=0 steps=64 error=[0.0, 0.0] passed=True
[07:57:08] IG text subset=2 steps=64 error=[1e-06, 0.0] passed=True
[07:57:08] IG text subset=4 steps=64 error=[1e-06, 0.0] passed=True
[07:57:08] IG text subset=6 steps=64 error=[1e-06, 0.0] passed=True
[07:57:08] IG audio subset=0 steps=64 error=[1e-06, 0.0] passed=True
[07:57:08] IG audio subset=1 steps=64 error=[0.0, 0.0] passed=True
[07:57:08] IG audio subset=4 steps=64 error=[0.0, 0.0] passed=True
[07:57:08] IG audio subset=5 steps=64 error=[0.0, 0.0] passed=True
[07:57:08] IG vision subset=0 steps=64 error=[1e-06, 0.0] passed=True
[07:57:08] IG vision subset=1 steps=64 error=[0.0, 0.0] passed=True
[07:57:08] IG vision subset=2 steps=64 error=[0.0, 0.0] passed=True
[07:57:08] IG vision subset=3 steps=64 error=[0.0, 0.0] passed=True
[07:57:09] IG text subset=0 steps=64 error=[0.0, 0.0] passed=True
[07:57:09] IG text subset=2 steps=64 error=[0.0, 0.0] passed=True
[07:57:09] IG text subset=4 steps=64 error=[1e-06, 0.0] passed=True
[07:57:09] IG text subset=6 steps=64 error=[1e-06, 0.0] passed=True
[07:57:09] IG audio subset=0 steps=64 error=[0.0, 0.0] passed=True
[07:57:09] IG audio subset=1 steps=64 error=[0.0, 0.0] passed=True
[07:57:09] IG audio subset=4 steps=64 error=[0.0, 0.0] passed=True
[07:57:09] IG audio subset=5 steps=64 error=[0.0, 0.0] passed=True
[07:57:09] IG vision subset=0 steps=64 error=[0.0, 0.0] passed=True
[07:57:09] IG vision subset=1 steps=64 error=[0.0, 0.0] passed=True
[07:57:09] IG vision subset=2 steps=64 error=[0.0, 0.0] passed=True
[07:57:09] IG vision subset=3 steps=64 error=[0.0, 0.0] passed=True
[07:57:10] Validation detail 6/60: v0062 finished in 1.8s
[07:57:10] IG text subset=0 steps=64 error=[0.0, 0.0] passed=True
[07:57:10] IG text subset=2 steps=64 error=[1e-06, 0.0] passed=True
[07:57:10] IG text subset=4 steps=64 error=[0.0, 0.0] passed=True
[07:57:10] IG text subset=6 steps=64 error=[1e-06, 0.0] passed=True
[07:57:10] IG audio subset=0 steps=64 error=[0.0, 0.0] passed=True
[07:57:10] IG audio subset=1 steps=64 error=[0.0, 0.0] passed=True
[07:57:10] IG audio subset=4 steps=64 error=[0.0, 0.0] passed=True
[07:57:10] IG audio subset=5 steps=64 error=[0.0, 0.0] passed=True
[07:57:10] IG vision subset=0 steps=64 error=[1e-06, 0.0] passed=True
[07:57:10] IG vision subset=1 steps=64 error=[0.0, 0.0] passed=True
[07:57:10] IG vision subset=2 steps=64 error=[1e-06, 0.0] passed=True
[07:57:10] IG vision subset=3 steps=64 error=[0.0, 0.0] passed=True
[07:57:10] IG text subset=0 steps=64 error=[1e-06, 0.0] passed=True
[07:57:11] IG text subset=2 steps=64 error=[1e-06, 0.0] passed=True
[07:57:11] IG text subset=4 steps=64 error=[1e-06, 0.0] passed=True
[07:57:11] IG text subset=6 steps=64 error=[1e-06, 0.0] passed=True
[07:57:11] IG audio subset=0 steps=64 error=[0.0, 0.0] passed=True
[07:57:11] IG audio subset=1 steps=64 error=[0.0, 0.0] passed=True
[07:57:11] IG audio subset=4 steps=64 error=[0.0, 0.0] passed=True
[07:57:11] IG audio subset=5 steps=64 error=[0.0, 0.0] passed=True
[07:57:11] IG vision subset=0 steps=64 error=[0.0, 0.0] passed=True
[07:57:11] IG vision subset=1 steps=64 error=[0.0, 0.0] passed=True
[07:57:11] IG vision subset=2 steps=64 error=[0.0, 0.0] passed=True
[07:57:11] IG vision subset=3 steps=64 error=[0.0, 0.0] passed=True
[07:57:11] Validation detail 7/60: v0063 finished in 1.9s
[07:57:12] IG text subset=0 steps=64 error=[1e-06, 0.0] passed=True
[07:57:12] IG text subset=2 steps=64 error=[0.0, 0.0] passed=True
[07:57:12] IG text subset=4 steps=64 error=[1e-06, 0.0] passed=True
[07:57:12] IG text subset=6 steps=64 error=[2e-06, 0.0] passed=True
[07:57:12] IG audio subset=0 steps=64 error=[0.0, 0.0] passed=True
[07:57:12] IG audio subset=1 steps=64 error=[1e-06, 0.0] passed=True
[07:57:12] IG audio subset=4 steps=64 error=[1e-06, 0.0] passed=True
[07:57:12] IG audio subset=5 steps=64 error=[0.0, 0.0] passed=True
[07:57:12] IG vision subset=0 steps=64 error=[0.0, 0.0] passed=True
[07:57:12] IG vision subset=1 steps=64 error=[1e-06, 0.0] passed=True
[07:57:12] IG vision subset=2 steps=64 error=[0.0, 0.0] passed=True
[07:57:12] IG vision subset=3 steps=64 error=[1e-06, 0.0] passed=True
[07:57:12] IG text subset=0 steps=64 error=[0.0, 0.0] passed=True
[07:57:12] IG text subset=2 steps=64 error=[1e-06, 0.0] passed=True
[07:57:12] IG text subset=4 steps=64 error=[0.0, 0.0] passed=True
[07:57:13] IG text subset=6 steps=64 error=[1.9e-05, 5e-06] passed=True
[07:57:13] IG audio subset=0 steps=64 error=[0.0, 0.0] passed=True
[07:57:13] IG audio subset=1 steps=64 error=[0.0, 0.0] passed=True
[07:57:13] IG audio subset=4 steps=64 error=[0.0, 0.0] passed=True
[07:57:13] IG audio subset=5 steps=64 error=[0.0, 0.0] passed=True
[07:57:13] IG vision subset=0 steps=64 error=[0.0, 0.0] passed=True
[07:57:13] IG vision subset=1 steps=64 error=[0.0, 0.0] passed=True
[07:57:13] IG vision subset=2 steps=64 error=[0.0, 0.0] passed=True
[07:57:13] IG vision subset=3 steps=64 error=[0.0, 0.0] passed=True
[07:57:13] Validation detail 8/60: v0069 finished in 1.9s
[07:57:13] IG text subset=0 steps=64 error=[1e-06, 0.0] passed=True
[07:57:14] IG text subset=2 steps=64 error=[1e-06, 0.0] passed=True
[07:57:14] IG text subset=4 steps=64 error=[0.0, 0.0] passed=True
[07:57:14] IG text subset=6 steps=64 error=[1e-06, 0.0] passed=True
[07:57:14] IG audio subset=0 steps=64 error=[0.0, 0.0] passed=True
[07:57:14] IG audio subset=1 steps=64 error=[0.0, 0.0] passed=True
[07:57:14] IG audio subset=4 steps=64 error=[0.0, 0.0] passed=True
[07:57:14] IG audio subset=5 steps=64 error=[0.0, 0.0] passed=True
[07:57:14] IG vision subset=0 steps=64 error=[0.0, 0.0] passed=True
[07:57:14] IG vision subset=1 steps=64 error=[0.0, 0.0] passed=True
[07:57:14] IG vision subset=2 steps=64 error=[0.0, 0.0] passed=True
[07:57:14] IG vision subset=3 steps=64 error=[0.0, 0.0] passed=True
[07:57:14] IG text subset=0 steps=64 error=[0.0, 0.0] passed=True
[07:57:14] IG text subset=2 steps=64 error=[0.0, 0.0] passed=True
[07:57:14] IG text subset=4 steps=64 error=[0.0, 0.0] passed=True
[07:57:14] IG text subset=6 steps=64 error=[0.0, 0.0] passed=True
[07:57:14] IG audio subset=0 steps=64 error=[0.0, 0.0] passed=True
[07:57:15] IG audio subset=1 steps=64 error=[0.0, 0.0] passed=True
[07:57:15] IG audio subset=4 steps=64 error=[0.0, 0.0] passed=True
[07:57:15] IG audio subset=5 steps=64 error=[0.0, 0.0] passed=True
[07:57:15] IG vision subset=0 steps=64 error=[0.0, 0.0] passed=True
[07:57:15] IG vision subset=1 steps=64 error=[0.0, 0.0] passed=True
[07:57:15] IG vision subset=2 steps=64 error=[0.0, 0.0] passed=True
[07:57:15] IG vision subset=3 steps=64 error=[0.0, 0.0] passed=True
[07:57:15] Validation detail 9/60: v0072 finished in 1.8s
[07:57:15] IG text subset=0 steps=64 error=[0.0, 0.0] passed=True
[07:57:15] IG text subset=2 steps=64 error=[0.0, 0.0] passed=True
[07:57:15] IG text subset=4 steps=64 error=[0.0, 0.0] passed=True
[07:57:15] IG text subset=6 steps=64 error=[0.0, 0.0] passed=True
[07:57:16] IG audio subset=0 steps=64 error=[0.0, 0.0] passed=True
[07:57:16] IG audio subset=1 steps=64 error=[0.0, 0.0] passed=True
[07:57:16] IG audio subset=4 steps=64 error=[0.0, 0.0] passed=True
[07:57:16] IG audio subset=5 steps=64 error=[0.0, 0.0] passed=True
[07:57:16] IG vision subset=0 steps=64 error=[0.0, 0.0] passed=True
[07:57:16] IG vision subset=1 steps=64 error=[0.0, 0.0] passed=True
[07:57:16] IG vision subset=2 steps=64 error=[0.0, 0.0] passed=True
[07:57:16] IG vision subset=3 steps=64 error=[0.0, 0.0] passed=True
[07:57:16] IG text subset=0 steps=64 error=[0.0, 0.0] passed=True
[07:57:16] IG text subset=2 steps=64 error=[0.0, 0.0] passed=True
[07:57:16] IG text subset=4 steps=64 error=[1e-06, 0.0] passed=True
[07:57:16] IG text subset=6 steps=64 error=[1e-06, 0.0] passed=True
[07:57:16] IG audio subset=0 steps=64 error=[0.0, 0.0] passed=True
[07:57:16] IG audio subset=1 steps=64 error=[0.0, 0.0] passed=True
[07:57:16] IG audio subset=4 steps=64 error=[0.0, 0.0] passed=True
[07:57:16] IG audio subset=5 steps=64 error=[0.0, 0.0] passed=True
[07:57:17] IG vision subset=0 steps=64 error=[0.0, 0.0] passed=True
[07:57:17] IG vision subset=1 steps=64 error=[0.0, 0.0] passed=True
[07:57:17] IG vision subset=2 steps=64 error=[0.0, 0.0] passed=True
[07:57:17] IG vision subset=3 steps=64 error=[0.0, 0.0] passed=True
[07:57:17] Validation detail 10/60: v0083 finished in 1.8s
[07:57:17] IG text subset=0 steps=64 error=[0.0, 0.0] passed=True
[07:57:17] IG text subset=2 steps=64 error=[1e-06, 0.0] passed=True
[07:57:17] IG text subset=4 steps=64 error=[0.0, 0.0] passed=True
[07:57:17] IG text subset=6 steps=64 error=[1e-06, 0.0] passed=True
[07:57:17] IG audio subset=0 steps=64 error=[1e-06, 0.0] passed=True
[07:57:17] IG audio subset=1 steps=64 error=[0.0, 0.0] passed=True
[07:57:17] IG audio subset=4 steps=64 error=[0.0, 0.0] passed=True
[07:57:18] IG audio subset=5 steps=64 error=[0.0, 0.0] passed=True
[07:57:18] IG vision subset=0 steps=64 error=[0.0, 0.0] passed=True
[07:57:18] IG vision subset=1 steps=64 error=[1e-06, 1e-06] passed=True
[07:57:18] IG vision subset=2 steps=64 error=[1e-06, 0.0] passed=True
[07:57:18] IG vision subset=3 steps=64 error=[0.0, 0.0] passed=True
[07:57:18] IG text subset=0 steps=64 error=[0.0, 0.0] passed=True
[07:57:18] IG text subset=2 steps=64 error=[0.0, 0.0] passed=True
[07:57:18] IG text subset=4 steps=64 error=[1e-06, 0.0] passed=True
[07:57:18] IG text subset=6 steps=64 error=[1e-06, 1e-06] passed=True
[07:57:18] IG audio subset=0 steps=64 error=[0.0, 0.0] passed=True
[07:57:18] IG audio subset=1 steps=64 error=[0.0, 0.0] passed=True
[07:57:18] IG audio subset=4 steps=64 error=[0.0, 0.0] passed=True
[07:57:18] IG audio subset=5 steps=64 error=[0.0, 0.0] passed=True
[07:57:18] IG vision subset=0 steps=64 error=[0.0, 0.0] passed=True
[07:57:18] IG vision subset=1 steps=64 error=[0.0, 0.0] passed=True
[07:57:18] IG vision subset=2 steps=64 error=[0.0, 0.0] passed=True
[07:57:18] IG vision subset=3 steps=64 error=[0.0, 0.0] passed=True
[07:57:19] Validation detail 11/60: v0128 finished in 1.8s
[07:57:19] IG text subset=0 steps=64 error=[1e-06, 0.0] passed=True
[07:57:19] IG text subset=2 steps=64 error=[2e-06, 0.0] passed=True
[07:57:19] IG text subset=4 steps=64 error=[2e-06, 0.0] passed=True
[07:57:19] IG text subset=6 steps=64 error=[2e-06, 0.0] passed=True
[07:57:19] IG audio subset=0 steps=64 error=[0.0, 0.0] passed=True
[07:57:19] IG audio subset=1 steps=64 error=[0.0, 0.0] passed=True
[07:57:19] IG audio subset=4 steps=64 error=[0.0, 0.0] passed=True
[07:57:19] IG audio subset=5 steps=64 error=[0.0, 0.0] passed=True
[07:57:19] IG vision subset=0 steps=64 error=[1e-06, 0.0] passed=True
[07:57:19] IG vision subset=1 steps=64 error=[1e-06, 0.0] passed=True
[07:57:19] IG vision subset=2 steps=64 error=[0.0, 0.0] passed=True
[07:57:20] IG vision subset=3 steps=64 error=[0.0, 0.0] passed=True
[07:57:20] IG text subset=0 steps=64 error=[0.0, 0.0] passed=True
[07:57:20] IG text subset=2 steps=64 error=[0.0, 0.0] passed=True
[07:57:20] IG text subset=4 steps=64 error=[0.0, 0.0] passed=True
[07:57:20] IG text subset=6 steps=64 error=[0.0, 0.0] passed=True
[07:57:20] IG audio subset=0 steps=64 error=[0.0, 0.0] passed=True
[07:57:20] IG audio subset=1 steps=64 error=[0.0, 0.0] passed=True
[07:57:20] IG audio subset=4 steps=64 error=[0.0, 0.0] passed=True
[07:57:20] IG audio subset=5 steps=64 error=[0.0, 0.0] passed=True
[07:57:20] IG vision subset=0 steps=64 error=[0.0, 0.0] passed=True
[07:57:20] IG vision subset=1 steps=64 error=[1e-06, 0.0] passed=True
[07:57:20] IG vision subset=2 steps=64 error=[1e-06, 0.0] passed=True
[07:57:20] IG vision subset=3 steps=64 error=[0.0, 0.0] passed=True
[07:57:21] Validation detail 12/60: v0138 finished in 1.8s
[07:57:21] IG text subset=0 steps=64 error=[1e-06, 1e-06] passed=True
[07:57:21] IG text subset=2 steps=64 error=[0.0, 0.0] passed=True
[07:57:21] IG text subset=4 steps=64 error=[3.3e-05, 4.4e-05] passed=True
[07:57:21] IG text subset=6 steps=64 error=[5e-06, 2e-06] passed=True
[07:57:21] IG audio subset=0 steps=64 error=[0.0, 0.0] passed=True
[07:57:21] IG audio subset=1 steps=64 error=[1e-06, 1e-06] passed=True
[07:57:21] IG audio subset=4 steps=64 error=[1e-06, 0.0] passed=True
[07:57:21] IG audio subset=5 steps=64 error=[1e-06, 0.0] passed=True
[07:57:21] IG vision subset=0 steps=64 error=[1e-06, 0.0] passed=True
[07:57:21] IG vision subset=1 steps=64 error=[0.0, 0.0] passed=True
[07:57:21] IG vision subset=2 steps=64 error=[1e-06, 0.0] passed=True
[07:57:21] IG vision subset=3 steps=64 error=[1e-06, 0.0] passed=True
[07:57:21] IG text subset=0 steps=64 error=[1e-06, 1e-06] passed=True
[07:57:22] IG text subset=2 steps=64 error=[0.0, 0.0] passed=True
[07:57:22] IG text subset=4 steps=64 error=[0.012441, 0.005012] passed=True
[07:57:22] IG text subset=6 steps=64 error=[0.001239, 0.001272] passed=True
[07:57:22] IG audio subset=0 steps=64 error=[0.0, 0.0] passed=True
[07:57:22] IG audio subset=1 steps=64 error=[1e-06, 1e-06] passed=True
[07:57:22] IG audio subset=4 steps=64 error=[0.0, 0.0] passed=True
[07:57:22] IG audio subset=5 steps=64 error=[1e-06, 1e-06] passed=True
[07:57:22] IG vision subset=0 steps=64 error=[0.0, 0.0] passed=True
[07:57:22] IG vision subset=1 steps=64 error=[0.0, 0.0] passed=True
[07:57:22] IG vision subset=2 steps=64 error=[0.0, 0.0] passed=True
[07:57:22] IG vision subset=3 steps=64 error=[0.0, 0.0] passed=True
[07:57:22] Validation detail 13/60: v0143 finished in 1.8s
[07:57:23] IG text subset=0 steps=64 error=[4e-06, 1e-06] passed=True
[07:57:23] IG text subset=2 steps=64 error=[4e-06, 1e-06] passed=True
[07:57:23] IG text subset=4 steps=64 error=[4e-06, 1e-06] passed=True
[07:57:23] IG text subset=6 steps=64 error=[3e-06, 2e-06] passed=True
[07:57:23] IG audio subset=0 steps=64 error=[0.0, 0.0] passed=True
[07:57:23] IG audio subset=1 steps=64 error=[0.0, 0.0] passed=True
[07:57:23] IG audio subset=4 steps=64 error=[0.0, 0.0] passed=True
[07:57:23] IG audio subset=5 steps=64 error=[0.0, 0.0] passed=True
[07:57:23] IG vision subset=0 steps=64 error=[0.0, 0.0] passed=True
[07:57:23] IG vision subset=1 steps=64 error=[0.0, 0.0] passed=True
[07:57:23] IG vision subset=2 steps=64 error=[1e-06, 0.0] passed=True
[07:57:23] IG vision subset=3 steps=64 error=[0.0, 0.0] passed=True
[07:57:23] IG text subset=0 steps=64 error=[2e-06, 0.0] passed=True
[07:57:23] IG text subset=2 steps=64 error=[1e-06, 0.0] passed=True
[07:57:23] IG text subset=4 steps=64 error=[2.4e-05, 7e-06] passed=True
[07:57:23] IG text subset=6 steps=64 error=[2e-06, 1e-06] passed=True
[07:57:24] IG audio subset=0 steps=64 error=[0.0, 0.0] passed=True
[07:57:24] IG audio subset=1 steps=64 error=[0.0, 0.0] passed=True
[07:57:24] IG audio subset=4 steps=64 error=[0.0, 0.0] passed=True
[07:57:24] IG audio subset=5 steps=64 error=[0.0, 0.0] passed=True
[07:57:24] IG vision subset=0 steps=64 error=[1e-06, 0.0] passed=True
[07:57:24] IG vision subset=1 steps=64 error=[0.0, 0.0] passed=True
[07:57:24] IG vision subset=2 steps=64 error=[0.0, 0.0] passed=True
[07:57:24] IG vision subset=3 steps=64 error=[0.0, 0.0] passed=True
[07:57:24] Validation detail 14/60: v0144 finished in 1.7s
[07:57:24] IG text subset=0 steps=64 error=[1e-06, 0.0] passed=True
[07:57:24] IG text subset=2 steps=64 error=[0.0, 0.0] passed=True
[07:57:24] IG text subset=4 steps=64 error=[2e-06, 1e-06] passed=True
[07:57:24] IG text subset=6 steps=64 error=[2e-06, 1e-06] passed=True
[07:57:25] IG audio subset=0 steps=64 error=[1e-06, 0.0] passed=True
[07:57:25] IG audio subset=1 steps=64 error=[0.0, 0.0] passed=True
[07:57:25] IG audio subset=4 steps=64 error=[0.0, 0.0] passed=True
[07:57:25] IG audio subset=5 steps=64 error=[0.0, 0.0] passed=True
[07:57:25] IG vision subset=0 steps=64 error=[0.0, 0.0] passed=True
[07:57:25] IG vision subset=1 steps=64 error=[0.0, 0.0] passed=True
[07:57:25] IG vision subset=2 steps=64 error=[1e-06, 0.0] passed=True
[07:57:25] IG vision subset=3 steps=64 error=[0.0, 0.0] passed=True
[07:57:25] IG text subset=0 steps=64 error=[0.0, 0.0] passed=True
[07:57:25] IG text subset=2 steps=64 error=[0.0, 0.0] passed=True
[07:57:25] IG text subset=4 steps=64 error=[1e-06, 0.0] passed=True
[07:57:25] IG text subset=6 steps=64 error=[1e-06, 0.0] passed=True
[07:57:25] IG audio subset=0 steps=64 error=[0.0, 0.0] passed=True
[07:57:25] IG audio subset=1 steps=64 error=[0.0, 0.0] passed=True
[07:57:25] IG audio subset=4 steps=64 error=[0.0, 0.0] passed=True
[07:57:25] IG audio subset=5 steps=64 error=[0.0, 0.0] passed=True
[07:57:25] IG vision subset=0 steps=64 error=[0.0, 0.0] passed=True
[07:57:26] IG vision subset=1 steps=64 error=[0.0, 0.0] passed=True
[07:57:26] IG vision subset=2 steps=64 error=[0.0, 0.0] passed=True
[07:57:26] IG vision subset=3 steps=64 error=[0.0, 0.0] passed=True
[07:57:26] Validation detail 15/60: v0156 finished in 1.7s
[07:57:26] IG text subset=0 steps=64 error=[0.0, 0.0] passed=True
[07:57:26] IG text subset=2 steps=64 error=[0.0, 0.0] passed=True
[07:57:26] IG text subset=4 steps=64 error=[0.0, 0.0] passed=True
[07:57:26] IG text subset=6 steps=64 error=[0.0, 0.0] passed=True
[07:57:26] IG audio subset=0 steps=64 error=[0.0, 0.0] passed=True
[07:57:26] IG audio subset=1 steps=64 error=[0.0, 0.0] passed=True
[07:57:26] IG audio subset=4 steps=64 error=[0.0, 0.0] passed=True
[07:57:26] IG audio subset=5 steps=64 error=[0.0, 0.0] passed=True
[07:57:27] IG vision subset=0 steps=64 error=[0.0, 0.0] passed=True
[07:57:27] IG vision subset=1 steps=64 error=[0.0, 0.0] passed=True
[07:57:27] IG vision subset=2 steps=64 error=[0.0, 0.0] passed=True
[07:57:27] IG vision subset=3 steps=64 error=[0.0, 0.0] passed=True
[07:57:27] IG text subset=0 steps=64 error=[0.0, 0.0] passed=True
[07:57:27] IG text subset=2 steps=64 error=[1e-06, 0.0] passed=True
[07:57:27] IG text subset=4 steps=64 error=[0.0, 0.0] passed=True
[07:57:27] IG text subset=6 steps=64 error=[0.0, 0.0] passed=True
[07:57:27] IG audio subset=0 steps=64 error=[0.0, 0.0] passed=True
[07:57:27] IG audio subset=1 steps=64 error=[0.0, 0.0] passed=True
[07:57:27] IG audio subset=4 steps=64 error=[0.0, 0.0] passed=True
[07:57:27] IG audio subset=5 steps=64 error=[0.0, 0.0] passed=True
[07:57:27] IG vision subset=0 steps=64 error=[0.0, 0.0] passed=True
[07:57:27] IG vision subset=1 steps=64 error=[0.0, 0.0] passed=True
[07:57:27] IG vision subset=2 steps=64 error=[0.0, 0.0] passed=True
[07:57:27] IG vision subset=3 steps=64 error=[0.0, 0.0] passed=True
[07:57:28] Validation detail 16/60: v0161 finished in 1.7s
[07:57:28] IG text subset=0 steps=64 error=[0.0, 0.0] passed=True
[07:57:28] IG text subset=2 steps=64 error=[1e-06, 0.0] passed=True
[07:57:28] IG text subset=4 steps=64 error=[1e-06, 0.0] passed=True
[07:57:28] IG text subset=6 steps=64 error=[0.0, 0.0] passed=True
[07:57:28] IG audio subset=0 steps=64 error=[0.0, 0.0] passed=True
[07:57:28] IG audio subset=1 steps=64 error=[0.0, 0.0] passed=True
[07:57:28] IG audio subset=4 steps=64 error=[0.0, 0.0] passed=True
[07:57:28] IG audio subset=5 steps=64 error=[0.0, 0.0] passed=True
[07:57:28] IG vision subset=0 steps=64 error=[1e-06, 0.0] passed=True
[07:57:28] IG vision subset=1 steps=64 error=[0.0, 0.0] passed=True
[07:57:28] IG vision subset=2 steps=64 error=[1e-06, 0.0] passed=True
[07:57:29] IG vision subset=3 steps=64 error=[0.0, 0.0] passed=True
[07:57:29] IG text subset=0 steps=64 error=[0.0, 0.0] passed=True
[07:57:29] IG text subset=2 steps=64 error=[0.0, 0.0] passed=True
[07:57:29] IG text subset=4 steps=64 error=[0.0, 0.0] passed=True
[07:57:29] IG text subset=6 steps=64 error=[0.0, 0.0] passed=True
[07:57:29] IG audio subset=0 steps=64 error=[0.0, 0.0] passed=True
[07:57:29] IG audio subset=1 steps=64 error=[0.0, 0.0] passed=True
[07:57:29] IG audio subset=4 steps=64 error=[0.0, 0.0] passed=True
[07:57:29] IG audio subset=5 steps=64 error=[0.0, 0.0] passed=True
[07:57:29] IG vision subset=0 steps=64 error=[0.0, 0.0] passed=True
[07:57:29] IG vision subset=1 steps=64 error=[1e-06, 0.0] passed=True
[07:57:29] IG vision subset=2 steps=64 error=[0.0, 0.0] passed=True
[07:57:29] IG vision subset=3 steps=64 error=[0.0, 0.0] passed=True
[07:57:30] Validation detail 17/60: v0182 finished in 1.8s
[07:57:30] IG text subset=0 steps=64 error=[2e-06, 1e-06] passed=True
[07:57:30] IG text subset=2 steps=64 error=[1e-06, 1e-06] passed=True
[07:57:30] IG text subset=4 steps=64 error=[7e-06, 6e-06] passed=True
[07:57:30] IG text subset=6 steps=64 error=[1.1e-05, 6e-06] passed=True
[07:57:30] IG audio subset=0 steps=64 error=[1e-06, 0.0] passed=True
[07:57:30] IG audio subset=1 steps=64 error=[0.0, 0.0] passed=True
[07:57:30] IG audio subset=4 steps=64 error=[0.0, 0.0] passed=True
[07:57:30] IG audio subset=5 steps=64 error=[0.0, 0.0] passed=True
[07:57:30] IG vision subset=0 steps=64 error=[1e-06, 0.0] passed=True
[07:57:30] IG vision subset=1 steps=64 error=[1e-06, 0.0] passed=True
[07:57:30] IG vision subset=2 steps=64 error=[0.0, 0.0] passed=True
[07:57:30] IG vision subset=3 steps=64 error=[1e-06, 0.0] passed=True
[07:57:30] IG text subset=0 steps=64 error=[5e-06, 1e-06] passed=True
[07:57:30] IG text subset=2 steps=64 error=[3e-06, 2e-06] passed=True
[07:57:31] IG text subset=4 steps=64 error=[0.000144, 0.000178] passed=True
[07:57:31] IG text subset=6 steps=64 error=[3.9e-05, 5.8e-05] passed=True
[07:57:31] IG audio subset=0 steps=64 error=[0.0, 0.0] passed=True
[07:57:31] IG audio subset=1 steps=64 error=[1e-06, 0.0] passed=True
[07:57:31] IG audio subset=4 steps=64 error=[0.0, 0.0] passed=True
[07:57:31] IG audio subset=5 steps=64 error=[0.0, 0.0] passed=True
[07:57:31] IG vision subset=0 steps=64 error=[0.0, 0.0] passed=True
[07:57:31] IG vision subset=1 steps=64 error=[0.0, 0.0] passed=True
[07:57:31] IG vision subset=2 steps=64 error=[0.0, 0.0] passed=True
[07:57:31] IG vision subset=3 steps=64 error=[1e-06, 0.0] passed=True
[07:57:31] Validation detail 18/60: v0189 finished in 1.8s
[07:57:31] IG text subset=0 steps=64 error=[0.0, 0.0] passed=True
[07:57:32] IG text subset=2 steps=64 error=[0.0, 0.0] passed=True
[07:57:32] IG text subset=4 steps=64 error=[1e-06, 0.0] passed=True
[07:57:32] IG text subset=6 steps=64 error=[1e-06, 1e-06] passed=True
[07:57:32] IG audio subset=0 steps=64 error=[0.0, 0.0] passed=True
[07:57:32] IG audio subset=1 steps=64 error=[0.0, 0.0] passed=True
[07:57:32] IG audio subset=4 steps=64 error=[0.0, 0.0] passed=True
[07:57:32] IG audio subset=5 steps=64 error=[0.0, 0.0] passed=True
[07:57:32] IG vision subset=0 steps=64 error=[1e-06, 0.0] passed=True
[07:57:32] IG vision subset=1 steps=64 error=[0.0, 0.0] passed=True
[07:57:32] IG vision subset=2 steps=64 error=[0.0, 0.0] passed=True
[07:57:32] IG vision subset=3 steps=64 error=[1e-06, 0.0] passed=True
[07:57:32] IG text subset=0 steps=64 error=[0.0, 0.0] passed=True
[07:57:32] IG text subset=2 steps=64 error=[1e-06, 0.0] passed=True
[07:57:32] IG text subset=4 steps=64 error=[1e-06, 0.0] passed=True
[07:57:32] IG text subset=6 steps=64 error=[1e-06, 1e-06] passed=True
[07:57:33] IG audio subset=0 steps=64 error=[0.0, 0.0] passed=True
[07:57:33] IG audio subset=1 steps=64 error=[1e-06, 0.0] passed=True
[07:57:33] IG audio subset=4 steps=64 error=[0.0, 0.0] passed=True
[07:57:33] IG audio subset=5 steps=64 error=[0.0, 0.0] passed=True
[07:57:33] IG vision subset=0 steps=64 error=[0.0, 0.0] passed=True
[07:57:33] IG vision subset=1 steps=64 error=[0.0, 0.0] passed=True
[07:57:33] IG vision subset=2 steps=64 error=[0.0, 0.0] passed=True
[07:57:33] IG vision subset=3 steps=64 error=[1e-06, 0.0] passed=True
[07:57:33] Validation detail 19/60: v0207 finished in 1.8s
[07:57:33] IG text subset=0 steps=64 error=[0.0, 0.0] passed=True
[07:57:33] IG text subset=2 steps=64 error=[0.0, 0.0] passed=True
[07:57:33] IG text subset=4 steps=64 error=[2e-06, 1e-06] passed=True
[07:57:34] IG text subset=6 steps=64 error=[2e-06, 0.0] passed=True
[07:57:34] IG audio subset=0 steps=64 error=[0.0, 0.0] passed=True
[07:57:34] IG audio subset=1 steps=64 error=[0.0, 0.0] passed=True
[07:57:34] IG audio subset=4 steps=64 error=[0.0, 0.0] passed=True
[07:57:34] IG audio subset=5 steps=64 error=[0.0, 0.0] passed=True
[07:57:34] IG vision subset=0 steps=64 error=[1e-06, 0.0] passed=True
[07:57:34] IG vision subset=1 steps=64 error=[0.0, 0.0] passed=True
[07:57:34] IG vision subset=2 steps=64 error=[1e-06, 0.0] passed=True
[07:57:34] IG vision subset=3 steps=64 error=[0.0, 0.0] passed=True
[07:57:34] IG text subset=0 steps=64 error=[1e-06, 0.0] passed=True
[07:57:34] IG text subset=2 steps=64 error=[1e-06, 0.0] passed=True
[07:57:34] IG text subset=4 steps=64 error=[2e-06, 0.0] passed=True
[07:57:34] IG text subset=6 steps=64 error=[1e-06, 0.0] passed=True
[07:57:34] IG audio subset=0 steps=64 error=[0.0, 0.0] passed=True
[07:57:34] IG audio subset=1 steps=64 error=[0.0, 0.0] passed=True
[07:57:34] IG audio subset=4 steps=64 error=[0.0, 0.0] passed=True
[07:57:35] IG audio subset=5 steps=64 error=[1e-06, 0.0] passed=True
[07:57:35] IG vision subset=0 steps=64 error=[0.0, 0.0] passed=True
[07:57:35] IG vision subset=1 steps=64 error=[0.0, 0.0] passed=True
[07:57:35] IG vision subset=2 steps=64 error=[0.0, 0.0] passed=True
[07:57:35] IG vision subset=3 steps=64 error=[0.0, 0.0] passed=True
[07:57:35] Validation detail 20/60: v0218 finished in 1.8s
[07:57:35] IG text subset=0 steps=64 error=[0.0, 0.0] passed=True
[07:57:35] IG text subset=2 steps=64 error=[0.0, 0.0] passed=True
[07:57:35] IG text subset=4 steps=64 error=[0.0, 0.0] passed=True
[07:57:35] IG text subset=6 steps=64 error=[0.0, 0.0] passed=True
[07:57:35] IG audio subset=0 steps=64 error=[0.0, 0.0] passed=True
[07:57:35] IG audio subset=1 steps=64 error=[0.0, 0.0] passed=True
[07:57:36] IG audio subset=4 steps=64 error=[0.0, 0.0] passed=True
[07:57:36] IG audio subset=5 steps=64 error=[0.0, 0.0] passed=True
[07:57:36] IG vision subset=0 steps=64 error=[0.0, 0.0] passed=True
[07:57:36] IG vision subset=1 steps=64 error=[0.0, 0.0] passed=True
[07:57:36] IG vision subset=2 steps=64 error=[0.0, 0.0] passed=True
[07:57:36] IG vision subset=3 steps=64 error=[0.0, 0.0] passed=True
[07:57:36] IG text subset=0 steps=64 error=[0.0, 0.0] passed=True
[07:57:36] IG text subset=2 steps=64 error=[1e-06, 0.0] passed=True
[07:57:36] IG text subset=4 steps=64 error=[0.0, 0.0] passed=True
[07:57:36] IG text subset=6 steps=64 error=[0.0, 0.0] passed=True
[07:57:36] IG audio subset=0 steps=64 error=[0.0, 0.0] passed=True
[07:57:36] IG audio subset=1 steps=64 error=[0.0, 0.0] passed=True
[07:57:36] IG audio subset=4 steps=64 error=[0.0, 0.0] passed=True
[07:57:36] IG audio subset=5 steps=64 error=[0.0, 0.0] passed=True
[07:57:37] IG vision subset=0 steps=64 error=[0.0, 0.0] passed=True
[07:57:37] IG vision subset=1 steps=64 error=[0.0, 0.0] passed=True
[07:57:37] IG vision subset=2 steps=64 error=[0.0, 0.0] passed=True
[07:57:37] IG vision subset=3 steps=64 error=[0.0, 0.0] passed=True
[07:57:37] Validation detail 21/60: v0230 finished in 2.0s
[07:57:37] IG text subset=0 steps=64 error=[0.0, 0.0] passed=True
[07:57:37] IG text subset=2 steps=64 error=[0.0, 0.0] passed=True
[07:57:37] IG text subset=4 steps=64 error=[1e-06, 1e-06] passed=True
[07:57:37] IG text subset=6 steps=64 error=[2e-06, 1e-06] passed=True
[07:57:37] IG audio subset=0 steps=64 error=[0.0, 0.0] passed=True
[07:57:37] IG audio subset=1 steps=64 error=[0.0, 0.0] passed=True
[07:57:38] IG audio subset=4 steps=64 error=[0.0, 0.0] passed=True
[07:57:38] IG audio subset=5 steps=64 error=[0.0, 0.0] passed=True
[07:57:38] IG vision subset=0 steps=64 error=[1e-06, 0.0] passed=True
[07:57:38] IG vision subset=1 steps=64 error=[0.0, 0.0] passed=True
[07:57:38] IG vision subset=2 steps=64 error=[0.0, 0.0] passed=True
[07:57:38] IG vision subset=3 steps=64 error=[0.0, 0.0] passed=True
[07:57:38] IG text subset=0 steps=64 error=[0.0, 0.0] passed=True
[07:57:38] IG text subset=2 steps=64 error=[0.0, 0.0] passed=True
[07:57:38] IG text subset=4 steps=64 error=[2e-06, 1e-06] passed=True
[07:57:38] IG text subset=6 steps=64 error=[7e-06, 2e-06] passed=True
[07:57:38] IG audio subset=0 steps=64 error=[0.0, 0.0] passed=True
[07:57:38] IG audio subset=1 steps=64 error=[0.0, 0.0] passed=True
[07:57:38] IG audio subset=4 steps=64 error=[0.0, 0.0] passed=True
[07:57:38] IG audio subset=5 steps=64 error=[0.0, 0.0] passed=True
[07:57:38] IG vision subset=0 steps=64 error=[0.0, 0.0] passed=True
[07:57:38] IG vision subset=1 steps=64 error=[0.0, 0.0] passed=True
[07:57:39] IG vision subset=2 steps=64 error=[0.0, 0.0] passed=True
[07:57:39] IG vision subset=3 steps=64 error=[0.0, 0.0] passed=True
[07:57:39] Validation detail 22/60: v0243 finished in 1.8s
[07:57:39] IG text subset=0 steps=64 error=[1e-06, 0.0] passed=True
[07:57:39] IG text subset=2 steps=64 error=[1e-06, 0.0] passed=True
[07:57:39] IG text subset=4 steps=64 error=[2e-06, 1e-06] passed=True
[07:57:39] IG text subset=6 steps=64 error=[1e-06, 1e-06] passed=True
[07:57:39] IG audio subset=0 steps=64 error=[0.0, 0.0] passed=True
[07:57:39] IG audio subset=1 steps=64 error=[0.0, 0.0] passed=True
[07:57:39] IG audio subset=4 steps=64 error=[0.0, 0.0] passed=True
[07:57:39] IG audio subset=5 steps=64 error=[0.0, 0.0] passed=True
[07:57:39] IG vision subset=0 steps=64 error=[0.0, 0.0] passed=True
[07:57:40] IG vision subset=1 steps=64 error=[1e-06, 1e-06] passed=True
[07:57:40] IG vision subset=2 steps=64 error=[0.0, 0.0] passed=True
[07:57:40] IG vision subset=3 steps=64 error=[1e-06, 0.0] passed=True
[07:57:40] IG text subset=0 steps=64 error=[0.0, 0.0] passed=True
[07:57:40] IG text subset=2 steps=64 error=[0.0, 0.0] passed=True
[07:57:40] IG text subset=4 steps=64 error=[2.7e-05, 1.1e-05] passed=True
[07:57:40] IG text subset=6 steps=64 error=[0.0, 1e-06] passed=True
[07:57:40] IG audio subset=0 steps=64 error=[0.0, 0.0] passed=True
[07:57:40] IG audio subset=1 steps=64 error=[0.0, 0.0] passed=True
[07:57:40] IG audio subset=4 steps=64 error=[0.0, 0.0] passed=True
[07:57:40] IG audio subset=5 steps=64 error=[0.0, 0.0] passed=True
[07:57:40] IG vision subset=0 steps=64 error=[0.0, 0.0] passed=True
[07:57:40] IG vision subset=1 steps=64 error=[1e-06, 0.0] passed=True
[07:57:40] IG vision subset=2 steps=64 error=[0.0, 0.0] passed=True
[07:57:40] IG vision subset=3 steps=64 error=[1e-06, 0.0] passed=True
[07:57:41] Validation detail 23/60: v0249 finished in 1.8s
[07:57:41] IG text subset=0 steps=64 error=[0.0, 0.0] passed=True
[07:57:41] IG text subset=2 steps=64 error=[0.0, 0.0] passed=True
[07:57:41] IG text subset=4 steps=64 error=[1e-06, 0.0] passed=True
[07:57:41] IG text subset=6 steps=64 error=[0.0, 0.0] passed=True
[07:57:41] IG audio subset=0 steps=64 error=[0.0, 0.0] passed=True
[07:57:41] IG audio subset=1 steps=64 error=[0.0, 0.0] passed=True
[07:57:41] IG audio subset=4 steps=64 error=[0.0, 0.0] passed=True
[07:57:41] IG audio subset=5 steps=64 error=[0.0, 0.0] passed=True
[07:57:41] IG vision subset=0 steps=64 error=[1e-06, 0.0] passed=True
[07:57:41] IG vision subset=1 steps=64 error=[0.0, 0.0] passed=True
[07:57:41] IG vision subset=2 steps=64 error=[0.0, 0.0] passed=True
[07:57:41] IG vision subset=3 steps=64 error=[0.0, 0.0] passed=True
[07:57:42] IG text subset=0 steps=64 error=[1e-06, 0.0] passed=True
[07:57:42] IG text subset=2 steps=64 error=[0.0, 0.0] passed=True
[07:57:42] IG text subset=4 steps=64 error=[0.0, 0.0] passed=True
[07:57:42] IG text subset=6 steps=64 error=[0.0, 0.0] passed=True
[07:57:42] IG audio subset=0 steps=64 error=[0.0, 0.0] passed=True
[07:57:42] IG audio subset=1 steps=64 error=[0.0, 0.0] passed=True
[07:57:42] IG audio subset=4 steps=64 error=[0.0, 0.0] passed=True
[07:57:42] IG audio subset=5 steps=64 error=[0.0, 0.0] passed=True
[07:57:42] IG vision subset=0 steps=64 error=[0.0, 0.0] passed=True
[07:57:42] IG vision subset=1 steps=64 error=[0.0, 0.0] passed=True
[07:57:42] IG vision subset=2 steps=64 error=[0.0, 0.0] passed=True
[07:57:42] IG vision subset=3 steps=64 error=[0.0, 0.0] passed=True
[07:57:43] Validation detail 24/60: v0257 finished in 1.8s
[07:57:43] IG text subset=0 steps=64 error=[1e-06, 0.0] passed=True
[07:57:43] IG text subset=2 steps=64 error=[1e-06, 0.0] passed=True
[07:57:43] IG text subset=4 steps=64 error=[3e-06, 1e-06] passed=True
[07:57:43] IG text subset=6 steps=64 error=[2e-06, 1e-06] passed=True
[07:57:43] IG audio subset=0 steps=64 error=[0.0, 0.0] passed=True
[07:57:43] IG audio subset=1 steps=64 error=[0.0, 0.0] passed=True
[07:57:43] IG audio subset=4 steps=64 error=[0.0, 0.0] passed=True
[07:57:43] IG audio subset=5 steps=64 error=[0.0, 0.0] passed=True
[07:57:43] IG vision subset=0 steps=64 error=[1e-06, 0.0] passed=True
[07:57:43] IG vision subset=1 steps=64 error=[0.0, 0.0] passed=True
[07:57:43] IG vision subset=2 steps=64 error=[0.0, 0.0] passed=True
[07:57:43] IG vision subset=3 steps=64 error=[0.0, 0.0] passed=True
[07:57:43] IG text subset=0 steps=64 error=[1e-06, 0.0] passed=True
[07:57:43] IG text subset=2 steps=64 error=[1e-06, 0.0] passed=True
[07:57:43] IG text subset=4 steps=64 error=[2e-06, 1e-06] passed=True
[07:57:44] IG text subset=6 steps=64 error=[2e-06, 1e-06] passed=True
[07:57:44] IG audio subset=0 steps=64 error=[0.0, 0.0] passed=True
[07:57:44] IG audio subset=1 steps=64 error=[0.0, 0.0] passed=True
[07:57:44] IG audio subset=4 steps=64 error=[0.0, 0.0] passed=True
[07:57:44] IG audio subset=5 steps=64 error=[0.0, 0.0] passed=True
[07:57:44] IG vision subset=0 steps=64 error=[0.0, 0.0] passed=True
[07:57:44] IG vision subset=1 steps=64 error=[0.0, 0.0] passed=True
[07:57:44] IG vision subset=2 steps=64 error=[0.0, 0.0] passed=True
[07:57:44] IG vision subset=3 steps=64 error=[0.0, 0.0] passed=True
[07:57:44] Validation detail 25/60: v0264 finished in 1.8s
[07:57:44] IG text subset=0 steps=64 error=[0.0, 0.0] passed=True
[07:57:45] IG text subset=2 steps=64 error=[0.0, 0.0] passed=True
[07:57:45] IG text subset=4 steps=64 error=[1e-06, 0.0] passed=True
[07:57:45] IG text subset=6 steps=64 error=[1e-06, 0.0] passed=True
[07:57:45] IG audio subset=0 steps=64 error=[0.0, 0.0] passed=True
[07:57:45] IG audio subset=1 steps=64 error=[0.0, 0.0] passed=True
[07:57:45] IG audio subset=4 steps=64 error=[0.0, 0.0] passed=True
[07:57:45] IG audio subset=5 steps=64 error=[0.0, 0.0] passed=True
[07:57:45] IG vision subset=0 steps=64 error=[0.0, 0.0] passed=True
[07:57:45] IG vision subset=1 steps=64 error=[0.0, 0.0] passed=True
[07:57:45] IG vision subset=2 steps=64 error=[0.0, 0.0] passed=True
[07:57:45] IG vision subset=3 steps=64 error=[0.0, 0.0] passed=True
[07:57:45] IG text subset=0 steps=64 error=[1e-06, 0.0] passed=True
[07:57:45] IG text subset=2 steps=64 error=[1e-06, 0.0] passed=True
[07:57:45] IG text subset=4 steps=64 error=[0.0, 0.0] passed=True
[07:57:45] IG text subset=6 steps=64 error=[1e-06, 0.0] passed=True
[07:57:45] IG audio subset=0 steps=64 error=[0.0, 0.0] passed=True
[07:57:46] IG audio subset=1 steps=64 error=[0.0, 0.0] passed=True
[07:57:46] IG audio subset=4 steps=64 error=[0.0, 0.0] passed=True
[07:57:46] IG audio subset=5 steps=64 error=[0.0, 0.0] passed=True
[07:57:46] IG vision subset=0 steps=64 error=[0.0, 0.0] passed=True
[07:57:46] IG vision subset=1 steps=64 error=[0.0, 0.0] passed=True
[07:57:46] IG vision subset=2 steps=64 error=[0.0, 0.0] passed=True
[07:57:46] IG vision subset=3 steps=64 error=[0.0, 0.0] passed=True
[07:57:46] Validation detail 26/60: v0289 finished in 1.8s
[07:57:46] IG text subset=0 steps=64 error=[1e-06, 0.0] passed=True
[07:57:46] IG text subset=2 steps=64 error=[1e-06, 1e-06] passed=True
[07:57:46] IG text subset=4 steps=64 error=[3e-06, 1e-06] passed=True
[07:57:46] IG text subset=6 steps=64 error=[2e-06, 1e-06] passed=True
[07:57:47] IG audio subset=0 steps=64 error=[0.0, 0.0] passed=True
[07:57:47] IG audio subset=1 steps=64 error=[1e-06, 0.0] passed=True
[07:57:47] IG audio subset=4 steps=64 error=[0.0, 0.0] passed=True
[07:57:47] IG audio subset=5 steps=64 error=[0.0, 0.0] passed=True
[07:57:47] IG vision subset=0 steps=64 error=[1e-06, 0.0] passed=True
[07:57:47] IG vision subset=1 steps=64 error=[0.0, 0.0] passed=True
[07:57:47] IG vision subset=2 steps=64 error=[0.0, 0.0] passed=True
[07:57:47] IG vision subset=3 steps=64 error=[1e-06, 0.0] passed=True
[07:57:47] IG text subset=0 steps=64 error=[0.0, 0.0] passed=True
[07:57:47] IG text subset=2 steps=64 error=[1e-06, 0.0] passed=True
[07:57:47] IG text subset=4 steps=64 error=[1e-06, 1e-06] passed=True
[07:57:47] IG text subset=6 steps=64 error=[1e-06, 1e-06] passed=True
[07:57:47] IG audio subset=0 steps=64 error=[0.0, 0.0] passed=True
[07:57:47] IG audio subset=1 steps=64 error=[0.0, 0.0] passed=True
[07:57:47] IG audio subset=4 steps=64 error=[0.0, 0.0] passed=True
[07:57:47] IG audio subset=5 steps=64 error=[0.0, 0.0] passed=True
[07:57:48] IG vision subset=0 steps=64 error=[1e-06, 0.0] passed=True
[07:57:48] IG vision subset=1 steps=64 error=[0.0, 0.0] passed=True
[07:57:48] IG vision subset=2 steps=64 error=[1e-06, 0.0] passed=True
[07:57:48] IG vision subset=3 steps=64 error=[0.0, 0.0] passed=True
[07:57:48] Validation detail 27/60: v0300 finished in 1.8s
[07:57:48] IG text subset=0 steps=64 error=[0.0, 0.0] passed=True
[07:57:48] IG text subset=2 steps=64 error=[0.0, 0.0] passed=True
[07:57:48] IG text subset=4 steps=64 error=[0.0, 0.0] passed=True
[07:57:48] IG text subset=6 steps=64 error=[0.0, 0.0] passed=True
[07:57:48] IG audio subset=0 steps=64 error=[0.0, 0.0] passed=True
[07:57:48] IG audio subset=1 steps=64 error=[0.0, 0.0] passed=True
[07:57:48] IG audio subset=4 steps=64 error=[0.0, 0.0] passed=True
[07:57:49] IG audio subset=5 steps=64 error=[0.0, 0.0] passed=True
[07:57:49] IG vision subset=0 steps=64 error=[0.0, 0.0] passed=True
[07:57:49] IG vision subset=1 steps=64 error=[0.0, 0.0] passed=True
[07:57:49] IG vision subset=2 steps=64 error=[0.0, 0.0] passed=True
[07:57:49] IG vision subset=3 steps=64 error=[0.0, 0.0] passed=True
[07:57:49] IG text subset=0 steps=64 error=[0.0, 0.0] passed=True
[07:57:49] IG text subset=2 steps=64 error=[0.0, 0.0] passed=True
[07:57:49] IG text subset=4 steps=64 error=[0.0, 0.0] passed=True
[07:57:49] IG text subset=6 steps=64 error=[0.0, 0.0] passed=True
[07:57:49] IG audio subset=0 steps=64 error=[0.0, 0.0] passed=True
[07:57:49] IG audio subset=1 steps=64 error=[0.0, 0.0] passed=True
[07:57:49] IG audio subset=4 steps=64 error=[0.0, 0.0] passed=True
[07:57:49] IG audio subset=5 steps=64 error=[0.0, 0.0] passed=True
[07:57:49] IG vision subset=0 steps=64 error=[0.0, 0.0] passed=True
[07:57:49] IG vision subset=1 steps=64 error=[0.0, 0.0] passed=True
[07:57:50] IG vision subset=2 steps=64 error=[0.0, 0.0] passed=True
[07:57:50] IG vision subset=3 steps=64 error=[0.0, 0.0] passed=True
[07:57:50] Validation detail 28/60: v0312 finished in 1.8s
[07:57:50] IG text subset=0 steps=64 error=[0.0, 0.0] passed=True
[07:57:50] IG text subset=2 steps=64 error=[0.0, 0.0] passed=True
[07:57:50] IG text subset=4 steps=64 error=[1e-06, 0.0] passed=True
[07:57:50] IG text subset=6 steps=64 error=[0.0, 0.0] passed=True
[07:57:50] IG audio subset=0 steps=64 error=[0.0, 0.0] passed=True
[07:57:50] IG audio subset=1 steps=64 error=[0.0, 0.0] passed=True
[07:57:50] IG audio subset=4 steps=64 error=[0.0, 0.0] passed=True
[07:57:50] IG audio subset=5 steps=64 error=[0.0, 0.0] passed=True
[07:57:50] IG vision subset=0 steps=64 error=[0.0, 0.0] passed=True
[07:57:51] IG vision subset=1 steps=64 error=[0.0, 0.0] passed=True
[07:57:51] IG vision subset=2 steps=64 error=[0.0, 0.0] passed=True
[07:57:51] IG vision subset=3 steps=64 error=[0.0, 0.0] passed=True
[07:57:51] IG text subset=0 steps=64 error=[0.0, 0.0] passed=True
[07:57:51] IG text subset=2 steps=64 error=[0.0, 0.0] passed=True
[07:57:51] IG text subset=4 steps=64 error=[0.0, 0.0] passed=True
[07:57:51] IG text subset=6 steps=64 error=[0.0, 0.0] passed=True
[07:57:51] IG audio subset=0 steps=64 error=[0.0, 0.0] passed=True
[07:57:51] IG audio subset=1 steps=64 error=[0.0, 0.0] passed=True
[07:57:51] IG audio subset=4 steps=64 error=[0.0, 0.0] passed=True
[07:57:51] IG audio subset=5 steps=64 error=[0.0, 0.0] passed=True
[07:57:51] IG vision subset=0 steps=64 error=[0.0, 0.0] passed=True
[07:57:51] IG vision subset=1 steps=64 error=[1e-06, 0.0] passed=True
[07:57:51] IG vision subset=2 steps=64 error=[0.0, 0.0] passed=True
[07:57:51] IG vision subset=3 steps=64 error=[0.0, 0.0] passed=True
[07:57:52] Validation detail 29/60: v0338 finished in 1.8s
[07:57:52] IG text subset=0 steps=64 error=[0.0, 0.0] passed=True
[07:57:52] IG text subset=2 steps=64 error=[1e-06, 0.0] passed=True
[07:57:52] IG text subset=4 steps=64 error=[0.0, 0.0] passed=True
[07:57:52] IG text subset=6 steps=64 error=[0.0, 0.0] passed=True
[07:57:52] IG audio subset=0 steps=64 error=[0.0, 0.0] passed=True
[07:57:52] IG audio subset=1 steps=64 error=[0.0, 0.0] passed=True
[07:57:52] IG audio subset=4 steps=64 error=[0.0, 0.0] passed=True
[07:57:52] IG audio subset=5 steps=64 error=[0.0, 0.0] passed=True
[07:57:52] IG vision subset=0 steps=64 error=[1e-06, 0.0] passed=True
[07:57:52] IG vision subset=1 steps=64 error=[0.0, 0.0] passed=True
[07:57:52] IG vision subset=2 steps=64 error=[1e-06, 0.0] passed=True
[07:57:52] IG vision subset=3 steps=64 error=[0.0, 0.0] passed=True
[07:57:53] IG text subset=0 steps=64 error=[0.0, 0.0] passed=True
[07:57:53] IG text subset=2 steps=64 error=[1e-06, 0.0] passed=True
[07:57:53] IG text subset=4 steps=64 error=[0.0, 0.0] passed=True
[07:57:53] IG text subset=6 steps=64 error=[0.0, 0.0] passed=True
[07:57:53] IG audio subset=0 steps=64 error=[0.0, 0.0] passed=True
[07:57:53] IG audio subset=1 steps=64 error=[0.0, 0.0] passed=True
[07:57:53] IG audio subset=4 steps=64 error=[0.0, 0.0] passed=True
[07:57:53] IG audio subset=5 steps=64 error=[0.0, 0.0] passed=True
[07:57:53] IG vision subset=0 steps=64 error=[0.0, 0.0] passed=True
[07:57:53] IG vision subset=1 steps=64 error=[0.0, 0.0] passed=True
[07:57:53] IG vision subset=2 steps=64 error=[0.0, 0.0] passed=True
[07:57:53] IG vision subset=3 steps=64 error=[0.0, 0.0] passed=True
[07:57:54] Validation detail 30/60: v0347 finished in 1.8s
[07:57:54] IG text subset=0 steps=64 error=[0.0, 0.0] passed=True
[07:57:54] IG text subset=2 steps=64 error=[0.0, 0.0] passed=True
[07:57:54] IG text subset=4 steps=64 error=[1e-06, 0.0] passed=True
[07:57:54] IG text subset=6 steps=64 error=[2e-06, 0.0] passed=True
[07:57:54] IG audio subset=0 steps=64 error=[0.0, 0.0] passed=True
[07:57:54] IG audio subset=1 steps=64 error=[0.0, 0.0] passed=True
[07:57:54] IG audio subset=4 steps=64 error=[0.0, 0.0] passed=True
[07:57:54] IG audio subset=5 steps=64 error=[1e-06, 0.0] passed=True
[07:57:54] IG vision subset=0 steps=64 error=[0.0, 0.0] passed=True
[07:57:54] IG vision subset=1 steps=64 error=[0.0, 0.0] passed=True
[07:57:54] IG vision subset=2 steps=64 error=[0.0, 0.0] passed=True
[07:57:54] IG vision subset=3 steps=64 error=[0.0, 0.0] passed=True
[07:57:54] IG text subset=0 steps=64 error=[0.0, 0.0] passed=True
[07:57:54] IG text subset=2 steps=64 error=[0.0, 0.0] passed=True
[07:57:54] IG text subset=4 steps=64 error=[0.0, 0.0] passed=True
[07:57:55] IG text subset=6 steps=64 error=[1e-06, 0.0] passed=True
[07:57:55] IG audio subset=0 steps=64 error=[0.0, 0.0] passed=True
[07:57:55] IG audio subset=1 steps=64 error=[0.0, 0.0] passed=True
[07:57:55] IG audio subset=4 steps=64 error=[0.0, 0.0] passed=True
[07:57:55] IG audio subset=5 steps=64 error=[0.0, 0.0] passed=True
[07:57:55] IG vision subset=0 steps=64 error=[0.0, 0.0] passed=True
[07:57:55] IG vision subset=1 steps=64 error=[0.0, 0.0] passed=True
[07:57:55] IG vision subset=2 steps=64 error=[0.0, 0.0] passed=True
[07:57:55] IG vision subset=3 steps=64 error=[0.0, 0.0] passed=True
[07:57:55] Validation detail 31/60: v0372 finished in 1.8s
[07:57:55] IG text subset=0 steps=64 error=[2e-06, 0.0] passed=True
[07:57:56] IG text subset=2 steps=64 error=[1e-06, 0.0] passed=True
[07:57:56] IG text subset=4 steps=64 error=[0.0, 1e-06] passed=True
[07:57:56] IG text subset=6 steps=64 error=[1e-06, 1e-06] passed=True
[07:57:56] IG audio subset=0 steps=64 error=[0.0, 0.0] passed=True
[07:57:56] IG audio subset=1 steps=64 error=[1e-06, 0.0] passed=True
[07:57:56] IG audio subset=4 steps=64 error=[0.0, 0.0] passed=True
[07:57:56] IG audio subset=5 steps=64 error=[1e-06, 0.0] passed=True
[07:57:56] IG vision subset=0 steps=64 error=[1e-06, 0.0] passed=True
[07:57:56] IG vision subset=1 steps=64 error=[0.0, 0.0] passed=True
[07:57:56] IG vision subset=2 steps=64 error=[1e-06, 0.0] passed=True
[07:57:56] IG vision subset=3 steps=64 error=[1e-06, 0.0] passed=True
[07:57:56] IG text subset=0 steps=64 error=[1e-06, 0.0] passed=True
[07:57:56] IG text subset=2 steps=64 error=[0.0, 0.0] passed=True
[07:57:56] IG text subset=4 steps=64 error=[9e-06, 3.2e-05] passed=True
[07:57:56] IG text subset=6 steps=64 error=[8.9e-05, 0.0] passed=True
[07:57:56] IG audio subset=0 steps=64 error=[0.0, 0.0] passed=True
[07:57:57] IG audio subset=1 steps=64 error=[1e-06, 0.0] passed=True
[07:57:57] IG audio subset=4 steps=64 error=[0.0, 0.0] passed=True
[07:57:57] IG audio subset=5 steps=64 error=[1e-06, 0.0] passed=True
[07:57:57] IG vision subset=0 steps=64 error=[1e-06, 0.0] passed=True
[07:57:57] IG vision subset=1 steps=64 error=[1e-06, 0.0] passed=True
[07:57:57] IG vision subset=2 steps=64 error=[1e-06, 0.0] passed=True
[07:57:57] IG vision subset=3 steps=64 error=[1e-06, 0.0] passed=True
[07:57:57] Validation detail 32/60: v0382 finished in 1.8s
[07:57:57] IG text subset=0 steps=64 error=[0.0, 0.0] passed=True
[07:57:57] IG text subset=2 steps=64 error=[0.0, 0.0] passed=True
[07:57:57] IG text subset=4 steps=64 error=[0.0, 0.0] passed=True
[07:57:57] IG text subset=6 steps=64 error=[0.0, 0.0] passed=True
[07:57:58] IG audio subset=0 steps=64 error=[0.0, 0.0] passed=True
[07:57:58] IG audio subset=1 steps=64 error=[0.0, 0.0] passed=True
[07:57:58] IG audio subset=4 steps=64 error=[0.0, 0.0] passed=True
[07:57:58] IG audio subset=5 steps=64 error=[0.0, 0.0] passed=True
[07:57:58] IG vision subset=0 steps=64 error=[1e-06, 0.0] passed=True
[07:57:58] IG vision subset=1 steps=64 error=[1e-06, 0.0] passed=True
[07:57:58] IG vision subset=2 steps=64 error=[0.0, 0.0] passed=True
[07:57:58] IG vision subset=3 steps=64 error=[0.0, 0.0] passed=True
[07:57:58] IG text subset=0 steps=64 error=[0.0, 0.0] passed=True
[07:57:58] IG text subset=2 steps=64 error=[0.0, 0.0] passed=True
[07:57:58] IG text subset=4 steps=64 error=[0.0, 0.0] passed=True
[07:57:58] IG text subset=6 steps=64 error=[0.0, 0.0] passed=True
[07:57:58] IG audio subset=0 steps=64 error=[0.0, 0.0] passed=True
[07:57:58] IG audio subset=1 steps=64 error=[0.0, 0.0] passed=True
[07:57:58] IG audio subset=4 steps=64 error=[0.0, 0.0] passed=True
[07:57:58] IG audio subset=5 steps=64 error=[0.0, 0.0] passed=True
[07:57:59] IG vision subset=0 steps=64 error=[0.0, 0.0] passed=True
[07:57:59] IG vision subset=1 steps=64 error=[1e-06, 0.0] passed=True
[07:57:59] IG vision subset=2 steps=64 error=[0.0, 0.0] passed=True
[07:57:59] IG vision subset=3 steps=64 error=[0.0, 0.0] passed=True
[07:57:59] Validation detail 33/60: v0388 finished in 1.8s
[07:57:59] IG text subset=0 steps=64 error=[1e-06, 0.0] passed=True
[07:57:59] IG text subset=2 steps=64 error=[1e-06, 0.0] passed=True
[07:57:59] IG text subset=4 steps=64 error=[1e-06, 0.0] passed=True
[07:57:59] IG text subset=6 steps=64 error=[0.0, 0.0] passed=True
[07:57:59] IG audio subset=0 steps=64 error=[0.0, 0.0] passed=True
[07:57:59] IG audio subset=1 steps=64 error=[0.0, 0.0] passed=True
[07:57:59] IG audio subset=4 steps=64 error=[0.0, 0.0] passed=True
[07:58:00] IG audio subset=5 steps=64 error=[0.0, 0.0] passed=True
[07:58:00] IG vision subset=0 steps=64 error=[1e-06, 0.0] passed=True
[07:58:00] IG vision subset=1 steps=64 error=[0.0, 0.0] passed=True
[07:58:00] IG vision subset=2 steps=64 error=[1e-06, 0.0] passed=True
[07:58:00] IG vision subset=3 steps=64 error=[0.0, 0.0] passed=True
[07:58:00] IG text subset=0 steps=64 error=[1e-06, 0.0] passed=True
[07:58:00] IG text subset=2 steps=64 error=[0.0, 0.0] passed=True
[07:58:00] IG text subset=4 steps=64 error=[1e-06, 0.0] passed=True
[07:58:00] IG text subset=6 steps=64 error=[0.0, 0.0] passed=True
[07:58:00] IG audio subset=0 steps=64 error=[0.0, 0.0] passed=True
[07:58:00] IG audio subset=1 steps=64 error=[0.0, 0.0] passed=True
[07:58:00] IG audio subset=4 steps=64 error=[0.0, 0.0] passed=True
[07:58:00] IG audio subset=5 steps=64 error=[0.0, 0.0] passed=True
[07:58:00] IG vision subset=0 steps=64 error=[0.0, 0.0] passed=True
[07:58:00] IG vision subset=1 steps=64 error=[0.0, 0.0] passed=True
[07:58:00] IG vision subset=2 steps=64 error=[0.0, 0.0] passed=True
[07:58:01] IG vision subset=3 steps=64 error=[0.0, 0.0] passed=True
[07:58:01] Validation detail 34/60: v0400 finished in 1.8s
[07:58:01] IG text subset=0 steps=64 error=[0.0, 0.0] passed=True
[07:58:01] IG text subset=2 steps=64 error=[0.0, 0.0] passed=True
[07:58:01] IG text subset=4 steps=64 error=[0.0, 0.0] passed=True
[07:58:01] IG text subset=6 steps=64 error=[0.0, 0.0] passed=True
[07:58:01] IG audio subset=0 steps=64 error=[0.0, 0.0] passed=True
[07:58:01] IG audio subset=1 steps=64 error=[0.0, 0.0] passed=True
[07:58:01] IG audio subset=4 steps=64 error=[0.0, 0.0] passed=True
[07:58:01] IG audio subset=5 steps=64 error=[0.0, 0.0] passed=True
[07:58:01] IG vision subset=0 steps=64 error=[0.0, 0.0] passed=True
[07:58:01] IG vision subset=1 steps=64 error=[0.0, 0.0] passed=True
[07:58:02] IG vision subset=2 steps=64 error=[0.0, 0.0] passed=True
[07:58:02] IG vision subset=3 steps=64 error=[0.0, 0.0] passed=True
[07:58:02] IG text subset=0 steps=64 error=[0.0, 0.0] passed=True
[07:58:02] IG text subset=2 steps=64 error=[0.0, 0.0] passed=True
[07:58:02] IG text subset=4 steps=64 error=[0.0, 0.0] passed=True
[07:58:02] IG text subset=6 steps=64 error=[0.0, 0.0] passed=True
[07:58:02] IG audio subset=0 steps=64 error=[0.0, 0.0] passed=True
[07:58:02] IG audio subset=1 steps=64 error=[0.0, 0.0] passed=True
[07:58:02] IG audio subset=4 steps=64 error=[0.0, 0.0] passed=True
[07:58:02] IG audio subset=5 steps=64 error=[0.0, 0.0] passed=True
[07:58:02] IG vision subset=0 steps=64 error=[0.0, 0.0] passed=True
[07:58:02] IG vision subset=1 steps=64 error=[0.0, 0.0] passed=True
[07:58:02] IG vision subset=2 steps=64 error=[0.0, 0.0] passed=True
[07:58:02] IG vision subset=3 steps=64 error=[0.0, 0.0] passed=True
[07:58:03] Validation detail 35/60: v0416 finished in 1.8s
[07:58:03] IG text subset=0 steps=64 error=[0.0, 0.0] passed=True
[07:58:03] IG text subset=2 steps=64 error=[0.0, 0.0] passed=True
[07:58:03] IG text subset=4 steps=64 error=[0.0, 0.0] passed=True
[07:58:03] IG text subset=6 steps=64 error=[0.0, 0.0] passed=True
[07:58:03] IG audio subset=0 steps=64 error=[0.0, 0.0] passed=True
[07:58:03] IG audio subset=1 steps=64 error=[0.0, 0.0] passed=True
[07:58:03] IG audio subset=4 steps=64 error=[0.0, 0.0] passed=True
[07:58:03] IG audio subset=5 steps=64 error=[0.0, 0.0] passed=True
[07:58:03] IG vision subset=0 steps=64 error=[0.0, 0.0] passed=True
[07:58:03] IG vision subset=1 steps=64 error=[0.0, 0.0] passed=True
[07:58:03] IG vision subset=2 steps=64 error=[0.0, 0.0] passed=True
[07:58:03] IG vision subset=3 steps=64 error=[0.0, 0.0] passed=True
[07:58:04] IG text subset=0 steps=64 error=[0.0, 0.0] passed=True
[07:58:04] IG text subset=2 steps=64 error=[0.0, 0.0] passed=True
[07:58:04] IG text subset=4 steps=64 error=[0.0, 0.0] passed=True
[07:58:04] IG text subset=6 steps=64 error=[0.0, 0.0] passed=True
[07:58:04] IG audio subset=0 steps=64 error=[0.0, 0.0] passed=True
[07:58:04] IG audio subset=1 steps=64 error=[0.0, 0.0] passed=True
[07:58:04] IG audio subset=4 steps=64 error=[0.0, 0.0] passed=True
[07:58:04] IG audio subset=5 steps=64 error=[0.0, 0.0] passed=True
[07:58:04] IG vision subset=0 steps=64 error=[0.0, 0.0] passed=True
[07:58:04] IG vision subset=1 steps=64 error=[0.0, 0.0] passed=True
[07:58:04] IG vision subset=2 steps=64 error=[0.0, 0.0] passed=True
[07:58:04] IG vision subset=3 steps=64 error=[0.0, 0.0] passed=True
[07:58:05] Validation detail 36/60: v0417 finished in 1.8s
[07:58:05] IG text subset=0 steps=64 error=[0.0, 0.0] passed=True
[07:58:05] IG text subset=2 steps=64 error=[0.0, 0.0] passed=True
[07:58:05] IG text subset=4 steps=64 error=[0.0, 0.0] passed=True
[07:58:05] IG text subset=6 steps=64 error=[0.0, 0.0] passed=True
[07:58:05] IG audio subset=0 steps=64 error=[0.0, 0.0] passed=True
[07:58:05] IG audio subset=1 steps=64 error=[0.0, 0.0] passed=True
[07:58:05] IG audio subset=4 steps=64 error=[0.0, 0.0] passed=True
[07:58:05] IG audio subset=5 steps=64 error=[0.0, 0.0] passed=True
[07:58:05] IG vision subset=0 steps=64 error=[0.0, 0.0] passed=True
[07:58:05] IG vision subset=1 steps=64 error=[0.0, 0.0] passed=True
[07:58:05] IG vision subset=2 steps=64 error=[0.0, 0.0] passed=True
[07:58:05] IG vision subset=3 steps=64 error=[0.0, 0.0] passed=True
[07:58:05] IG text subset=0 steps=64 error=[0.0, 0.0] passed=True
[07:58:05] IG text subset=2 steps=64 error=[0.0, 0.0] passed=True
[07:58:05] IG text subset=4 steps=64 error=[0.0, 0.0] passed=True
[07:58:06] IG text subset=6 steps=64 error=[0.0, 0.0] passed=True
[07:58:06] IG audio subset=0 steps=64 error=[0.0, 0.0] passed=True
[07:58:06] IG audio subset=1 steps=64 error=[0.0, 0.0] passed=True
[07:58:06] IG audio subset=4 steps=64 error=[0.0, 0.0] passed=True
[07:58:06] IG audio subset=5 steps=64 error=[0.0, 0.0] passed=True
[07:58:06] IG vision subset=0 steps=64 error=[0.0, 0.0] passed=True
[07:58:06] IG vision subset=1 steps=64 error=[0.0, 0.0] passed=True
[07:58:06] IG vision subset=2 steps=64 error=[0.0, 0.0] passed=True
[07:58:06] IG vision subset=3 steps=64 error=[0.0, 0.0] passed=True
[07:58:06] Validation detail 37/60: v0418 finished in 1.8s
[07:58:06] IG text subset=0 steps=64 error=[1e-06, 0.0] passed=True
[07:58:06] IG text subset=2 steps=64 error=[0.0, 0.0] passed=True
[07:58:07] IG text subset=4 steps=64 error=[1e-06, 0.0] passed=True
[07:58:07] IG text subset=6 steps=64 error=[0.0, 0.0] passed=True
[07:58:07] IG audio subset=0 steps=64 error=[1e-06, 0.0] passed=True
[07:58:07] IG audio subset=1 steps=64 error=[0.0, 0.0] passed=True
[07:58:07] IG audio subset=4 steps=64 error=[0.0, 0.0] passed=True
[07:58:07] IG audio subset=5 steps=64 error=[0.0, 0.0] passed=True
[07:58:07] IG vision subset=0 steps=64 error=[0.0, 0.0] passed=True
[07:58:07] IG vision subset=1 steps=64 error=[0.0, 0.0] passed=True
[07:58:07] IG vision subset=2 steps=64 error=[0.0, 0.0] passed=True
[07:58:07] IG vision subset=3 steps=64 error=[1e-06, 0.0] passed=True
[07:58:07] IG text subset=0 steps=64 error=[1e-06, 0.0] passed=True
[07:58:07] IG text subset=2 steps=64 error=[0.0, 0.0] passed=True
[07:58:07] IG text subset=4 steps=64 error=[0.0, 0.0] passed=True
[07:58:07] IG text subset=6 steps=64 error=[0.0, 0.0] passed=True
[07:58:07] IG audio subset=0 steps=64 error=[0.0, 0.0] passed=True
[07:58:07] IG audio subset=1 steps=64 error=[0.0, 0.0] passed=True
[07:58:08] IG audio subset=4 steps=64 error=[0.0, 0.0] passed=True
[07:58:08] IG audio subset=5 steps=64 error=[0.0, 0.0] passed=True
[07:58:08] IG vision subset=0 steps=64 error=[0.0, 0.0] passed=True
[07:58:08] IG vision subset=1 steps=64 error=[0.0, 0.0] passed=True
[07:58:08] IG vision subset=2 steps=64 error=[0.0, 0.0] passed=True
[07:58:08] IG vision subset=3 steps=64 error=[0.0, 0.0] passed=True
[07:58:08] Validation detail 38/60: v0427 finished in 1.8s
[07:58:08] IG text subset=0 steps=64 error=[0.0, 0.0] passed=True
[07:58:08] IG text subset=2 steps=64 error=[0.0, 0.0] passed=True
[07:58:08] IG text subset=4 steps=64 error=[1e-06, 0.0] passed=True
[07:58:08] IG text subset=6 steps=64 error=[1e-06, 0.0] passed=True
[07:58:09] IG audio subset=0 steps=64 error=[0.0, 0.0] passed=True
[07:58:09] IG audio subset=1 steps=64 error=[0.0, 0.0] passed=True
[07:58:09] IG audio subset=4 steps=64 error=[0.0, 0.0] passed=True
[07:58:09] IG audio subset=5 steps=64 error=[0.0, 0.0] passed=True
[07:58:09] IG vision subset=0 steps=64 error=[1e-06, 0.0] passed=True
[07:58:09] IG vision subset=1 steps=64 error=[0.0, 0.0] passed=True
[07:58:09] IG vision subset=2 steps=64 error=[1e-06, 0.0] passed=True
[07:58:09] IG vision subset=3 steps=64 error=[1e-06, 0.0] passed=True
[07:58:09] IG text subset=0 steps=64 error=[1e-06, 0.0] passed=True
[07:58:09] IG text subset=2 steps=64 error=[0.0, 0.0] passed=True
[07:58:09] IG text subset=4 steps=64 error=[0.0, 0.0] passed=True
[07:58:09] IG text subset=6 steps=64 error=[1e-06, 0.0] passed=True
[07:58:09] IG audio subset=0 steps=64 error=[0.0, 0.0] passed=True
[07:58:09] IG audio subset=1 steps=64 error=[0.0, 0.0] passed=True
[07:58:09] IG audio subset=4 steps=64 error=[0.0, 0.0] passed=True
[07:58:09] IG audio subset=5 steps=64 error=[0.0, 0.0] passed=True
[07:58:10] IG vision subset=0 steps=64 error=[0.0, 0.0] passed=True
[07:58:10] IG vision subset=1 steps=64 error=[0.0, 0.0] passed=True
[07:58:10] IG vision subset=2 steps=64 error=[0.0, 0.0] passed=True
[07:58:10] IG vision subset=3 steps=64 error=[1e-06, 0.0] passed=True
[07:58:10] Validation detail 39/60: v0444 finished in 1.8s
[07:58:10] IG text subset=0 steps=64 error=[1e-06, 0.0] passed=True
[07:58:10] IG text subset=2 steps=64 error=[0.0, 0.0] passed=True
[07:58:10] IG text subset=4 steps=64 error=[0.0, 0.0] passed=True
[07:58:10] IG text subset=6 steps=64 error=[0.0, 0.0] passed=True
[07:58:10] IG audio subset=0 steps=64 error=[0.0, 0.0] passed=True
[07:58:10] IG audio subset=1 steps=64 error=[0.0, 0.0] passed=True
[07:58:10] IG audio subset=4 steps=64 error=[0.0, 0.0] passed=True
[07:58:11] IG audio subset=5 steps=64 error=[0.0, 0.0] passed=True
[07:58:11] IG vision subset=0 steps=64 error=[0.0, 0.0] passed=True
[07:58:11] IG vision subset=1 steps=64 error=[1e-06, 0.0] passed=True
[07:58:11] IG vision subset=2 steps=64 error=[0.0, 0.0] passed=True
[07:58:11] IG vision subset=3 steps=64 error=[0.0, 0.0] passed=True
[07:58:11] IG text subset=0 steps=64 error=[0.0, 0.0] passed=True
[07:58:11] IG text subset=2 steps=64 error=[0.0, 0.0] passed=True
[07:58:11] IG text subset=4 steps=64 error=[0.0, 0.0] passed=True
[07:58:11] IG text subset=6 steps=64 error=[0.0, 0.0] passed=True
[07:58:11] IG audio subset=0 steps=64 error=[0.0, 0.0] passed=True
[07:58:11] IG audio subset=1 steps=64 error=[0.0, 0.0] passed=True
[07:58:11] IG audio subset=4 steps=64 error=[0.0, 0.0] passed=True
[07:58:11] IG audio subset=5 steps=64 error=[0.0, 0.0] passed=True
[07:58:11] IG vision subset=0 steps=64 error=[0.0, 0.0] passed=True
[07:58:11] IG vision subset=1 steps=64 error=[1e-06, 0.0] passed=True
[07:58:11] IG vision subset=2 steps=64 error=[0.0, 0.0] passed=True
[07:58:12] IG vision subset=3 steps=64 error=[0.0, 0.0] passed=True
[07:58:12] Validation detail 40/60: v0456 finished in 1.8s
[07:58:12] IG text subset=0 steps=64 error=[0.0, 0.0] passed=True
[07:58:12] IG text subset=2 steps=64 error=[1e-06, 0.0] passed=True
[07:58:12] IG text subset=4 steps=64 error=[0.0, 0.0] passed=True
[07:58:12] IG text subset=6 steps=64 error=[0.0, 0.0] passed=True
[07:58:12] IG audio subset=0 steps=64 error=[0.0, 0.0] passed=True
[07:58:12] IG audio subset=1 steps=64 error=[0.0, 0.0] passed=True
[07:58:12] IG audio subset=4 steps=64 error=[0.0, 0.0] passed=True
[07:58:12] IG audio subset=5 steps=64 error=[0.0, 0.0] passed=True
[07:58:12] IG vision subset=0 steps=64 error=[1e-06, 0.0] passed=True
[07:58:12] IG vision subset=1 steps=64 error=[0.0, 0.0] passed=True
[07:58:13] IG vision subset=2 steps=64 error=[1e-06, 0.0] passed=True
[07:58:13] IG vision subset=3 steps=64 error=[0.0, 0.0] passed=True
[07:58:13] IG text subset=0 steps=64 error=[1e-06, 0.0] passed=True
[07:58:13] IG text subset=2 steps=64 error=[1e-06, 0.0] passed=True
[07:58:13] IG text subset=4 steps=64 error=[0.0, 0.0] passed=True
[07:58:13] IG text subset=6 steps=64 error=[0.0, 0.0] passed=True
[07:58:13] IG audio subset=0 steps=64 error=[0.0, 0.0] passed=True
[07:58:13] IG audio subset=1 steps=64 error=[0.0, 0.0] passed=True
[07:58:13] IG audio subset=4 steps=64 error=[0.0, 0.0] passed=True
[07:58:13] IG audio subset=5 steps=64 error=[0.0, 0.0] passed=True
[07:58:13] IG vision subset=0 steps=64 error=[1e-06, 0.0] passed=True
[07:58:13] IG vision subset=1 steps=64 error=[0.0, 0.0] passed=True
[07:58:13] IG vision subset=2 steps=64 error=[1e-06, 0.0] passed=True
[07:58:13] IG vision subset=3 steps=64 error=[0.0, 0.0] passed=True
[07:58:14] Validation detail 41/60: v0489 finished in 1.8s
[07:58:14] IG text subset=0 steps=64 error=[2e-06, 0.0] passed=True
[07:58:14] IG text subset=2 steps=64 error=[1e-06, 0.0] passed=True
[07:58:14] IG text subset=4 steps=64 error=[3e-06, 1e-06] passed=True
[07:58:14] IG text subset=6 steps=64 error=[1e-06, 0.0] passed=True
[07:58:14] IG audio subset=0 steps=64 error=[0.0, 0.0] passed=True
[07:58:14] IG audio subset=1 steps=64 error=[0.0, 0.0] passed=True
[07:58:14] IG audio subset=4 steps=64 error=[0.0, 0.0] passed=True
[07:58:14] IG audio subset=5 steps=64 error=[1e-06, 0.0] passed=True
[07:58:14] IG vision subset=0 steps=64 error=[0.0, 0.0] passed=True
[07:58:14] IG vision subset=1 steps=64 error=[0.0, 0.0] passed=True
[07:58:14] IG vision subset=2 steps=64 error=[0.0, 0.0] passed=True
[07:58:14] IG vision subset=3 steps=64 error=[0.0, 0.0] passed=True
[07:58:15] IG text subset=0 steps=64 error=[1e-06, 0.0] passed=True
[07:58:15] IG text subset=2 steps=64 error=[1e-06, 0.0] passed=True
[07:58:15] IG text subset=4 steps=64 error=[2e-06, 0.0] passed=True
[07:58:15] IG text subset=6 steps=64 error=[1e-06, 0.0] passed=True
[07:58:15] IG audio subset=0 steps=64 error=[0.0, 0.0] passed=True
[07:58:15] IG audio subset=1 steps=64 error=[0.0, 0.0] passed=True
[07:58:15] IG audio subset=4 steps=64 error=[0.0, 0.0] passed=True
[07:58:15] IG audio subset=5 steps=64 error=[1e-06, 0.0] passed=True
[07:58:15] IG vision subset=0 steps=64 error=[0.0, 0.0] passed=True
[07:58:15] IG vision subset=1 steps=64 error=[0.0, 0.0] passed=True
[07:58:15] IG vision subset=2 steps=64 error=[0.0, 0.0] passed=True
[07:58:15] IG vision subset=3 steps=64 error=[1e-06, 0.0] passed=True
[07:58:16] Validation detail 42/60: v0500 finished in 1.8s
[07:58:16] IG text subset=0 steps=64 error=[1e-06, 0.0] passed=True
[07:58:16] IG text subset=2 steps=64 error=[1e-06, 0.0] passed=True
[07:58:16] IG text subset=4 steps=64 error=[2e-06, 0.0] passed=True
[07:58:16] IG text subset=6 steps=64 error=[1e-06, 0.0] passed=True
[07:58:16] IG audio subset=0 steps=64 error=[0.0, 0.0] passed=True
[07:58:16] IG audio subset=1 steps=64 error=[0.0, 0.0] passed=True
[07:58:16] IG audio subset=4 steps=64 error=[0.0, 0.0] passed=True
[07:58:16] IG audio subset=5 steps=64 error=[1e-06, 0.0] passed=True
[07:58:16] IG vision subset=0 steps=64 error=[0.0, 0.0] passed=True
[07:58:16] IG vision subset=1 steps=64 error=[1e-06, 0.0] passed=True
[07:58:16] IG vision subset=2 steps=64 error=[0.0, 0.0] passed=True
[07:58:16] IG vision subset=3 steps=64 error=[1e-06, 0.0] passed=True
[07:58:16] IG text subset=0 steps=64 error=[0.0, 0.0] passed=True
[07:58:16] IG text subset=2 steps=64 error=[0.0, 0.0] passed=True
[07:58:16] IG text subset=4 steps=64 error=[1e-06, 0.0] passed=True
[07:58:17] IG text subset=6 steps=64 error=[1e-06, 0.0] passed=True
[07:58:17] IG audio subset=0 steps=64 error=[0.0, 0.0] passed=True
[07:58:17] IG audio subset=1 steps=64 error=[0.0, 0.0] passed=True
[07:58:17] IG audio subset=4 steps=64 error=[0.0, 0.0] passed=True
[07:58:17] IG audio subset=5 steps=64 error=[1e-06, 0.0] passed=True
[07:58:17] IG vision subset=0 steps=64 error=[0.0, 0.0] passed=True
[07:58:17] IG vision subset=1 steps=64 error=[1e-06, 0.0] passed=True
[07:58:17] IG vision subset=2 steps=64 error=[0.0, 0.0] passed=True
[07:58:17] IG vision subset=3 steps=64 error=[1e-06, 0.0] passed=True
[07:58:17] Validation detail 43/60: v0520 finished in 1.8s
[07:58:17] IG text subset=0 steps=64 error=[0.0, 0.0] passed=True
[07:58:17] IG text subset=2 steps=64 error=[0.0, 0.0] passed=True
[07:58:18] IG text subset=4 steps=64 error=[1e-06, 0.0] passed=True
[07:58:18] IG text subset=6 steps=64 error=[1e-06, 0.0] passed=True
[07:58:18] IG audio subset=0 steps=64 error=[0.0, 0.0] passed=True
[07:58:18] IG audio subset=1 steps=64 error=[0.0, 0.0] passed=True
[07:58:18] IG audio subset=4 steps=64 error=[0.0, 0.0] passed=True
[07:58:18] IG audio subset=5 steps=64 error=[0.0, 0.0] passed=True
[07:58:18] IG vision subset=0 steps=64 error=[0.0, 0.0] passed=True
[07:58:18] IG vision subset=1 steps=64 error=[1e-06, 0.0] passed=True
[07:58:18] IG vision subset=2 steps=64 error=[0.0, 0.0] passed=True
[07:58:18] IG vision subset=3 steps=64 error=[1e-06, 0.0] passed=True
[07:58:18] IG text subset=0 steps=64 error=[0.0, 0.0] passed=True
[07:58:18] IG text subset=2 steps=64 error=[0.0, 0.0] passed=True
[07:58:18] IG text subset=4 steps=64 error=[1e-06, 0.0] passed=True
[07:58:18] IG text subset=6 steps=64 error=[1e-06, 0.0] passed=True
[07:58:18] IG audio subset=0 steps=64 error=[0.0, 0.0] passed=True
[07:58:19] IG audio subset=1 steps=64 error=[0.0, 0.0] passed=True
[07:58:19] IG audio subset=4 steps=64 error=[0.0, 0.0] passed=True
[07:58:19] IG audio subset=5 steps=64 error=[1e-06, 0.0] passed=True
[07:58:19] IG vision subset=0 steps=64 error=[0.0, 0.0] passed=True
[07:58:19] IG vision subset=1 steps=64 error=[0.0, 0.0] passed=True
[07:58:19] IG vision subset=2 steps=64 error=[0.0, 0.0] passed=True
[07:58:19] IG vision subset=3 steps=64 error=[1e-06, 0.0] passed=True
[07:58:19] Validation detail 44/60: v0526 finished in 1.8s
[07:58:19] IG text subset=0 steps=64 error=[0.0, 0.0] passed=True
[07:58:19] IG text subset=2 steps=64 error=[0.0, 0.0] passed=True
[07:58:19] IG text subset=4 steps=64 error=[0.0, 0.0] passed=True
[07:58:19] IG text subset=6 steps=64 error=[0.0, 0.0] passed=True
[07:58:20] IG audio subset=0 steps=64 error=[0.0, 0.0] passed=True
[07:58:20] IG audio subset=1 steps=64 error=[0.0, 0.0] passed=True
[07:58:20] IG audio subset=4 steps=64 error=[0.0, 0.0] passed=True
[07:58:20] IG audio subset=5 steps=64 error=[0.0, 0.0] passed=True
[07:58:20] IG vision subset=0 steps=64 error=[1e-06, 0.0] passed=True
[07:58:20] IG vision subset=1 steps=64 error=[0.0, 0.0] passed=True
[07:58:20] IG vision subset=2 steps=64 error=[0.0, 0.0] passed=True
[07:58:20] IG vision subset=3 steps=64 error=[0.0, 0.0] passed=True
[07:58:20] IG text subset=0 steps=64 error=[0.0, 0.0] passed=True
[07:58:20] IG text subset=2 steps=64 error=[0.0, 0.0] passed=True
[07:58:20] IG text subset=4 steps=64 error=[0.0, 0.0] passed=True
[07:58:20] IG text subset=6 steps=64 error=[0.0, 0.0] passed=True
[07:58:20] IG audio subset=0 steps=64 error=[0.0, 0.0] passed=True
[07:58:20] IG audio subset=1 steps=64 error=[0.0, 0.0] passed=True
[07:58:20] IG audio subset=4 steps=64 error=[0.0, 0.0] passed=True
[07:58:20] IG audio subset=5 steps=64 error=[0.0, 0.0] passed=True
[07:58:21] IG vision subset=0 steps=64 error=[0.0, 0.0] passed=True
[07:58:21] IG vision subset=1 steps=64 error=[0.0, 0.0] passed=True
[07:58:21] IG vision subset=2 steps=64 error=[0.0, 0.0] passed=True
[07:58:21] IG vision subset=3 steps=64 error=[0.0, 0.0] passed=True
[07:58:21] Validation detail 45/60: v0543 finished in 1.8s
[07:58:21] IG text subset=0 steps=64 error=[2e-06, 1e-06] passed=True
[07:58:21] IG text subset=2 steps=64 error=[1e-06, 1e-06] passed=True
[07:58:21] IG text subset=4 steps=64 error=[1e-06, 0.0] passed=True
[07:58:21] IG text subset=6 steps=64 error=[2e-06, 1e-06] passed=True
[07:58:21] IG audio subset=0 steps=64 error=[1e-06, 0.0] passed=True
[07:58:21] IG audio subset=1 steps=64 error=[0.0, 0.0] passed=True
[07:58:21] IG audio subset=4 steps=64 error=[0.0, 0.0] passed=True
[07:58:22] IG audio subset=5 steps=64 error=[0.0, 0.0] passed=True
[07:58:22] IG vision subset=0 steps=64 error=[0.0, 0.0] passed=True
[07:58:22] IG vision subset=1 steps=64 error=[0.0, 0.0] passed=True
[07:58:22] IG vision subset=2 steps=64 error=[0.0, 0.0] passed=True
[07:58:22] IG vision subset=3 steps=64 error=[0.0, 0.0] passed=True
[07:58:22] IG text subset=0 steps=64 error=[1e-06, 0.0] passed=True
[07:58:22] IG text subset=2 steps=64 error=[1e-06, 0.0] passed=True
[07:58:22] IG text subset=4 steps=64 error=[1e-06, 0.0] passed=True
[07:58:22] IG text subset=6 steps=64 error=[2e-06, 1e-06] passed=True
[07:58:22] IG audio subset=0 steps=64 error=[0.0, 0.0] passed=True
[07:58:22] IG audio subset=1 steps=64 error=[0.0, 0.0] passed=True
[07:58:22] IG audio subset=4 steps=64 error=[0.0, 0.0] passed=True
[07:58:22] IG audio subset=5 steps=64 error=[0.0, 0.0] passed=True
[07:58:22] IG vision subset=0 steps=64 error=[0.0, 0.0] passed=True
[07:58:22] IG vision subset=1 steps=64 error=[0.0, 0.0] passed=True
[07:58:22] IG vision subset=2 steps=64 error=[0.0, 0.0] passed=True
[07:58:23] IG vision subset=3 steps=64 error=[0.0, 0.0] passed=True
[07:58:23] Validation detail 46/60: v0554 finished in 1.8s
[07:58:23] IG text subset=0 steps=64 error=[0.0, 0.0] passed=True
[07:58:23] IG text subset=2 steps=64 error=[0.0, 0.0] passed=True
[07:58:23] IG text subset=4 steps=64 error=[1e-06, 0.0] passed=True
[07:58:23] IG text subset=6 steps=64 error=[1e-06, 0.0] passed=True
[07:58:23] IG audio subset=0 steps=64 error=[1e-06, 0.0] passed=True
[07:58:23] IG audio subset=1 steps=64 error=[0.0, 0.0] passed=True
[07:58:23] IG audio subset=4 steps=64 error=[0.0, 0.0] passed=True
[07:58:23] IG audio subset=5 steps=64 error=[0.0, 0.0] passed=True
[07:58:23] IG vision subset=0 steps=64 error=[1e-06, 0.0] passed=True
[07:58:23] IG vision subset=1 steps=64 error=[0.0, 0.0] passed=True
[07:58:24] IG vision subset=2 steps=64 error=[1e-06, 0.0] passed=True
[07:58:24] IG vision subset=3 steps=64 error=[0.0, 0.0] passed=True
[07:58:24] IG text subset=0 steps=64 error=[1e-06, 0.0] passed=True
[07:58:24] IG text subset=2 steps=64 error=[0.0, 0.0] passed=True
[07:58:24] IG text subset=4 steps=64 error=[1e-06, 0.0] passed=True
[07:58:24] IG text subset=6 steps=64 error=[1e-06, 0.0] passed=True
[07:58:24] IG audio subset=0 steps=64 error=[0.0, 0.0] passed=True
[07:58:24] IG audio subset=1 steps=64 error=[0.0, 0.0] passed=True
[07:58:24] IG audio subset=4 steps=64 error=[0.0, 0.0] passed=True
[07:58:24] IG audio subset=5 steps=64 error=[0.0, 0.0] passed=True
[07:58:24] IG vision subset=0 steps=64 error=[0.0, 0.0] passed=True
[07:58:24] IG vision subset=1 steps=64 error=[0.0, 0.0] passed=True
[07:58:24] IG vision subset=2 steps=64 error=[0.0, 0.0] passed=True
[07:58:24] IG vision subset=3 steps=64 error=[0.0, 0.0] passed=True
[07:58:25] Validation detail 47/60: v0563 finished in 1.8s
[07:58:25] IG text subset=0 steps=64 error=[1e-06, 0.0] passed=True
[07:58:25] IG text subset=2 steps=64 error=[1e-06, 0.0] passed=True
[07:58:25] IG text subset=4 steps=64 error=[1e-06, 0.0] passed=True
[07:58:25] IG text subset=6 steps=64 error=[1e-06, 0.0] passed=True
[07:58:25] IG audio subset=0 steps=64 error=[0.0, 0.0] passed=True
[07:58:25] IG audio subset=1 steps=64 error=[0.0, 0.0] passed=True
[07:58:25] IG audio subset=4 steps=64 error=[0.0, 0.0] passed=True
[07:58:25] IG audio subset=5 steps=64 error=[1e-06, 0.0] passed=True
[07:58:25] IG vision subset=0 steps=64 error=[0.0, 0.0] passed=True
[07:58:25] IG vision subset=1 steps=64 error=[0.0, 0.0] passed=True
[07:58:25] IG vision subset=2 steps=64 error=[0.0, 0.0] passed=True
[07:58:25] IG vision subset=3 steps=64 error=[1e-06, 0.0] passed=True
[07:58:26] IG text subset=0 steps=64 error=[1e-06, 0.0] passed=True
[07:58:26] IG text subset=2 steps=64 error=[0.0, 0.0] passed=True
[07:58:26] IG text subset=4 steps=64 error=[1e-06, 0.0] passed=True
[07:58:26] IG text subset=6 steps=64 error=[1e-06, 0.0] passed=True
[07:58:26] IG audio subset=0 steps=64 error=[0.0, 0.0] passed=True
[07:58:26] IG audio subset=1 steps=64 error=[0.0, 0.0] passed=True
[07:58:26] IG audio subset=4 steps=64 error=[0.0, 0.0] passed=True
[07:58:26] IG audio subset=5 steps=64 error=[0.0, 0.0] passed=True
[07:58:26] IG vision subset=0 steps=64 error=[0.0, 0.0] passed=True
[07:58:26] IG vision subset=1 steps=64 error=[1e-06, 0.0] passed=True
[07:58:26] IG vision subset=2 steps=64 error=[0.0, 0.0] passed=True
[07:58:26] IG vision subset=3 steps=64 error=[1e-06, 0.0] passed=True
[07:58:27] Validation detail 48/60: v0566 finished in 1.8s
[07:58:27] IG text subset=0 steps=64 error=[1e-06, 0.0] passed=True
[07:58:27] IG text subset=2 steps=64 error=[1e-06, 0.0] passed=True
[07:58:27] IG text subset=4 steps=64 error=[3e-06, 0.0] passed=True
[07:58:27] IG text subset=6 steps=64 error=[2e-06, 0.0] passed=True
[07:58:27] IG audio subset=0 steps=64 error=[0.0, 0.0] passed=True
[07:58:27] IG audio subset=1 steps=64 error=[0.0, 0.0] passed=True
[07:58:27] IG audio subset=4 steps=64 error=[0.0, 0.0] passed=True
[07:58:27] IG audio subset=5 steps=64 error=[1e-06, 0.0] passed=True
[07:58:27] IG vision subset=0 steps=64 error=[1e-06, 0.0] passed=True
[07:58:27] IG vision subset=1 steps=64 error=[0.0, 0.0] passed=True
[07:58:27] IG vision subset=2 steps=64 error=[1e-06, 0.0] passed=True
[07:58:27] IG vision subset=3 steps=64 error=[0.0, 0.0] passed=True
[07:58:27] IG text subset=0 steps=64 error=[1e-06, 0.0] passed=True
[07:58:27] IG text subset=2 steps=64 error=[0.0, 0.0] passed=True
[07:58:27] IG text subset=4 steps=64 error=[1e-06, 0.0] passed=True
[07:58:28] IG text subset=6 steps=64 error=[1e-06, 0.0] passed=True
[07:58:28] IG audio subset=0 steps=64 error=[0.0, 0.0] passed=True
[07:58:28] IG audio subset=1 steps=64 error=[0.0, 0.0] passed=True
[07:58:28] IG audio subset=4 steps=64 error=[0.0, 0.0] passed=True
[07:58:28] IG audio subset=5 steps=64 error=[1e-06, 0.0] passed=True
[07:58:28] IG vision subset=0 steps=64 error=[0.0, 0.0] passed=True
[07:58:28] IG vision subset=1 steps=64 error=[0.0, 0.0] passed=True
[07:58:28] IG vision subset=2 steps=64 error=[0.0, 0.0] passed=True
[07:58:28] IG vision subset=3 steps=64 error=[0.0, 0.0] passed=True
[07:58:28] Validation detail 49/60: v0609 finished in 1.8s
[07:58:28] IG text subset=0 steps=64 error=[0.0, 0.0] passed=True
[07:58:28] IG text subset=2 steps=64 error=[1e-06, 0.0] passed=True
[07:58:29] IG text subset=4 steps=64 error=[1e-06, 0.0] passed=True
[07:58:29] IG text subset=6 steps=64 error=[1e-06, 0.0] passed=True
[07:58:29] IG audio subset=0 steps=64 error=[1e-06, 0.0] passed=True
[07:58:29] IG audio subset=1 steps=64 error=[0.0, 0.0] passed=True
[07:58:29] IG audio subset=4 steps=64 error=[0.0, 0.0] passed=True
[07:58:29] IG audio subset=5 steps=64 error=[0.0, 0.0] passed=True
[07:58:29] IG vision subset=0 steps=64 error=[1e-06, 0.0] passed=True
[07:58:29] IG vision subset=1 steps=64 error=[0.0, 0.0] passed=True
[07:58:29] IG vision subset=2 steps=64 error=[0.0, 0.0] passed=True
[07:58:29] IG vision subset=3 steps=64 error=[0.0, 0.0] passed=True
[07:58:29] IG text subset=0 steps=64 error=[0.0, 0.0] passed=True
[07:58:29] IG text subset=2 steps=64 error=[0.0, 0.0] passed=True
[07:58:29] IG text subset=4 steps=64 error=[0.0, 0.0] passed=True
[07:58:29] IG text subset=6 steps=64 error=[0.0, 0.0] passed=True
[07:58:29] IG audio subset=0 steps=64 error=[0.0, 0.0] passed=True
[07:58:30] IG audio subset=1 steps=64 error=[0.0, 0.0] passed=True
[07:58:30] IG audio subset=4 steps=64 error=[0.0, 0.0] passed=True
[07:58:30] IG audio subset=5 steps=64 error=[1e-06, 0.0] passed=True
[07:58:30] IG vision subset=0 steps=64 error=[0.0, 0.0] passed=True
[07:58:30] IG vision subset=1 steps=64 error=[0.0, 0.0] passed=True
[07:58:30] IG vision subset=2 steps=64 error=[0.0, 0.0] passed=True
[07:58:30] IG vision subset=3 steps=64 error=[0.0, 0.0] passed=True
[07:58:30] Validation detail 50/60: v0612 finished in 1.8s
[07:58:30] IG text subset=0 steps=64 error=[1e-06, 0.0] passed=True
[07:58:30] IG text subset=2 steps=64 error=[0.0, 0.0] passed=True
[07:58:30] IG text subset=4 steps=64 error=[0.0, 0.0] passed=True
[07:58:30] IG text subset=6 steps=64 error=[0.0, 0.0] passed=True
[07:58:31] IG audio subset=0 steps=64 error=[1e-06, 0.0] passed=True
[07:58:31] IG audio subset=1 steps=64 error=[0.0, 0.0] passed=True
[07:58:31] IG audio subset=4 steps=64 error=[0.0, 0.0] passed=True
[07:58:31] IG audio subset=5 steps=64 error=[0.0, 0.0] passed=True
[07:58:31] IG vision subset=0 steps=64 error=[1e-06, 0.0] passed=True
[07:58:31] IG vision subset=1 steps=64 error=[0.0, 0.0] passed=True
[07:58:31] IG vision subset=2 steps=64 error=[0.0, 0.0] passed=True
[07:58:31] IG vision subset=3 steps=64 error=[0.0, 0.0] passed=True
[07:58:31] IG text subset=0 steps=64 error=[1e-06, 0.0] passed=True
[07:58:31] IG text subset=2 steps=64 error=[0.0, 0.0] passed=True
[07:58:31] IG text subset=4 steps=64 error=[0.0, 0.0] passed=True
[07:58:31] IG text subset=6 steps=64 error=[0.0, 0.0] passed=True
[07:58:31] IG audio subset=0 steps=64 error=[0.0, 0.0] passed=True
[07:58:31] IG audio subset=1 steps=64 error=[0.0, 0.0] passed=True
[07:58:31] IG audio subset=4 steps=64 error=[0.0, 0.0] passed=True
[07:58:31] IG audio subset=5 steps=64 error=[0.0, 0.0] passed=True
[07:58:32] IG vision subset=0 steps=64 error=[0.0, 0.0] passed=True
[07:58:32] IG vision subset=1 steps=64 error=[0.0, 0.0] passed=True
[07:58:32] IG vision subset=2 steps=64 error=[0.0, 0.0] passed=True
[07:58:32] IG vision subset=3 steps=64 error=[0.0, 0.0] passed=True
[07:58:32] Validation detail 51/60: v0614 finished in 1.8s
[07:58:32] IG text subset=0 steps=64 error=[0.0, 0.0] passed=True
[07:58:32] IG text subset=2 steps=64 error=[1e-06, 0.0] passed=True
[07:58:32] IG text subset=4 steps=64 error=[1e-06, 0.0] passed=True
[07:58:32] IG text subset=6 steps=64 error=[0.0, 0.0] passed=True
[07:58:32] IG audio subset=0 steps=64 error=[0.0, 0.0] passed=True
[07:58:32] IG audio subset=1 steps=64 error=[0.0, 0.0] passed=True
[07:58:32] IG audio subset=4 steps=64 error=[0.0, 0.0] passed=True
[07:58:33] IG audio subset=5 steps=64 error=[0.0, 0.0] passed=True
[07:58:33] IG vision subset=0 steps=64 error=[1e-06, 0.0] passed=True
[07:58:33] IG vision subset=1 steps=64 error=[0.0, 0.0] passed=True
[07:58:33] IG vision subset=2 steps=64 error=[0.0, 0.0] passed=True
[07:58:33] IG vision subset=3 steps=64 error=[0.0, 0.0] passed=True
[07:58:33] IG text subset=0 steps=64 error=[0.0, 0.0] passed=True
[07:58:33] IG text subset=2 steps=64 error=[0.0, 0.0] passed=True
[07:58:33] IG text subset=4 steps=64 error=[0.0, 0.0] passed=True
[07:58:33] IG text subset=6 steps=64 error=[0.0, 0.0] passed=True
[07:58:33] IG audio subset=0 steps=64 error=[0.0, 0.0] passed=True
[07:58:33] IG audio subset=1 steps=64 error=[0.0, 0.0] passed=True
[07:58:33] IG audio subset=4 steps=64 error=[0.0, 0.0] passed=True
[07:58:33] IG audio subset=5 steps=64 error=[0.0, 0.0] passed=True
[07:58:33] IG vision subset=0 steps=64 error=[0.0, 0.0] passed=True
[07:58:33] IG vision subset=1 steps=64 error=[0.0, 0.0] passed=True
[07:58:33] IG vision subset=2 steps=64 error=[0.0, 0.0] passed=True
[07:58:34] IG vision subset=3 steps=64 error=[0.0, 0.0] passed=True
[07:58:34] Validation detail 52/60: v0626 finished in 1.8s
[07:58:34] IG text subset=0 steps=64 error=[1e-06, 0.0] passed=True
[07:58:34] IG text subset=2 steps=64 error=[1e-06, 0.0] passed=True
[07:58:34] IG text subset=4 steps=64 error=[1e-06, 0.0] passed=True
[07:58:34] IG text subset=6 steps=64 error=[0.0, 0.0] passed=True
[07:58:34] IG audio subset=0 steps=64 error=[0.0, 0.0] passed=True
[07:58:34] IG audio subset=1 steps=64 error=[0.0, 0.0] passed=True
[07:58:34] IG audio subset=4 steps=64 error=[0.0, 0.0] passed=True
[07:58:34] IG audio subset=5 steps=64 error=[0.0, 0.0] passed=True
[07:58:34] IG vision subset=0 steps=64 error=[0.0, 0.0] passed=True
[07:58:34] IG vision subset=1 steps=64 error=[0.0, 0.0] passed=True
[07:58:35] IG vision subset=2 steps=64 error=[0.0, 0.0] passed=True
[07:58:35] IG vision subset=3 steps=64 error=[0.0, 0.0] passed=True
[07:58:35] IG text subset=0 steps=64 error=[0.0, 0.0] passed=True
[07:58:35] IG text subset=2 steps=64 error=[0.0, 0.0] passed=True
[07:58:35] IG text subset=4 steps=64 error=[0.0, 0.0] passed=True
[07:58:35] IG text subset=6 steps=64 error=[0.0, 0.0] passed=True
[07:58:35] IG audio subset=0 steps=64 error=[0.0, 0.0] passed=True
[07:58:35] IG audio subset=1 steps=64 error=[0.0, 0.0] passed=True
[07:58:35] IG audio subset=4 steps=64 error=[0.0, 0.0] passed=True
[07:58:35] IG audio subset=5 steps=64 error=[0.0, 0.0] passed=True
[07:58:35] IG vision subset=0 steps=64 error=[0.0, 0.0] passed=True
[07:58:35] IG vision subset=1 steps=64 error=[0.0, 0.0] passed=True
[07:58:35] IG vision subset=2 steps=64 error=[0.0, 0.0] passed=True
[07:58:35] IG vision subset=3 steps=64 error=[0.0, 0.0] passed=True
[07:58:36] Validation detail 53/60: v0629 finished in 1.8s
[07:58:36] IG text subset=0 steps=64 error=[3e-06, 1e-06] passed=True
[07:58:36] IG text subset=2 steps=64 error=[3e-06, 1e-06] passed=True
[07:58:36] IG text subset=4 steps=64 error=[3e-06, 0.0] passed=True
[07:58:36] IG text subset=6 steps=64 error=[3e-06, 0.0] passed=True
[07:58:36] IG audio subset=0 steps=64 error=[0.0, 0.0] passed=True
[07:58:36] IG audio subset=1 steps=64 error=[0.0, 0.0] passed=True
[07:58:36] IG audio subset=4 steps=64 error=[0.0, 0.0] passed=True
[07:58:36] IG audio subset=5 steps=64 error=[1e-06, 0.0] passed=True
[07:58:36] IG vision subset=0 steps=64 error=[0.0, 0.0] passed=True
[07:58:36] IG vision subset=1 steps=64 error=[2e-06, 1e-06] passed=True
[07:58:36] IG vision subset=2 steps=64 error=[0.0, 0.0] passed=True
[07:58:36] IG vision subset=3 steps=64 error=[1e-06, 1e-06] passed=True
[07:58:37] IG text subset=0 steps=64 error=[1e-06, 2e-06] passed=True
[07:58:37] IG text subset=2 steps=64 error=[1.6e-05, 6e-06] passed=True
[07:58:37] IG text subset=4 steps=64 error=[0.001822, 0.000117] passed=True
[07:58:37] IG text subset=6 steps=64 error=[0.002461, 0.002452] passed=True
[07:58:37] IG audio subset=0 steps=64 error=[0.0, 0.0] passed=True
[07:58:37] IG audio subset=1 steps=64 error=[0.0, 0.0] passed=True
[07:58:37] IG audio subset=4 steps=64 error=[0.0, 0.0] passed=True
[07:58:37] IG audio subset=5 steps=64 error=[1e-06, 0.0] passed=True
[07:58:37] IG vision subset=0 steps=64 error=[0.0, 0.0] passed=True
[07:58:37] IG vision subset=1 steps=64 error=[1e-06, 1e-06] passed=True
[07:58:37] IG vision subset=2 steps=64 error=[1e-06, 0.0] passed=True
[07:58:37] IG vision subset=3 steps=64 error=[1e-06, 1e-06] passed=True
[07:58:37] Validation detail 54/60: v0634 finished in 1.8s
[07:58:38] IG text subset=0 steps=64 error=[1e-06, 0.0] passed=True
[07:58:38] IG text subset=2 steps=64 error=[1e-06, 0.0] passed=True
[07:58:38] IG text subset=4 steps=64 error=[1e-06, 0.0] passed=True
[07:58:38] IG text subset=6 steps=64 error=[0.0, 0.0] passed=True
[07:58:38] IG audio subset=0 steps=64 error=[0.0, 0.0] passed=True
[07:58:38] IG audio subset=1 steps=64 error=[0.0, 0.0] passed=True
[07:58:38] IG audio subset=4 steps=64 error=[1e-06, 0.0] passed=True
[07:58:38] IG audio subset=5 steps=64 error=[0.0, 0.0] passed=True
[07:58:38] IG vision subset=0 steps=64 error=[0.0, 0.0] passed=True
[07:58:38] IG vision subset=1 steps=64 error=[0.0, 0.0] passed=True
[07:58:38] IG vision subset=2 steps=64 error=[0.0, 0.0] passed=True
[07:58:38] IG vision subset=3 steps=64 error=[0.0, 0.0] passed=True
[07:58:38] IG text subset=0 steps=64 error=[0.0, 0.0] passed=True
[07:58:38] IG text subset=2 steps=64 error=[1e-06, 0.0] passed=True
[07:58:38] IG text subset=4 steps=64 error=[0.0, 0.0] passed=True
[07:58:38] IG text subset=6 steps=64 error=[0.0, 0.0] passed=True
[07:58:39] IG audio subset=0 steps=64 error=[0.0, 0.0] passed=True
[07:58:39] IG audio subset=1 steps=64 error=[0.0, 0.0] passed=True
[07:58:39] IG audio subset=4 steps=64 error=[0.0, 0.0] passed=True
[07:58:39] IG audio subset=5 steps=64 error=[0.0, 0.0] passed=True
[07:58:39] IG vision subset=0 steps=64 error=[0.0, 0.0] passed=True
[07:58:39] IG vision subset=1 steps=64 error=[0.0, 0.0] passed=True
[07:58:39] IG vision subset=2 steps=64 error=[0.0, 0.0] passed=True
[07:58:39] IG vision subset=3 steps=64 error=[0.0, 0.0] passed=True
[07:58:39] Validation detail 55/60: v0666 finished in 1.8s
[07:58:39] IG text subset=0 steps=64 error=[0.0, 1e-06] passed=True
[07:58:39] IG text subset=2 steps=64 error=[1e-06, 1e-06] passed=True
[07:58:39] IG text subset=4 steps=64 error=[1e-06, 1e-06] passed=True
[07:58:40] IG text subset=6 steps=64 error=[1e-06, 1e-06] passed=True
[07:58:40] IG audio subset=0 steps=64 error=[1e-06, 0.0] passed=True
[07:58:40] IG audio subset=1 steps=64 error=[0.0, 0.0] passed=True
[07:58:40] IG audio subset=4 steps=64 error=[0.0, 0.0] passed=True
[07:58:40] IG audio subset=5 steps=64 error=[0.0, 0.0] passed=True
[07:58:40] IG vision subset=0 steps=64 error=[1e-06, 0.0] passed=True
[07:58:40] IG vision subset=1 steps=64 error=[0.0, 0.0] passed=True
[07:58:40] IG vision subset=2 steps=64 error=[1e-06, 0.0] passed=True
[07:58:40] IG vision subset=3 steps=64 error=[0.0, 0.0] passed=True
[07:58:40] IG text subset=0 steps=64 error=[1e-06, 0.0] passed=True
[07:58:40] IG text subset=2 steps=64 error=[1e-06, 0.0] passed=True
[07:58:40] IG text subset=4 steps=64 error=[1e-06, 0.0] passed=True
[07:58:40] IG text subset=6 steps=64 error=[1e-06, 0.0] passed=True
[07:58:40] IG audio subset=0 steps=64 error=[0.0, 0.0] passed=True
[07:58:40] IG audio subset=1 steps=64 error=[0.0, 0.0] passed=True
[07:58:40] IG audio subset=4 steps=64 error=[0.0, 0.0] passed=True
[07:58:41] IG audio subset=5 steps=64 error=[0.0, 0.0] passed=True
[07:58:41] IG vision subset=0 steps=64 error=[0.0, 0.0] passed=True
[07:58:41] IG vision subset=1 steps=64 error=[0.0, 0.0] passed=True
[07:58:41] IG vision subset=2 steps=64 error=[0.0, 0.0] passed=True
[07:58:41] IG vision subset=3 steps=64 error=[0.0, 0.0] passed=True
[07:58:41] Validation detail 56/60: v0669 finished in 1.8s
[07:58:41] IG text subset=0 steps=64 error=[0.0, 0.0] passed=True
[07:58:41] IG text subset=2 steps=64 error=[1e-06, 0.0] passed=True
[07:58:41] IG text subset=4 steps=64 error=[0.0, 0.0] passed=True
[07:58:41] IG text subset=6 steps=64 error=[0.0, 0.0] passed=True
[07:58:41] IG audio subset=0 steps=64 error=[0.0, 0.0] passed=True
[07:58:42] IG audio subset=1 steps=64 error=[0.0, 0.0] passed=True
[07:58:42] IG audio subset=4 steps=64 error=[0.0, 0.0] passed=True
[07:58:42] IG audio subset=5 steps=64 error=[0.0, 0.0] passed=True
[07:58:42] IG vision subset=0 steps=64 error=[1e-06, 0.0] passed=True
[07:58:42] IG vision subset=1 steps=64 error=[1e-06, 0.0] passed=True
[07:58:42] IG vision subset=2 steps=64 error=[1e-06, 0.0] passed=True
[07:58:42] IG vision subset=3 steps=64 error=[0.0, 0.0] passed=True
[07:58:42] IG text subset=0 steps=64 error=[0.0, 0.0] passed=True
[07:58:42] IG text subset=2 steps=64 error=[1e-06, 0.0] passed=True
[07:58:42] IG text subset=4 steps=64 error=[0.0, 0.0] passed=True
[07:58:42] IG text subset=6 steps=64 error=[0.0, 0.0] passed=True
[07:58:42] IG audio subset=0 steps=64 error=[1e-06, 0.0] passed=True
[07:58:42] IG audio subset=1 steps=64 error=[1e-06, 0.0] passed=True
[07:58:42] IG audio subset=4 steps=64 error=[0.0, 0.0] passed=True
[07:58:43] IG audio subset=5 steps=64 error=[0.0, 0.0] passed=True
[07:58:43] IG vision subset=0 steps=64 error=[0.0, 0.0] passed=True
[07:58:43] IG vision subset=1 steps=64 error=[1e-06, 0.0] passed=True
[07:58:43] IG vision subset=2 steps=64 error=[1e-06, 0.0] passed=True
[07:58:43] IG vision subset=3 steps=64 error=[0.0, 0.0] passed=True
[07:58:43] Validation detail 57/60: v0670 finished in 2.0s
[07:58:43] IG text subset=0 steps=64 error=[0.0, 0.0] passed=True
[07:58:43] IG text subset=2 steps=64 error=[0.0, 0.0] passed=True
[07:58:43] IG text subset=4 steps=64 error=[1e-06, 0.0] passed=True
[07:58:43] IG text subset=6 steps=64 error=[0.0, 0.0] passed=True
[07:58:43] IG audio subset=0 steps=64 error=[0.0, 0.0] passed=True
[07:58:44] IG audio subset=1 steps=64 error=[0.0, 0.0] passed=True
[07:58:44] IG audio subset=4 steps=64 error=[1e-06, 0.0] passed=True
[07:58:44] IG audio subset=5 steps=64 error=[0.0, 0.0] passed=True
[07:58:44] IG vision subset=0 steps=64 error=[1e-06, 0.0] passed=True
[07:58:44] IG vision subset=1 steps=64 error=[0.0, 0.0] passed=True
[07:58:44] IG vision subset=2 steps=64 error=[0.0, 0.0] passed=True
[07:58:44] IG vision subset=3 steps=64 error=[0.0, 0.0] passed=True
[07:58:44] IG text subset=0 steps=64 error=[1e-06, 0.0] passed=True
[07:58:44] IG text subset=2 steps=64 error=[0.0, 0.0] passed=True
[07:58:44] IG text subset=4 steps=64 error=[0.0, 0.0] passed=True
[07:58:44] IG text subset=6 steps=64 error=[0.0, 0.0] passed=True
[07:58:44] IG audio subset=0 steps=64 error=[0.0, 0.0] passed=True
[07:58:44] IG audio subset=1 steps=64 error=[0.0, 0.0] passed=True
[07:58:44] IG audio subset=4 steps=64 error=[0.0, 0.0] passed=True
[07:58:44] IG audio subset=5 steps=64 error=[0.0, 0.0] passed=True
[07:58:44] IG vision subset=0 steps=64 error=[0.0, 0.0] passed=True
[07:58:44] IG vision subset=1 steps=64 error=[1e-06, 0.0] passed=True
[07:58:45] IG vision subset=2 steps=64 error=[0.0, 0.0] passed=True
[07:58:45] IG vision subset=3 steps=64 error=[0.0, 0.0] passed=True
[07:58:45] Validation detail 58/60: v0677 finished in 1.8s
[07:58:45] IG text subset=0 steps=64 error=[0.0, 0.0] passed=True
[07:58:45] IG text subset=2 steps=64 error=[0.0, 0.0] passed=True
[07:58:45] IG text subset=4 steps=64 error=[1e-06, 0.0] passed=True
[07:58:45] IG text subset=6 steps=64 error=[0.0, 0.0] passed=True
[07:58:45] IG audio subset=0 steps=64 error=[0.0, 0.0] passed=True
[07:58:45] IG audio subset=1 steps=64 error=[0.0, 0.0] passed=True
[07:58:45] IG audio subset=4 steps=64 error=[0.0, 0.0] passed=True
[07:58:45] IG audio subset=5 steps=64 error=[1e-06, 0.0] passed=True
[07:58:45] IG vision subset=0 steps=64 error=[0.0, 0.0] passed=True
[07:58:46] IG vision subset=1 steps=64 error=[0.0, 0.0] passed=True
[07:58:46] IG vision subset=2 steps=64 error=[0.0, 0.0] passed=True
[07:58:46] IG vision subset=3 steps=64 error=[1e-06, 0.0] passed=True
[07:58:46] IG text subset=0 steps=64 error=[0.0, 0.0] passed=True
[07:58:46] IG text subset=2 steps=64 error=[0.0, 0.0] passed=True
[07:58:46] IG text subset=4 steps=64 error=[1e-06, 0.0] passed=True
[07:58:46] IG text subset=6 steps=64 error=[0.0, 0.0] passed=True
[07:58:46] IG audio subset=0 steps=64 error=[0.0, 0.0] passed=True
[07:58:46] IG audio subset=1 steps=64 error=[0.0, 0.0] passed=True
[07:58:46] IG audio subset=4 steps=64 error=[0.0, 0.0] passed=True
[07:58:46] IG audio subset=5 steps=64 error=[1e-06, 0.0] passed=True
[07:58:46] IG vision subset=0 steps=64 error=[0.0, 0.0] passed=True
[07:58:46] IG vision subset=1 steps=64 error=[0.0, 0.0] passed=True
[07:58:46] IG vision subset=2 steps=64 error=[0.0, 0.0] passed=True
[07:58:46] IG vision subset=3 steps=64 error=[1e-06, 0.0] passed=True
[07:58:47] Validation detail 59/60: v0704 finished in 1.8s
[07:58:47] IG text subset=0 steps=64 error=[0.0, 0.0] passed=True
[07:58:47] IG text subset=2 steps=64 error=[0.0, 0.0] passed=True
[07:58:47] IG text subset=4 steps=64 error=[1e-06, 1e-06] passed=True
[07:58:47] IG text subset=6 steps=64 error=[1e-06, 1e-06] passed=True
[07:58:47] IG audio subset=0 steps=64 error=[0.0, 0.0] passed=True
[07:58:47] IG audio subset=1 steps=64 error=[0.0, 0.0] passed=True
[07:58:47] IG audio subset=4 steps=64 error=[1e-06, 0.0] passed=True
[07:58:47] IG audio subset=5 steps=64 error=[0.0, 0.0] passed=True
[07:58:47] IG vision subset=0 steps=64 error=[0.0, 0.0] passed=True
[07:58:47] IG vision subset=1 steps=64 error=[0.0, 0.0] passed=True
[07:58:47] IG vision subset=2 steps=64 error=[1e-06, 0.0] passed=True
[07:58:47] IG vision subset=3 steps=64 error=[0.0, 0.0] passed=True
[07:58:48] IG text subset=0 steps=64 error=[1e-06, 0.0] passed=True
[07:58:48] IG text subset=2 steps=64 error=[1e-06, 0.0] passed=True
[07:58:48] IG text subset=4 steps=64 error=[0.0, 0.0] passed=True
[07:58:48] IG text subset=6 steps=64 error=[0.0, 0.0] passed=True
[07:58:48] IG audio subset=0 steps=64 error=[0.0, 0.0] passed=True
[07:58:48] IG audio subset=1 steps=64 error=[0.0, 0.0] passed=True
[07:58:48] IG audio subset=4 steps=64 error=[0.0, 0.0] passed=True
[07:58:48] IG audio subset=5 steps=64 error=[0.0, 0.0] passed=True
[07:58:48] IG vision subset=0 steps=64 error=[0.0, 0.0] passed=True
[07:58:48] IG vision subset=1 steps=64 error=[0.0, 0.0] passed=True
[07:58:48] IG vision subset=2 steps=64 error=[0.0, 0.0] passed=True
[07:58:48] IG vision subset=3 steps=64 error=[0.0, 0.0] passed=True
[07:58:49] Validation detail 60/60: v0708 finished in 1.8s
PHASE_COMPLETE=details
