样本编号,参考输入,解释任务,模态,有符号Shapley值,绝对作用程度,作用程度有效,分类正确
v0000,训练均值参考,情感极性,文本,0.9147384005288282,0.3958780302386864,是,是
v0000,训练均值参考,情感极性,语音,-0.3232242812712987,0.13988413706150543,是,是
v0000,训练均值参考,情感极性,视觉,-1.072694466759761,0.4642378326998082,是,是
v0000,训练均值参考,情感强度,文本,0.27700358629226685,0.4458762732052081,是,是
v0000,训练均值参考,情感强度,语音,-0.09134068340063095,0.14702569035954433,是,是
v0000,训练均值参考,情感强度,视觉,-0.25291234999895096,0.4070980364352475,是,是
v0000,零参考,情感极性,文本,2.1475146102408567,0.6488389107486531,是,是
v0000,零参考,情感极性,语音,-0.3826600511868794,0.11561492043645376,是,是
v0000,零参考,情感极性,视觉,-0.7796062019964058,0.23554616881489318,是,是
v0000,零参考,情感强度,文本,0.5157649970302979,0.6647261120296054,是,是
v0000,零参考,情感强度,语音,-0.08138930176695187,0.10489582355502906,是,是
v0000,零参考,情感强度,视觉,-0.17875172880788642,0.2303780644153655,是,是
v0001,训练均值参考,情感极性,文本,0.6290218830108641,0.8427369476367848,是,是
v0001,训练均值参考,情感极性,语音,-0.10941972583532333,0.14659592655240197,是,是
v0001,训练均值参考,情感极性,视觉,-0.007961980998516083,0.010667125810813222,是,是
v0001,训练均值参考,情感强度,文本,0.20742866396903992,0.7203298335308332,是,是
v0001,训练均值参考,情感强度,语音,0.02261441946029663,0.07853225631180498,是,是
v0001,训练均值参考,情感强度,视觉,0.057920366525650024,0.20113791015736174,是,是
v0001,零参考,情感极性,文本,1.8303753981987634,0.8184284265583369,是,是
v0001,零参考,情感极性,语音,-0.12868698438008624,0.05754070244190109,是,是
v0001,零参考,情感极性,视觉,0.2773890147606532,0.12403087099976194,是,是
v0001,零参考,情感强度,文本,0.4850828150908152,0.7926005636809499,是,是
v0001,零参考,情感强度,语音,0.00859209398428599,0.014039043073232383,是,是
v0001,零参考,情感强度,视觉,0.1183393100897471,0.19336039324581766,是,是
v0002,训练均值参考,情感极性,文本,1.5379994387427964,0.5319120950374212,是,否
v0002,训练均值参考,情感极性,语音,-0.24086588372786838,0.0833026811384657,是,否
v0002,训练均值参考,情感极性,视觉,-1.1125888352592785,0.38478522382411307,是,否
v0002,训练均值参考,情感强度,文本,0.443499838312467,0.5387898951926722,是,否
v0002,训练均值参考,情感强度,语音,-0.028627614180246987,0.03477852281182658,是,否
v0002,训练均值参考,情感强度,视觉,-0.35101314882437384,0.4264315819955011,是,否
v0002,零参考,情感极性,文本,2.7364781095335875,0.7157646223204255,是,否
v0002,零参考,情感极性,语音,-0.2765507896741231,0.07233577744835404,是,否
v0002,零参考,情感极性,视觉,-0.8101247244824965,0.21189960023122037,是,否
v0002,零参考,情感强度,文本,0.6820977932463089,0.6967877937854003,是,否
v0002,零参考,情感强度,语音,-0.03777448212107022,0.038588012333624425,是,否
v0002,零参考,情感强度,视觉,-0.2590452649941047,0.26462419388097524,是,否
v0003,训练均值参考,情感极性,文本,5.242840468883514,0.9057290866877412,是,否
v0003,训练均值参考,情感极性,语音,-0.0031760632991790754,0.000548682136773182,是,否
v0003,训练均值参考,情感极性,视觉,0.5425139963626862,0.09372223117548564,是,否
v0003,训练均值参考,情感强度,文本,-1.970998870829741,0.9116067458733957,是,否
v0003,训练均值参考,情感强度,语音,-0.06226223955551784,0.02879691025297313,是,否
v0003,训练均值参考,情感强度,视觉,-0.12885416547457376,0.059596343873631295,是,否
v0003,零参考,情感极性,文本,3.766814208899935,0.9311601895956718,是,否
v0003,零参考,情感极性,语音,-0.042456130186716706,0.010495197278579622,是,否
v0003,零参考,情感极性,视觉,0.2360209555675586,0.0583446131257486,是,否
v0003,零参考,情感强度,文本,-1.7377881538122892,0.9451129526826348,是,否
v0003,零参考,情感强度,语音,-0.06825536675751209,0.03712134362932047,是,否
v0003,零参考,情感强度,视觉,-0.03266596794128417,0.0177657036880447,是,否
v0004,训练均值参考,情感极性,文本,2.065760590136051,0.8129962089760244,是,是
v0004,训练均值参考,情感极性,语音,-0.2258936837315559,0.0889022229305327,是,是
v0004,训练均值参考,情感极性,视觉,-0.2492685094475746,0.09810156809344284,是,是
v0004,训练均值参考,情感强度,文本,0.7290391176939011,0.9373157003113249,是,是
v0004,训练均值参考,情感强度,语音,-0.017826110124588013,0.02291878788083142,是,是
v0004,训练均值参考,情感强度,视觉,-0.030929401516914368,0.039765511807843656,是,是
v0004,零参考,情感极性,文本,3.315845434864362,0.9127431251970812,是,是
v0004,零参考,情感极性,语音,-0.28840681413809455,0.07938890459027272,是,是
v0004,零参考,情感极性,视觉,0.02858303984006246,0.007867970212646081,是,是
v0004,零参考,情感强度,文本,0.9998940005898476,0.9487312838651826,是,是
v0004,零参考,情感强度,语音,-0.026006460189819336,0.02467575798046705,是,是
v0004,零参考,情感强度,视觉,0.02802705019712448,0.026592958154350397,是,是
v0005,训练均值参考,情感极性,文本,3.943183224648237,0.8948439526468367,是,是
v0005,训练均值参考,情感极性,语音,-0.006208389997482293,0.0014088973117437975,是,是
v0005,训练均值参考,情感极性,视觉,-0.45716800168156624,0.10374715004141936,是,是
v0005,训练均值参考,情感强度,文本,-1.3388015801707902,0.888566873459109,是,是
v0005,训练均值参考,情感强度,语音,-0.06970642755428949,0.04626437801486415,是,是
v0005,训练均值参考,情感强度,视觉,0.09818959732850391,0.06516874852602685,是,是
v0005,零参考,情感极性,文本,3.6674443433682122,0.8712554300620059,是,是
v0005,零参考,情感极性,语音,-0.06985128422578174,0.016594201569429704,是,是
v0005,零参考,情感极性,视觉,-0.4720834096272786,0.11215036836856439,是,是
v0005,零参考,情感强度,文本,-1.0936940349638462,0.7897778087737635,是,是
v0005,零参考,情感强度,语音,-0.09265468083322048,0.06690775341342359,是,是
v0005,零参考,情感强度,视觉,0.19846359826624393,0.14331443781281294,是,是
v0006,训练均值参考,情感极性,文本,0.40202646205822623,0.27877405585611215,是,否
v0006,训练均值参考,情感极性,语音,0.46305333326260245,0.32109144042516213,是,否
v0006,训练均值参考,情感极性,视觉,0.5770431483785311,0.40013450371872566,是,否
v0006,训练均值参考,情感强度,文本,-0.081546351313591,0.28881562059056737,是,否
v0006,训练均值参考,情感强度,语音,-0.0918893814086914,0.3254478991362473,是,否
v0006,训练均值参考,情感强度,视觉,-0.10891170799732207,0.3857364802731853,是,否
v0006,零参考,情感极性,文本,-0.8477765930195649,0.5067325853683445,是,否
v0006,零参考,情感极性,语音,0.5255536256978909,0.31413364050433684,是,否
v0006,零参考,情感极性,视觉,0.2996953918288151,0.17913377412731868,是,否
v0006,零参考,情感强度,文本,0.16520321927964685,0.5655041041650505,是,否
v0006,零参考,情感强度,语音,-0.08124852739274502,0.2781203411066001,是,否
v0006,零参考,情感强度,视觉,-0.04568268358707428,0.15637555472834924,是,否
v0007,训练均值参考,情感极性,文本,-1.8149417595316966,0.6686012517675425,是,是
v0007,训练均值参考,情感极性,语音,0.2112194343159596,0.07781052887213404,是,是
v0007,训练均值参考,情感极性,视觉,0.6883741958687702,0.25358821936032344,是,是
v0007,训练均值参考,情感强度,文本,-0.04086001341541608,0.09483132690327771,是,是
v0007,训练均值参考,情感强度,语音,-0.3408835468192895,0.7911509655102651,是,是
v0007,训练均值参考,情感强度,视觉,-0.0491268572707971,0.11401770758645713,是,是
v0007,零参考,情感极性,文本,-1.5288760047405958,0.6122155135613612,是,是
v0007,零参考,情感极性,语音,0.21042984910309315,0.08426348359044866,是,是
v0007,零参考,情感极性,视觉,0.757978143170476,0.3035210028481901,是,是
v0007,零参考,情感强度,文本,0.15540078530708948,0.3118711458026798,是,是
v0007,零参考,情感强度,语音,-0.302906430636843,0.6078976718620385,是,是
v0007,零参考,情感强度,视觉,0.03997801306347052,0.08023118233528163,是,是
v0008,训练均值参考,情感极性,文本,0.6239691575368245,0.42874864803556,是,否
v0008,训练均值参考,情感极性,语音,-0.09824291865030924,0.06750577018368369,是,否
v0008,训练均值参考,情感极性,视觉,-0.7331141630808512,0.5037455817807563,是,否
v0008,训练均值参考,情感强度,文本,0.7472822566827138,0.7377686435550816,是,否
v0008,训练均值参考,情感强度,语音,-0.049482482175032295,0.048852523163161785,是,否
v0008,训练均值参考,情感强度,视觉,-0.21613037834564844,0.21337883328175664,是,否
v0008,零参考,情感极性,文本,2.1979087851941586,0.7896292922889582,是,否
v0008,零参考,情感极性,语音,-0.13108265958726406,0.047093268118541226,是,否
v0008,零参考,情感极性,视觉,-0.45447771809995174,0.16327743959250057,是,否
v0008,零参考,情感强度,文本,0.9492911230772731,0.866998761009886,是,否
v0008,零参考,情感强度,语音,-0.02604747004806995,0.023789461114849673,是,否
v0008,零参考,情感强度,视觉,-0.11957776173949242,0.10921177787526425,是,否
v0009,训练均值参考,情感极性,文本,-0.6187959220260382,0.5570705278083773,是,否
v0009,训练均值参考,情感极性,语音,0.4098217952996492,0.36894173941460745,是,否
v0009,训练均值参考,情感极性,视觉,0.08218583650887012,0.07398773277701526,是,否
v0009,训练均值参考,情感强度,文本,-0.2431588986267646,0.5226924781723555,是,否
v0009,训练均值参考,情感强度,语音,-0.13264910069604716,0.2851414756429544,是,否
v0009,训练均值参考,情感强度,视觉,-0.08939651151498157,0.19216604618469013,是,否
v0009,零参考,情感极性,文本,-0.3196034859865904,0.3690203790910057,是,否
v0009,零参考,情感极性,语音,0.43327117897570133,0.500263300386932,是,否
v0009,零参考,情感极性,视觉,0.11321161128580569,0.13071632052206228,是,否
v0009,零参考,情感强度,文本,-0.055291421711444855,0.3845409051971912,是,否
v0009,零参考,情感强度,语音,-0.08793866634368896,0.611596036255228,是,否
v0009,零参考,情感强度,视觉,-0.000555451959371565,0.0038630585475808617,是,否
v0010,训练均值参考,情感极性,文本,3.0878264804681144,0.6413353599448872,是,是
v0010,训练均值参考,情感极性,语音,1.5299625744422278,0.3177701546990295,是,是
v0010,训练均值参考,情感极性,视觉,-0.1968939850727717,0.04089448535608322,是,是
v0010,训练均值参考,情感强度,文本,-0.9183772280812263,0.4665258177922382,是,是
v0010,训练均值参考,情感强度,语音,-0.783885158598423,0.39820528372027847,是,是
v0010,训练均值参考,情感强度,视觉,0.26628296077251434,0.13526889848748333,是,是
v0010,零参考,情感极性,文本,1.5326360532393055,0.41957407371450056,是,是
v0010,零参考,情感极性,语音,1.5946199813236792,0.436542778813288,是,是
v0010,零参考,情感极性,视觉,-0.5255818056563536,0.1438831474722115,是,是
v0010,零参考,情感强度,文本,-0.7215487516174713,0.4008637254101295,是,是
v0010,零参考,情感强度,语音,-0.7356180424491563,0.40868006259320283,是,是
v0010,零参考,情感强度,视觉,0.3428183527042468,0.1904562119966678,是,是
v0011,训练均值参考,情感极性,文本,2.815808745721976,0.6764616205450485,是,是
v0011,训练均值参考,情感极性,语音,-0.6055204098423321,0.14546844431013417,是,是
v0011,训练均值参考,情感极性,视觉,-0.7412259106834729,0.17806993514481728,是,是
v0011,训练均值参考,情感强度,文本,1.0866183986266453,0.8088539256372184,是,是
v0011,训练均值参考,情感强度,语音,-0.13553337256113687,0.10088794795807078,是,是
v0011,训练均值参考,情感强度,视觉,-0.12125321726004282,0.09025812640471077,是,是
v0011,零参考,情感极性,文本,4.060611149917046,0.7825219453050609,是,是
v0011,零参考,情感极性,语音,-0.6441996575643618,0.12414396517933435,是,是
v0011,零参考,情感极性,视觉,-0.48432308745880914,0.0933340895156048,是,是
v0011,零参考,情感强度,文本,1.2805467757085958,0.9062730299974714,是,是
v0011,零参考,情感强度,语音,-0.09305643786986668,0.0658582267425793,是,是
v0011,零参考,情感强度,视觉,-0.03937801097830137,0.027868743259949407,是,是
v0012,训练均值参考,情感极性,文本,-1.0262147883574166,0.6355438393106023,是,否
v0012,训练均值参考,情感极性,语音,0.3062904005249341,0.18968833747287706,是,否
v0012,训练均值参考,情感极性,视觉,0.2821981956561406,0.17476782321652065,是,否
v0012,训练均值参考,情感强度,文本,-0.4046703514953454,0.7921743218279723,是,否
v0012,训练均值参考,情感强度,语音,-0.09434346606334049,0.1846848205495151,是,否
v0012,训练均值参考,情感强度,视觉,-0.011821159472068153,0.023140857622512556,是,否
v0012,零参考,情感极性,文本,-0.7664046138525009,0.5288806811835574,是,否
v0012,零参考,情感极性,语音,0.34746839106082916,0.2397810712937246,是,否
v0012,零参考,情感极性,视觉,0.3352338373661041,0.23133824752271806,是,否
v0012,零参考,情感强度,文本,-0.1791620956112941,0.5748602632617262,是,否
v0012,零参考,情感强度,语音,-0.07108814207216103,0.22809371550917146,是,否
v0012,零参考,情感强度,视觉,0.061411755780378975,0.19704602122910223,是,否
v0013,训练均值参考,情感极性,文本,1.6156653594225643,0.7313264598036591,是,否
v0013,训练均值参考,情感极性,语音,0.4110058024525642,0.18604064060259504,是,否
v0013,训练均值参考,情感极性,视觉,0.182554742321372,0.08263289959374594,是,否
v0013,训练均值参考,情感强度,文本,-0.35026362600425875,0.8729495207175094,是,否
v0013,训练均值参考,情感强度,语音,-0.037224442387620606,0.09277314779141484,是,否
v0013,训练均值参考,情感强度,视觉,0.013753489901622135,0.03427733149107572,是,否
v0013,零参考,情感极性,文本,0.3024533285448948,0.36779130372517366,是,否
v0013,零参考,情感极性,语音,0.4820608894030252,0.5861988817958672,是,否
v0013,零参考,情感极性,视觉,-0.037836189692219094,0.04600981447895897,是,否
v0013,零参考,情感强度,文本,-0.08482166752219199,0.434264772557614,是,否
v0013,零参考,情感强度,语音,-0.040946949273347855,0.2096376802362001,是,否
v0013,零参考,情感强度,视觉,0.06955385208129883,0.35609754720618586,是,否
v0014,训练均值参考,情感极性,文本,2.0595941965778666,0.8810374734963972,是,否
v0014,训练均值参考,情感极性,语音,-0.16774909446636835,0.07175842630335846,是,否
v0014,训练均值参考,情感极性,视觉,-0.11034864435593288,0.047204100200244445,是,否
v0014,训练均值参考,情感强度,文本,0.5485391765832901,0.5804299438434914,是,否
v0014,训练均值参考,情感强度,语音,0.09916925430297852,0.10493471963955289,是,否
v0014,训练均值参考,情感强度,视觉,0.297348216176033,0.31463533651695563,是,否
v0014,零参考,情感极性,文本,3.316506028175354,0.9150517504065123,是,否
v0014,零参考,情感极性,语音,-0.18812535703182218,0.05190535937078573,是,否
v0014,零参考,情感极性,视觉,0.1197603791952133,0.03304289022270198,是,否
v0014,零参考,情感强度,文本,0.8095546141266823,0.6383558680750323,是,否
v0014,零参考,情感强度,语音,0.10360511392354965,0.08169545486072764,是,否
v0014,零参考,情感强度,视觉,0.3550272732973099,0.27994867706424,是,否
v0015,训练均值参考,情感极性,文本,3.0947564306358495,0.6528940880795132,是,是
v0015,训练均值参考,情感极性,语音,-0.6174497244258721,0.1302620363829891,是,是
v0015,训练均值参考,情感极性,视觉,-1.0278527413805325,0.21684387553749762,是,是
v0015,训练均值参考,情感强度,文本,-0.8726999014616011,0.6129999846660771,是,是
v0015,训练均值参考,情感强度,语音,-0.022553160786628723,0.015841742611888313,是,是
v0015,训练均值参考,情感强度,视觉,0.5284009724855423,0.37115827272203455,是,是
v0015,零参考,情感极性,文本,2.9988471642136574,0.6116372492357989,是,是
v0015,零参考,情感极性,语音,-0.7312474474310875,0.14914337169121042,是,是
v0015,零参考,情感极性,视觉,-1.1728885993361473,0.23921937907299073,是,是
v0015,零参考,情感强度,文本,-0.6118177371099591,0.4923201363456393,是,是
v0015,零参考,情感强度,语音,-0.03140481375157833,0.025270961023654795,是,是
v0015,零参考,情感强度,视觉,0.59950081538409,0.4824089026307059,是,是
v0016,训练均值参考,情感极性,文本,4.680982251962026,0.9024528614550236,是,否
v0016,训练均值参考,情感极性,语音,0.18817352255185443,0.03627822639272209,是,否
v0016,训练均值参考,情感极性,视觉,0.31779908140500385,0.061268912152254475,是,否
v0016,训练均值参考,情感强度,文本,-1.572749634583791,0.8582363932905909,是,否
v0016,训练均值参考,情感强度,语音,-0.048320492108662925,0.026368090608611054,是,否
v0016,训练均值参考,情感强度,视觉,-0.2114665110905965,0.11539551610079815,是,否
v0016,零参考,情感极性,文本,3.1706051329771676,0.9418811183354145,是,否
v0016,零参考,情感极性,语音,0.1526933709780375,0.04536011170970181,是,否
v0016,零参考,情感极性,视觉,0.04294917980829875,0.012758769954883734,是,否
v0016,零参考,情感强度,文本,-1.3234214813758929,0.8765153580354067,是,否
v0016,零参考,情感强度,语音,-0.0313128021856149,0.0207387838304406,是,否
v0016,零参考,情感强度,视觉,-0.15513256502648196,0.10274585813415281,是,否
v0017,训练均值参考,情感极性,文本,3.822823144495487,0.9263235122996839,是,否
v0017,训练均值参考,情感极性,语音,-0.14725472778081894,0.035681879983664275,是,否
v0017,训练均值参考,情感极性,视觉,-0.1567990705370903,0.03799460771665181,是,否
v0017,训练均值参考,情感强度,文本,-1.3278633629282315,0.8484436491400829,是,否
v0017,训练均值参考,情感强度,语音,-0.10902347912391026,0.06966099152389787,是,否
v0017,训练均值参考,情感强度,视觉,-0.12817097206910452,0.08189535933601941,是,否
v0017,零参考,情感极性,文本,3.4874293232957516,0.9151616549045986,是,否
v0017,零参考,情感极性,语音,-0.17337662478288013,0.045497019193532315,是,否
v0017,零参考,情感极性,视觉,-0.14991897096236545,0.039341325901869055,是,否
v0017,零参考,情感强度,文本,-1.110883085678021,0.894363837372829,是,否
v0017,零参考,情感强度,语音,-0.0979196603099505,0.07883440145782745,是,否
v0017,零参考,情感强度,视觉,-0.03329028065005939,0.02680176116934339,是,否
v0018,训练均值参考,情感极性,文本,0.07336387783288954,0.0497010374028997,是,否
v0018,训练均值参考,情感极性,语音,0.7210684716701508,0.4884945035506769,是,否
v0018,训练均值参考,情感极性,视觉,0.6816712021827698,0.46180445904642337,是,否
v0018,训练均值参考,情感强度,文本,-0.010900919636090594,0.03291987679884477,是,否
v0018,训练均值参考,情感强度,语音,-0.13822252800067264,0.4174206162883778,是,否
v0018,训练均值参考,情感强度,视觉,-0.18201143791278201,0.5496595069127773,是,否
v0018,零参考,情感极性,文本,-1.2287249124298492,0.4979659377176199,是,否
v0018,零参考,情感极性,语音,0.7720558171470959,0.31289143327916896,是,否
v0018,零参考,情感极性,视觉,0.4667071433116992,0.18914262900321102,是,否
v0018,零参考,情感强度,文本,0.20133323470751444,0.4894235922942144,是,否
v0018,零参考,情感强度,语音,-0.10588568200667697,0.2573988886410938,是,否
v0018,零参考,情感强度,视觉,-0.10414914538462956,0.25317751906469177,是,否
v0019,训练均值参考,情感极性,文本,1.2897304718693097,0.3895298667534867,是,是
v0019,训练均值参考,情感极性,语音,-0.8988256479303041,0.2714671340326259,是,是
v0019,训练均值参考,情感极性,视觉,-1.122436391810576,0.3390029992138873,是,是
v0019,训练均值参考,情感强度,文本,0.27989402165015537,0.37186596952304624,是,是
v0019,训练均值参考,情感强度,语音,-0.1886394421259562,0.25062553541831367,是,是
v0019,训练均值参考,情感强度,视觉,-0.2841410065690676,0.37750849505864004,是,是
v0019,零参考,情感极性,文本,2.5318555769821005,0.583985653856101,是,是
v0019,零参考,情感极性,语音,-0.9389174586782852,0.21656619398359292,是,是
v0019,零参考,情感极性,视觉,-0.8647026053319374,0.1994481521603061,是,是
v0019,零参考,情感强度,文本,0.46466720973451925,0.5733167699603056,是,是
v0019,零参考,情感强度,语音,-0.15129138777653375,0.18666668950540066,是,是
v0019,零参考,情感强度,视觉,-0.19453088069955507,0.24001654053429386,是,是
v0020,训练均值参考,情感极性,文本,1.2408013343811033,0.6354593097944387,是,是
v0020,训练均值参考,情感极性,语音,-0.10866466164588927,0.05565110946869291,是,是
v0020,训练均值参考,情感极性,视觉,-0.6031394898891449,0.3088895807368684,是,是
v0020,训练均值参考,情感强度,文本,0.8948643008867898,0.7868339432024972,是,是
v0020,训练均值参考,情感强度,语音,-0.10001060863335928,0.08793706651956738,是,是
v0020,训练均值参考,情感强度,视觉,-0.14242262144883472,0.12522899027793533,是,是
v0020,零参考,情感极性,文本,2.840675424784422,0.8531658013132334,是,是
v0020,零参考,情感极性,语音,-0.1504152286797762,0.045175569157477176,是,是
v0020,零参考,情感极性,视觉,-0.3384795431047678,0.1016586295292894,是,是
v0020,零参考,情感强度,文本,1.1246066348006327,0.8836166127882424,是,是
v0020,零参考,情感强度,语音,-0.0698012306044499,0.054843644921309796,是,是
v0020,零参考,情感强度,视觉,-0.07832356418172517,0.06153974229044765,是,是
v0021,训练均值参考,情感极性,文本,-0.4885528112451235,0.19664411060368486,是,否
v0021,训练均值参考,情感极性,语音,1.1801087235411007,0.4749976359054385,是,否
v0021,训练均值参考,情感极性,视觉,0.8157902484138806,0.32835825349087666,是,否
v0021,训练均值参考,情感强度,文本,0.08705807973941167,0.16633785238021453,是,否
v0021,训练均值参考,情感强度,语音,-0.24210767696301141,0.4625839571850659,是,否
v0021,训练均值参考,情感强度,视觉,-0.19421529273192087,0.37107819043471957,是,否
v0021,零参考,情感极性,文本,-1.7291559732208648,0.4941533618630793,是,否
v0021,零参考,情感极性,语音,1.2223853481312592,0.3493298688065068,是,否
v0021,零参考,情感极性,视觉,0.5476880812396605,0.15651676933041395,是,否
v0021,零参考,情感强度,文本,0.29687898978590965,0.4787216806054459,是,否
v0021,零参考,情感强度,语音,-0.2095855139195919,0.3379596835953161,是,否
v0021,零参考,情感强度,视觉,-0.11368495225906372,0.183318635799238,是,否
v0022,训练均值参考,情感极性,文本,2.804665279885133,0.6885242045518093,是,是
v0022,训练均值参考,情感极性,语音,-0.5149843866626421,0.12642478862861636,是,是
v0022,训练均值参考,情感极性,视觉,-0.7537950451175371,0.18505100681957445,是,是
v0022,训练均值参考,情感强度,文本,1.0875018959244092,0.8350554494227436,是,是
v0022,训练均值参考,情感强度,语音,-0.11610221366087596,0.08915091235325732,是,是
v0022,训练均值参考,情感强度,视觉,-0.09870688865582149,0.07579363822399904,是,是
v0022,零参考,情感极性,文本,4.047063544392586,0.7944079995167456,是,是
v0022,零参考,情感极性,语音,-0.568318173289299,0.11155656395791143,是,是
v0022,零参考,情感极性,视觉,-0.47905784845352173,0.09403543652534295,是,是
v0022,零参考,情感强度,文本,1.2889367503424485,0.9301420311682148,是,是
v0022,零参考,情感强度,语音,-0.07560069362322488,0.05455611588834723,是,是
v0022,零参考,情感强度,视觉,-0.021204418192307152,0.015301852943437855,是,是
v0023,训练均值参考,情感极性,文本,2.384626794606447,0.796268084363471,是,否
v0023,训练均值参考,情感极性,语音,-0.14827837049961087,0.04951270961867558,是,否
v0023,训练均值参考,情感极性,视觉,-0.4618485383689403,0.1542192060178534,是,否
v0023,训练均值参考,情感强度,文本,-0.5672995845476786,0.7734779500341032,是,否
v0023,训练均值参考,情感强度,语音,-0.1399561489621798,0.19082156613995602,是,否
v0023,训练均值参考,情感强度,视觉,-0.02618415902058284,0.03570048382594089,是,否
v0023,零参考,情感极性,文本,2.1035185120999813,0.7553731314623763,是,否
v0023,零参考,情感极性,语音,-0.19773925095796582,0.07100813059164741,是,否
v0023,零参考,情感极性,视觉,-0.48348321393132204,0.17361873794597632,是,否
v0023,零参考,情感强度,文本,-0.3541660557190577,0.6620775478556583,是,否
v0023,零参考,情感强度,语音,-0.1205646979312102,0.22538348403318917,是,否
v0023,零参考,情感强度,视觉,0.06020062540968259,0.11253896811115248,是,否
v0024,训练均值参考,情感极性,文本,1.373706005513668,0.5822265095404088,是,否
v0024,训练均值参考,情感极性,语音,-0.7344586625695229,0.31129026283150757,是,否
v0024,训练均值参考,情感极性,视觉,-0.25123666971921915,0.10648322762808367,是,否
v0024,训练均值参考,情感强度,文本,0.2642595718304316,0.48953302032529206,是,否
v0024,训练均值参考,情感强度,语音,-0.19590879728396732,0.3629152373873324,是,否
v0024,训练均值参考,情感强度,视觉,-0.07965133835872014,0.14755174228737558,是,否
v0024,零参考,情感极性,文本,2.7047396413981915,0.7603845855907573,是,否
v0024,零参考,情感极性,语音,-0.817084478214383,0.22970730078792687,是,否
v0024,零参考,情感极性,视觉,-0.03524383343756199,0.009908113621315806,是,否
v0024,零参考,情感强度,文本,0.4888636420170466,0.7310131948804116,是,否
v0024,零参考,情感强度,语音,-0.1668344357361396,0.2494727842315045,是,否
v0024,零参考,情感强度,视觉,-0.013049963240822155,0.01951402088808373,是,否
v0025,训练均值参考,情感极性,文本,1.122757114470005,0.4100635474252804,是,是
v0025,训练均值参考,情感极性,语音,0.9394249990582466,0.3431053276697867,是,是
v0025,训练均值参考,情感极性,视觉,0.6758254989981651,0.24683112490493292,是,是
v0025,训练均值参考,情感强度,文本,-0.15379078996678194,0.37905559804277206,是,是
v0025,训练均值参考,情感强度,语音,-0.1370702770849069,0.3378437412638974,是,是
v0025,训练均值参考,情感强度,视觉,-0.1148598634948333,0.28310066069333056,是,是
v0025,零参考,情感极性,文本,0.013219714164733887,0.010326359087299591,是,是
v0025,零参考,情感极性,语音,0.897883415222168,0.7013666444354373,是,是
v0025,零参考,情感极性,视觉,0.36908808350563044,0.28830699647726304,是,是
v0025,零参考,情感强度,文本,0.0005200182398160298,0.005032357798435572,是,是
v0025,零参考,情感强度,语音,-0.0728532231102387,0.705020434647983,是,是
v0025,零参考,情感强度,视觉,-0.029961668575803437,0.2899472075535814,是,是
v0026,训练均值参考,情感极性,文本,1.5759181802471476,0.5178294815639927,是,否
v0026,训练均值参考,情感极性,语音,-0.4051246071855227,0.13311951593501842,是,否
v0026,训练均值参考,情感极性,视觉,-1.0622721190253892,0.349051002500989,是,否
v0026,训练均值参考,情感强度,文本,-0.019469345609347037,0.07030597570758709,是,否
v0026,训练均值参考,情感强度,语音,0.07399849345286685,0.26721680263344927,是,否
v0026,训练均值参考,情感强度,视觉,-0.18345521638790765,0.6624772216589637,是,否
v0026,零参考,情感极性,文本,2.8346964959055185,0.692394712800763,是,否
v0026,零参考,情感极性,语音,-0.43775488436222076,0.10692473352011843,是,否
v0026,零参考,情感极性,视觉,-0.8215956185013056,0.20068055367911858,是,否
v0026,零参考,情感强度,文本,0.1939707249403,0.4968404707832789,是,否
v0026,零参考,情感强度,语音,0.09844186529517172,0.2521509506812982,是,否
v0026,零参考,情感强度,视觉,-0.09799587354063988,0.2510085785354228,是,否
v0027,训练均值参考,情感极性,文本,3.9356275796890254,0.7964736327690207,是,是
v0027,训练均值参考,情感极性,语音,0.7469687983393669,0.15116800061287175,是,是
v0027,训练均值参考,情感极性,视觉,0.25871921330690384,0.052358366618107444,是,是
v0027,训练均值参考,情感强度,文本,-1.2817287718256314,0.7666435036100975,是,是
v0027,训练均值参考,情感强度,语音,-0.31525414933760965,0.18856372025694493,是,是
v0027,训练均值参考,情感强度,视觉,-0.07488772769769032,0.044792776132957644,是,是
v0027,零参考,情感极性,文本,2.4296579137444496,0.7386071764170603,是,是
v0027,零参考,情感极性,语音,0.7779342085123062,0.23648917237982417,是,是
v0027,零参考,情感极性,视觉,-0.08192088454961777,0.02490365120311554,是,是
v0027,零参考,情感强度,文本,-1.0802524058769145,0.798435799730739,是,是
v0027,零参考,情感强度,语音,-0.2613317227611939,0.19315541619966567,是,是
v0027,零参考,情感强度,视觉,-0.01137675593296687,0.008408784069595334,是,是
v0028,训练均值参考,情感极性,文本,4.759039123853047,0.8886235573044919,是,是
v0028,训练均值参考,情感极性,语音,0.2703479131062826,0.05048025830471587,是,是
v0028,训练均值参考,情感极性,视觉,0.32613058884938556,0.06089618439079227,是,是
v0028,训练均值参考,情感强度,文本,-1.873016263047854,0.8455712789437556,是,是
v0028,训练均值参考,情感强度,语音,-0.1670460651318232,0.07541277549090286,是,是
v0028,训练均值参考,情感强度,视觉,-0.1750274101893107,0.07901594556534161,是,是
v0028,零参考,情感极性,文本,3.288276106119156,0.9302552850381612,是,是
v0028,零参考,情感极性,语音,0.24037372320890424,0.06800187064074979,是,是
v0028,零参考,情感极性,视觉,0.006160624325275421,0.0017428443210889075,是,是
v0028,零参考,情感强度,文本,-1.646520609036088,0.8700609025786383,是,是
v0028,零参考,情感强度,语音,-0.1507000420242548,0.07963350951253598,是,是
v0028,零参考,情感强度,视觉,-0.09519929811358452,0.05030558790882573,是,是
v0029,训练均值参考,情感极性,文本,0.9775690014163652,0.48708665513750143,是,是
v0029,训练均值参考,情感极性,语音,-0.3604315680762132,0.17958978511577456,是,是
v0029,训练均值参考,情感极性,视觉,-0.6689708617826302,0.33332355974672406,是,是
v0029,训练均值参考,情感强度,文本,0.3116768027345339,0.4973380070716206,是,是
v0029,训练均值参考,情感强度,语音,-0.08806401242812474,0.14052242596006714,是,是
v0029,训练均值参考,情感强度,视觉,-0.22694927950700122,0.36213956696831223,是,是
v0029,零参考,情感极性,文本,2.3244715991119542,0.7183826983354437,是,是
v0029,零参考,情感极性,语音,-0.3978815780331691,0.12296611486009636,是,是
v0029,零参考,情感极性,视觉,-0.5133478002001841,0.15865118680446,是,是
v0029,零参考,情感强度,文本,0.5501466759790976,0.7031102317644934,是,是
v0029,零参考,情感强度,语音,-0.07429657379786173,0.09495409770376785,是,是
v0029,零参考,情感强度,视觉,-0.15800401257971922,0.2019356705317388,是,是
v0030,训练均值参考,情感极性,文本,0.4458340344329675,0.230016507850739,是,是
v0030,训练均值参考,情感极性,语音,-0.6919165949026743,0.35697642304474314,是,是
v0030,训练均值参考,情感极性,视觉,-0.8005191000799338,0.4130070691045179,是,是
v0030,训练均值参考,情感强度,文本,0.10443062831958136,0.21924751376888668,是,是
v0030,训练均值参考,情感强度,语音,-0.1543098414937655,0.3239667293204954,是,是
v0030,训练均值参考,情感强度,视觉,-0.21757338444391888,0.4567857569106179,是,是
v0030,零参考,情感极性,文本,1.7688567545264957,0.5672948856541481,是,是
v0030,零参考,情感极性,语音,-0.8293035458773375,0.2659682074465102,是,是
v0030,零参考,情感极性,视觉,-0.5198948755860329,0.1667369068993417,是,是
v0030,零参考,情感强度,文本,0.32440367713570595,0.546511208445835,是,是
v0030,零参考,情感强度,语音,-0.1299596130847931,0.21893828646835034,是,是
v0030,零参考,情感强度,视觉,-0.13922687247395515,0.2345505050858147,是,是
v0031,训练均值参考,情感极性,文本,2.567114017903805,0.7087961994301611,是,是
v0031,训练均值参考,情感极性,语音,-0.38722365349531174,0.10691486705021891,是,是
v0031,训练均值参考,情感极性,视觉,-0.667456604540348,0.18428893351961995,是,是
v0031,训练均值参考,情感强度,文本,0.857812705139319,0.869906169738705,是,是
v0031,训练均值参考,情感强度,语音,-0.10193033268054325,0.10336734901579978,是,是
v0031,训练均值参考,情感强度,视觉,-0.026354928811391197,0.026726481245495252,是,是
v0031,零参考,情感极性,文本,3.8611354641616344,0.8137680784568329,是,是
v0031,零参考,情感极性,语音,-0.4727719407528639,0.0996408225885183,是,是
v0031,零参考,情感极性,视觉,-0.4108541142195463,0.0865910989546489,是,是
v0031,零参考,情感强度,文本,1.091521551211675,0.8709713522941093,是,是
v0031,零参考,情感强度,语音,-0.10125661517182985,0.08079694894437332,是,是
v0031,零参考,情感强度,视觉,0.060445086409648255,0.04823169876151734,是,是
v0032,训练均值参考,情感极性,文本,0.8247929041584332,0.474850143682117,是,是
v0032,训练均值参考,情感极性,语音,0.2535347913702329,0.14596516471417764,是,是
v0032,训练均值参考,情感极性,视觉,0.6586264049013455,0.37918469160370544,是,是
v0032,训练均值参考,情感强度,文本,-0.18201078971227008,0.5808429333766387,是,是
v0032,训练均值参考,情感强度,语音,-0.05820378412803014,0.18574314610682988,是,是
v0032,训练均值参考,情感强度,视觉,-0.07314172138770421,0.23341392051653154,是,是
v0032,零参考,情感极性,文本,-0.4292892689506213,0.38027621123948235,是,是
v0032,零参考,情感极性,语音,0.29349318643411,0.2599843160174686,是,是
v0032,零参考,情感极性,视觉,0.40610559036334354,0.3597394727430491,是,是
v0032,零参考,情感强度,文本,0.08348836687703927,0.5310874451598374,是,是
v0032,零参考,情感强度,语音,-0.06764468426505724,0.4303023749150992,是,是
v0032,零参考,情感强度,视觉,-0.006069623554746311,0.03861017992506339,是,是
v0033,训练均值参考,情感极性,文本,0.6942732855677604,0.4034171089748459,是,是
v0033,训练均值参考,情感极性,语音,0.1718138977885246,0.09983484510838408,是,是
v0033,训练均值参考,情感极性,视觉,0.8548940792679784,0.49674804591677,是,是
v0033,训练均值参考,情感强度,文本,-0.14502275238434473,0.4564233412374767,是,是
v0033,训练均值参考,情感强度,语音,-0.0272773007551829,0.0858485757988145,是,是
v0033,训练均值参考,情感强度,视觉,-0.14543731758991874,0.45772808296370887,是,是
v0033,零参考,情感极性,文本,-0.5723515599966049,0.40836604348857647,是,是
v0033,零参考,情感极性,语音,0.20389787107706067,0.14547871047643696,是,是
v0033,零参考,情感极性,视觉,0.6253155842423439,0.4461552460349865,是,是
v0033,零参考,情感强度,文本,0.10363353540500005,0.5052481749150447,是,是
v0033,零参考,情感强度,语音,-0.03400107348958651,0.16576661462556888,是,是
v0033,零参考,情感强度,视觉,-0.06747951234380403,0.32898521045938645,是,是
v0034,训练均值参考,情感极性,文本,2.6401720121502876,0.782348395190567,是,是
v0034,训练均值参考,情感极性,语音,-0.1253027841448784,0.037130320160016675,是,是
v0034,训练均值参考,情感极性,视觉,-0.6092007681727409,0.18052128464941639,是,是
v0034,训练均值参考,情感强度,文本,1.088115220268567,0.9091796673526702,是,是
v0034,训练均值参考,情感强度,语音,0.03374868383010228,0.028198867699570956,是,是
v0034,训练均值参考,情感强度,视觉,-0.0749459887544314,0.06262146494775879,是,是
v0034,零参考,情感极性,文本,3.9316500524679814,0.8746555691442676,是,是
v0034,零参考,情感极性,语音,-0.15438540031512576,0.03434538892784421,是,是
v0034,零参考,情感极性,视觉,-0.4090483163793881,0.09099904192788831,是,是
v0034,零参考,情感强度,文本,1.3370805804928143,0.9763322265216318,是,是
v0034,零参考,情感强度,语音,0.029885004584987957,0.02182194064572855,是,是
v0034,零参考,情感强度,视觉,-0.002527855957547823,0.0018458328326397386,是,是
v0035,训练均值参考,情感极性,文本,3.1250922977924347,0.8131797129760685,是,否
v0035,训练均值参考,情感极性,语音,0.10937807708978653,0.028461250055422993,是,否
v0035,训练均值参考,情感极性,视觉,-0.6085820868611336,0.1583590369685085,是,否
v0035,训练均值参考,情感强度,文本,-0.684156708419323,0.6002060320909639,是,否
v0035,训练均值参考,情感强度,语音,-0.06272353231906891,0.05502692875574879,是,否
v0035,训练均值参考,情感强度,视觉,0.39298952370882034,0.34476703915328727,是,否
v0035,零参考,情感极性,文本,1.416096832603216,0.5501710905215158,是,否
v0035,零参考,情感极性,语音,0.2724159937351942,0.10583697449084588,是,否
v0035,零参考,情感极性,视觉,-0.8854080084711313,0.3439919349876382,是,否
v0035,零参考,情感强度,文本,-0.37034893905123073,0.40325137845691233,是,否
v0035,零参考,情感强度,语音,-0.1037745972474416,0.11299411170461854,是,否
v0035,零参考,情感强度,视觉,0.44428358847896254,0.4837545098384692,是,否
v0036,训练均值参考,情感极性,文本,1.2542188068230946,0.5387552200716207,是,否
v0036,训练均值参考,情感极性,语音,-0.6081724415222803,0.26124315453678754,是,否
v0036,训练均值参考,情感极性,视觉,-0.46560254196325934,0.20000162539159178,是,否
v0036,训练均值参考,情感强度,文本,0.3446956326564153,0.5999317996009641,是,否
v0036,训练均值参考,情感强度,语音,-0.15690624217192328,0.27309033047325054,是,否
v0036,训练均值参考,情感强度,视觉,-0.07295615474383035,0.12697786992578527,是,否
v0036,零参考,情感极性,文本,2.5716353338211775,0.7351359951069405,是,否
v0036,零参考,情感极性,语音,-0.7090418450534344,0.20268899539551238,是,否
v0036,零参考,情感极性,视觉,-0.21749914623796937,0.06217500949754716,是,否
v0036,零参考,情感强度,文本,0.5888487882912159,0.7933349151726615,是,否
v0036,零参考,情感强度,语音,-0.14085063338279724,0.18976302152377883,是,否
v0036,零参考,情感强度,视觉,-0.012545470148324966,0.016902063303559683,是,否
v0037,训练均值参考,情感极性,文本,2.4034228846430774,0.8410788788930399,是,是
v0037,训练均值参考,情感极性,语音,-0.23234590142965314,0.08130954878498906,是,是
v0037,训练均值参考,情感极性,视觉,-0.22177875787019727,0.07761157232197104,是,是
v0037,训练均值参考,情感强度,文本,1.0447807808717091,0.8987458910163709,是,是
v0037,训练均值参考,情感强度,语音,-0.0428855816523234,0.03689122254116726,是,是
v0037,训练均值参考,情感强度,视觉,0.07482104500134786,0.06436288644246178,是,是
v0037,零参考,情感极性,文本,3.6801355133454003,0.9329866686098003,是,是
v0037,零参考,情感极性,语音,-0.26193473239739734,0.06640560177374934,是,是
v0037,零参考,情感极性,视觉,-0.0023971696694692,0.0006077296164502991,是,是
v0037,零参考,情感强度,文本,1.3131170943379402,0.8870511869941379,是,是
v0037,零参考,情感强度,语音,-0.04031806439161301,0.027236098768418156,是,是
v0037,零参考,情感强度,视觉,0.12688200175762177,0.085712714237444,是,是
v0038,训练均值参考,情感极性,文本,4.399644568562508,0.8224474041313388,是,是
v0038,训练均值参考,情感极性,语音,-0.10244195163249968,0.01914998265912773,是,是
v0038,训练均值参考,情感极性,视觉,0.8473674952983856,0.15840261320953347,是,是
v0038,训练均值参考,情感强度,文本,-1.7683878764510155,0.8349614228964712,是,是
v0038,训练均值参考,情感强度,语音,0.025668904185295098,0.012119821136616386,是,是
v0038,训练均值参考,情感强度,视觉,-0.3238708600401878,0.1529187559669123,是,是
v0038,零参考,情感极性,文本,2.880501712361971,0.8380342629147561,是,是
v0038,零参考,情感极性,语音,-0.057423842449982956,0.016706515838813454,是,是
v0038,零参考,情感极性,视觉,0.4992867882053057,0.14525922124643045,是,是
v0038,零参考,情感强度,文本,-1.5296921475479999,0.8776625377462249,是,是
v0038,零参考,情感强度,语音,-0.005554265032211941,0.0031867656190170024,是,是
v0038,零参考,情感强度,视觉,-0.20766966479520005,0.11915069663475795,是,是
v0039,训练均值参考,情感极性,文本,2.9024659916758537,0.9151619751227021,是,否
v0039,训练均值参考,情感极性,语音,-0.22121637873351574,0.06975062538953786,是,否
v0039,训练均值参考,情感极性,视觉,-0.047850178554654066,0.015087399487760028,是,否
v0039,训练均值参考,情感强度,文本,-0.6732035850485166,0.8476832337527747,是,否
v0039,训练均值参考,情感强度,语音,0.050215790669123336,0.0632306255718872,是,否
v0039,训练均值参考,情感强度,视觉,0.07074943433205286,0.08908614067533818,是,否
v0039,零参考,情感极性,文本,1.332948381702105,0.7199589323023716,是,否
v0039,零参考,情感极性,语音,-0.16971281108756858,0.0916661559786843,是,否
v0039,零参考,情感极性,视觉,-0.34876160634060704,0.18837491171894413,是,否
v0039,零参考,情感强度,文本,-0.41756916356583434,0.6909748104396973,是,否
v0039,零参考,情感强度,语音,0.013428861896196999,0.022221481164718858,是,否
v0039,零参考,情感强度,视觉,0.17332091244558492,0.28680370839558383,是,否
v0040,训练均值参考,情感极性,文本,2.226433180272579,0.6412085756761329,是,是
v0040,训练均值参考,情感极性,语音,0.0037322044372558594,0.0010748678705246326,是,是
v0040,训练均值参考,情感极性,视觉,1.2420794740319252,0.3577165564533425,是,是
v0040,训练均值参考,情感强度,文本,-0.6491496966530879,0.5728815270642936,是,是
v0040,训练均值参考,情感强度,语音,-0.025742437069614727,0.022717975121659045,是,是
v0040,训练均值参考,情感强度,视觉,-0.4582386550803979,0.40440049781404724,是,是
v0040,零参考,情感极性,文本,0.7194474413990974,0.43497263539055014,是,是
v0040,零参考,情感极性,语音,0.1002950668334961,0.06063766027494539,是,是
v0040,零参考,情感极性,视觉,0.8342637047171593,0.5043897043345045,是,是
v0040,零参考,情感强度,文本,-0.433925187215209,0.5342505292057101,是,是
v0040,零参考,情感强度,语音,-0.0432630218565464,0.053265615831686854,是,是
v0040,零参考,情感强度,视觉,-0.3350247200578451,0.41248385496260304,是,是
v0041,训练均值参考,情感极性,文本,-1.3333476856350899,0.7146865806667694,是,是
v0041,训练均值参考,情感极性,语音,0.13449257984757423,0.07208925552717492,是,是
v0041,训练均值参考,情感极性,视觉,0.3977994732558727,0.2132241638060557,是,是
v0041,训练均值参考,情感强度,文本,-0.33933050123353803,0.7192015565335336,是,是
v0041,训练均值参考,情感强度,语音,-0.001537327965100606,0.003258323850592915,是,是
v0041,训练均值参考,情感强度,视觉,-0.13094775316615898,0.2775401196158736,是,是
v0041,零参考,情感极性,文本,-1.0692240111529827,0.6316533494298942,是,是
v0041,零参考,情感极性,语音,0.2017780803143978,0.11920214935566734,是,是
v0041,零参考,情感极性,视觉,0.421736516058445,0.2491445012144385,是,是
v0041,零参考,情感强度,文本,-0.11532365841170152,0.7804541280797426,是,是
v0041,零参考,情感强度,语音,-0.02508607258399328,0.16977027242398893,是,是
v0041,零参考,情感强度,视觉,-0.007355082159241039,0.049775599496268544,是,是
v0042,训练均值参考,情感极性,文本,-0.42340464890003204,0.21669981812874078,是,是
v0042,训练均值参考,情感极性,语音,-0.056266322731971734,0.02879727923268531,是,是
v0042,训练均值参考,情感极性,视觉,-1.4742053747177124,0.7545029026385739,是,是
v0042,训练均值参考,情感强度,文本,0.15423092183967432,0.18107725456641408,是,是
v0042,训练均值参考,情感强度,语音,-0.04214771712819735,0.049484194302809065,是,是
v0042,训练均值参考,情感强度,视觉,-0.655362360800306,0.7694385511307769,是,是
v0042,零参考,情感极性,文本,1.0708117733399072,0.47115942955390083,是,是
v0042,零参考,情感极性,语音,-0.10970458139975864,0.04827024625489652,是,是
v0042,零参考,情感极性,视觉,-1.0922000681360562,0.48057032419120266,是,是
v0042,零参考,情感强度,文本,0.37917188182473177,0.387870994094675,是,是
v0042,零参考,情感强度,语音,-0.056979101151227944,0.05828633837454109,是,是
v0042,零参考,情感强度,视觉,-0.5414211675524712,0.5538426675307838,是,是
v0043,训练均值参考,情感极性,文本,2.099769001205762,0.5175933112352451,是,否
v0043,训练均值参考,情感极性,语音,0.20157588024934134,0.04968847871527933,是,否
v0043,训练均值参考,情感极性,视觉,1.7554482718308766,0.4327182100494754,是,否
v0043,训练均值参考,情感强度,文本,-0.6157264361778895,0.43803808138620653,是,否
v0043,训练均值参考,情感强度,语音,-0.10834644238154092,0.07707947061756454,是,否
v0043,训练均值参考,情感强度,视觉,-0.6815730283657709,0.48488244799622887,是,否
v0043,零参考,情感极性,文本,0.5746514201164244,0.2569502735755692,是,否
v0043,零参考,情感极性,语音,0.22650789469480515,0.10128099134787628,是,否
v0043,零参考,情感极性,视觉,1.4352711513638496,0.6417687350765544,是,否
v0043,零参考,情感强度,文本,-0.38524049147963524,0.3556462383094929,是,否
v0043,零参考,情感强度,语音,-0.12100161612033844,0.11170624727759836,是,否
v0043,零参考,情感强度,视觉,-0.5769705064594746,0.5326475144129088,是,否
v0044,训练均值参考,情感极性,文本,2.044417627155781,0.6231861206484663,是,是
v0044,训练均值参考,情感极性,语音,1.0900804921984673,0.33228192914420146,是,是
v0044,训练均值参考,情感极性,视觉,0.1460910327732563,0.044531950207332235,是,是
v0044,训练均值参考,情感强度,文本,-0.28638017922639847,0.3933741574712573,是,是
v0044,训练均值参考,情感强度,语音,-0.3976041153073311,0.546152266154139,是,是
v0044,训练均值参考,情感强度,视觉,0.044025346636772156,0.06047357637460368,是,是
v0044,零参考,情感极性,文本,0.3934743696202834,0.22252890449282725,是,是
v0044,零参考,情感极性,语音,1.221172279988726,0.6906323528140952,是,是
v0044,零参考,情感极性,视觉,-0.15354778120915094,0.08683874269307755,是,是
v0044,零参考,情感强度,文本,-0.029647415503859506,0.062125196796881076,是,是
v0044,零参考,情感强度,语音,-0.3680309858173132,0.7711969840431552,是,是
v0044,零参考,情感强度,视觉,0.07954206690192223,0.1666778191599637,是,是
v0045,训练均值参考,情感极性,文本,4.577792155245939,0.9174038155278103,是,是
v0045,训练均值参考,情感极性,语音,-0.15007622291644412,0.030075742815403386,是,是
v0045,训练均值参考,情感极性,视觉,-0.26207397629817325,0.05252044165678645,是,是
v0045,训练均值参考,情感强度,文本,-2.1494309008121486,0.9157653901434892,是,是
v0045,训练均值参考,情感强度,语音,-0.10868772119283675,0.046306421557611936,是,是
v0045,训练均值参考,情感强度,视觉,-0.08902282267808916,0.03792818829889886,是,是
v0045,零参考,情感极性,文本,4.274032348146041,0.9022904199205337,是,是
v0045,零参考,情感极性,语音,-0.20361928890148798,0.04298604192046848,是,是
v0045,零参考,情感极性,视觉,-0.2592182817558447,0.054723538158997685,是,是
v0045,零参考,情感强度,文本,-1.9500386863946915,0.9439175186212541,是,是
v0045,零参考,情感强度,语音,-0.09514686837792397,0.04605590470100816,是,是
v0045,零参考,情感强度,视觉,0.020713899284601208,0.010026576677737735,是,是
v0046,训练均值参考,情感极性,文本,-0.17787763631592193,0.19473442188954973,是,是
v0046,训练均值参考,情感极性,语音,0.33478661937018234,0.36651307117449927,是,是
v0046,训练均值参考,情感极性,视觉,-0.40077279663334286,0.43875250693595097,是,是
v0046,训练均值参考,情感强度,文本,-0.2426855315764745,0.516105275743327,是,是
v0046,训练均值参考,情感强度,语音,-0.10906052154799302,0.23193269982187237,是,是
v0046,训练均值参考,情感强度,视觉,-0.11847880793114501,0.2519620244348007,是,是
v0046,零参考,情感极性,文本,0.20547330255309737,0.21409769750076435,是,是
v0046,零参考,情感极性,语音,0.32894670932243264,0.34275369204321193,是,是
v0046,零参考,情感极性,视觉,-0.42529746734847623,0.4431486104560238,是,是
v0046,零参考,情感强度,文本,-0.04816252862413724,0.321201181859897,是,是
v0046,零参考,情感强度,语音,-0.06965547737975915,0.4645400126724502,是,是
v0046,零参考,情感强度,视觉,-0.032127048199375466,0.2142588054676527,是,是
v0047,训练均值参考,情感极性,文本,1.1979865717391172,0.4558976084025631,是,是
v0047,训练均值参考,情感极性,语音,0.837198723728458,0.3185986428473917,是,是
v0047,训练均值参考,情感极性,视觉,0.5925682826588551,0.22550374875004534,是,是
v0047,训练均值参考,情感强度,文本,-0.16332108465333778,0.3985240806643697,是,是
v0047,训练均值参考,情感强度,语音,-0.12589662646253902,0.30720367444426927,是,是
v0047,训练均值参考,情感强度,视觉,-0.1205971346547206,0.29427224489136106,是,是
v0047,零参考,情感极性,文本,0.02983378991484642,0.02563146279759866,是,是
v0047,零参考,情感极性,语音,0.8679884243756533,0.7457253359909022,是,是
v0047,零参考,情感极性,视觉,0.2661296892911195,0.22864320121149906,是,是
v0047,零参考,情感强度,文本,0.011867151285211243,0.1039971933239336,是,是
v0047,零参考,情感强度,语音,-0.07495407139261563,0.6568562973278901,是,是
v0047,零参考,情感强度,视觉,-0.027289080743988357,0.23914650934817616,是,是
v0048,训练均值参考,情感极性,文本,3.2959992066025734,0.8840056251403235,是,是
v0048,训练均值参考,情感极性,语音,-0.14368509501218793,0.03853715498024137,是,是
v0048,训练均值参考,情感极性,视觉,-0.28879786282777786,0.0774572198794351,是,是
v0048,训练均值参考,情感强度,文本,-1.0336655328671136,0.7518281930888031,是,是
v0048,训练均值参考,情感强度,语音,-0.18998219321171445,0.1381819984315697,是,是
v0048,训练均值参考,情感强度,视觉,0.15122161557277045,0.1099898084796272,是,是
v0048,零参考,情感极性,文本,2.9506376534700394,0.8700284439727289,是,是
v0048,零参考,情感极性,语音,-0.14052267372608185,0.041434678711230605,是,是
v0048,零参考,情感极性,视觉,-0.3002663254737854,0.0885368773160405,是,是
v0048,零参考,情感强度,文本,-0.7856199257075787,0.6581358527549992,是,是
v0048,零参考,情感强度,语音,-0.18673604354262352,0.1564340226558406,是,是
v0048,零参考,情感强度,视觉,0.2213488295674324,0.18543012458916022,是,是
v0049,训练均值参考,情感极性,文本,2.5646602002282934,0.6865818455420637,是,否
v0049,训练均值参考,情感极性,语音,-0.4472444305817286,0.11973122463938059,是,否
v0049,训练均值参考,情感极性,视觉,-0.723498827467362,0.19368692981855573,是,否
v0049,训练均值参考,情感强度,文本,-0.5180469068388144,0.7893181199277488,是,否
v0049,训练均值参考,情感强度,语音,-0.10086918684343496,0.1536885480192111,是,否
v0049,训练均值参考,情感强度,视觉,0.03740598199268182,0.056993332053040024,是,否
v0049,零参考,情感极性,文本,2.283869734654824,0.6477814080348074,是,否
v0049,零参考,情感极性,语音,-0.4771449988087018,0.1353341893695095,是,否
v0049,零参考,情感极性,视觉,-0.7646649268766244,0.21688440259568312,是,否
v0049,零参考,情感强度,文本,-0.35064639647801715,0.6503989127090851,是,否
v0049,零参考,情感强度,语音,-0.050530963887770966,0.09372771059636052,是,否
v0049,零参考,情感强度,视觉,0.13794776673118272,0.2558733766945544,是,否
v0050,训练均值参考,情感极性,文本,2.2746386788785458,0.7578786525768374,是,否
v0050,训练均值参考,情感极性,语音,0.1714210920035839,0.05711517501099485,是,否
v0050,训练均值参考,情感极性,视觉,0.5552632920444012,0.18500617241216774,是,否
v0050,训练均值参考,情感强度,文本,-0.6356972642242908,0.6184098409813584,是,否
v0050,训练均值参考,情感强度,语音,-0.10830883122980595,0.10536343455785115,是,否
v0050,训练均值参考,情感强度,视觉,-0.2839485425502062,0.27622672446079044,是,否
v0050,零参考,情感极性,文本,0.7247850485146046,0.6145191660547022,是,否
v0050,零参考,情感极性,语音,0.16996383294463158,0.14410621893297942,是,否
v0050,零参考,情感极性,视觉,0.28468552604317665,0.24137461501231833,是,否
v0050,零参考,情感强度,文本,-0.40125129868586856,0.5695631469758144,是,否
v0050,零参考,情感强度,语音,-0.09871502344806987,0.1401227599586935,是,否
v0050,零参考,情感强度,视觉,-0.2045232517023881,0.290314093065492,是,否
v0051,训练均值参考,情感极性,文本,-0.8651082618162035,0.4573070927263072,是,是
v0051,训练均值参考,情感极性,语音,-0.1098628295585513,0.058074871552643736,是,是
v0051,训练均值参考,情感极性,视觉,0.9167735930532217,0.484618035721049,是,是
v0051,训练均值参考,情感强度,文本,0.17858871569236118,0.3201300161392296,是,是
v0051,训练均值参考,情感强度,语音,-0.047149027387301125,0.08451720390019749,是,是
v0051,训练均值参考,情感强度,视觉,0.33212533344825107,0.595352779960573,是,是
v0051,零参考,情感极性,文本,0.6310843350365758,0.3145924923494093,是,是
v0051,零参考,情感极性,语音,-0.12224933039397,0.06094070063465679,是,是
v0051,零参考,情感极性,视觉,1.2527038287371397,0.6244668070159339,是,是
v0051,零参考,情感强度,文本,0.4461291333039601,0.5151277233765637,是,是
v0051,零参考,情感强度,语音,-0.04024692873160044,0.04647154203283704,是,是
v0051,零参考,情感强度,视觉,0.37967931230862934,0.4384007345905993,是,是
v0052,训练均值参考,情感极性,文本,4.42099978774786,0.7501292301633312,是,是
v0052,训练均值参考,情感极性,语音,-0.4749418869614601,0.08058534475076495,是,是
v0052,训练均值参考,情感极性,视觉,-0.9977091923356055,0.16928542508590377,是,是
v0052,训练均值参考,情感强度,文本,-1.487820732096831,0.83386756281442,是,是
v0052,训练均值参考,情感强度,语音,-0.074904794494311,0.041981320115131324,是,是
v0052,训练均值参考,情感强度,视觉,0.22151551892360052,0.12415111707044867,是,是
v0052,零参考,情感极性,文本,4.254361699024836,0.7194764737928582,是,是
v0052,零参考,情感极性,语音,-0.5219419797261555,0.08826822956400578,是,是
v0052,零参考,情感极性,视觉,-1.1368315716584523,0.1922552966431361,是,是
v0052,零参考,情感强度,文本,-1.2662310941765704,0.7907348269952437,是,是
v0052,零参考,情感强度,语音,-0.04509608509639898,0.02816156166979369,是,是
v0052,零参考,情感强度,视觉,0.29000749190648395,0.18110361133496267,是,是
v0053,训练均值参考,情感极性,文本,1.2509917163600524,0.4732877563625621,是,是
v0053,训练均值参考,情感极性,语音,0.6307177220781643,0.23861946620161703,是,是
v0053,训练均值参考,情感极性,视觉,0.7614853189637263,0.2880927774358208,是,是
v0053,训练均值参考,情感强度,文本,-0.260808615013957,0.6162412094545865,是,是
v0053,训练均值参考,情感强度,语音,-0.08244383335113525,0.1947991157180799,是,是
v0053,训练均值参考,情感强度,视觉,-0.07997243665158747,0.18895967482733364,是,是
v0053,零参考,情感极性,文本,-0.05390461844702561,0.04195441745746342,是,是
v0053,零参考,情感极性,语音,0.7271358898530403,0.5659359726510023,是,是
v0053,零参考,情感极性,视觉,0.5037972206870714,0.3921096098915344,是,是
v0053,零参考,情感强度,文本,-0.04197007045149803,0.38797011988301516,是,是
v0053,零参考,情感强度,语音,-0.06245355121791363,0.5773188248786734,是,是
v0053,零参考,情感强度,视觉,0.0037549939006567,0.03471105523831143,是,是
v0054,训练均值参考,情感极性,文本,4.448850425581137,0.8503441390288528,是,是
v0054,训练均值参考,情感极性,语音,-0.4649860834081967,0.08887648559335234,是,是
v0054,训练均值参考,情感极性,视觉,-0.3179869626959165,0.060779375377795014,是,是
v0054,训练均值参考,情感强度,文本,-1.6846274187167483,0.9920753879521507,是,是
v0054,训练均值参考,情感强度,语音,0.0038002977768580096,0.0022379915282288425,是,是
v0054,训练均值参考,情感强度,视觉,-0.009656359752019256,0.005686620519620536,是,是
v0054,零参考,情感极性,文本,4.188449248671532,0.8272861880061174,是,是
v0054,零参考,情感极性,语音,-0.5366957485675812,0.10600605464955547,是,是
v0054,零参考,情感极性,视觉,-0.3377332538366318,0.06670775734432706,是,是
v0054,零参考,情感强度,文本,-1.4872668193032343,0.9281896936806348,是,是
v0054,零参考,情感强度,语音,0.03798409985999267,0.023705531217524528,是,是
v0054,零参考,情感强度,视觉,0.07707975680629411,0.04810477510184064,是,是
v0055,训练均值参考,情感极性,文本,-2.235939728717009,0.6191682698694482,是,否
v0055,训练均值参考,情感极性,语音,0.28169369449218107,0.07800558986978469,是,否
v0055,训练均值参考,情感极性,视觉,1.0935654019316037,0.30282614026076715,是,否
v0055,训练均值参考,情感强度,文本,-0.5383010127892096,0.747185501444854,是,否
v0055,训练均值参考,情感强度,语音,-0.0604595144589742,0.08392046746126161,是,否
v0055,训练均值参考,情感强度,视觉,0.121677719677488,0.16889403109388443,是,否
v0055,零参考,情感极性,文本,-2.052022933959961,0.5702778337711696,是,否
v0055,零参考,情感极性,语音,0.3365307003259659,0.09352526991939121,是,否
v0055,零参考,情感极性,视觉,1.2097326964139938,0.3361968963094392,是,否
v0055,零参考,情感强度,文本,-0.3073939370612303,0.57087127893071,是,否
v0055,零参考,情感强度,语音,-0.038676839942733444,0.07182801747553193,是,否
v0055,零参考,情感强度,视觉,0.19239375678201515,0.357300703593758,是,否
v0056,训练均值参考,情感极性,文本,2.5899324119091034,0.5523584252673167,是,否
v0056,训练均值参考,情感极性,语音,0.6596484705805779,0.1406841308925515,是,否
v0056,训练均值参考,情感极性,视觉,1.4392810836434364,0.3069574438401318,是,否
v0056,训练均值参考,情感强度,文本,-0.7636111627022425,0.4685408008191471,是,否
v0056,训练均值参考,情感强度,语音,-0.20728334287802377,0.12718607088567369,是,否
v0056,训练均值参考,情感强度,视觉,-0.6588699916998545,0.4042731282951792,是,否
v0056,零参考,情感极性,文本,0.9848285975555578,0.34357740210679333,是,否
v0056,零参考,情感极性,语音,0.674914330864946,0.23545753344164175,是,否
v0056,零参考,情感极性,视觉,1.2066522172341743,0.42096506445156484,是,否
v0056,零参考,情感强度,文本,-0.4984948197379708,0.3817193528990765,是,否
v0056,零参考,情感强度,语音,-0.21452000364661214,0.1642673779818518,是,否
v0056,零参考,情感强度,视觉,-0.5929048685356975,0.4540132691190717,是,否
v0057,训练均值参考,情感极性,文本,5.560708999633789,0.918256655590879,是,是
v0057,训练均值参考,情感极性,语音,0.36648434400558466,0.060518665529008614,是,是
v0057,训练均值参考,情感极性,视觉,0.12853080034255981,0.021224678880112355,是,是
v0057,训练均值参考,情感强度,文本,-2.281846652428309,0.9241160314512175,是,是
v0057,训练均值参考,情感强度,语音,-0.16416333119074503,0.06648385682199977,是,是
v0057,训练均值参考,情感强度,视觉,-0.0232109526793162,0.009400111726782916,是,是
v0057,零参考,情感极性,文本,3.9869152257839837,0.8785304105428415,是,是
v0057,零参考,情感极性,语音,0.3992792243758837,0.08798254315608016,是,是
v0057,零参考,情感极性,视觉,-0.15196971346934635,0.03348704630107843,是,是
v0057,零参考,情感强度,文本,-2.0057716201990843,0.9054132225092665,是,是
v0057,零参考,情感强度,语音,-0.17489142157137394,0.07894667767731567,是,是
v0057,零参考,情感强度,视觉,0.034647680819034576,0.01564009981341789,是,是
v0058,训练均值参考,情感极性,文本,3.409092800691724,0.7173828093545173,是,否
v0058,训练均值参考,情感极性,语音,0.7188662327826023,0.15127258416639253,是,否
v0058,训练均值参考,情感极性,视觉,0.6241659913212061,0.13134460647909024,是,否
v0058,训练均值参考,情感强度,文本,-0.989217643936475,0.6818693760087623,是,否
v0058,训练均值参考,情感强度,语音,-0.2764550944169362,0.19056095883447988,是,否
v0058,训练均值参考,情感强度,视觉,-0.18507087727387744,0.12756966515675786,是,否
v0058,零参考,情感极性,文本,1.8724265365550914,0.6385819820937578,是,否
v0058,零参考,情感极性,语音,0.7207345801095167,0.24580303031627423,是,否
v0058,零参考,情感极性,视觉,0.3390020026514927,0.11561498758996797,是,否
v0058,零参考,情感强度,文本,-0.7211589173724253,0.638991798249688,是,否
v0058,零参考,情感强度,语音,-0.28323469621439773,0.2509636135682378,是,否
v0058,零参考,情感强度,视觉,-0.12419507776697476,0.11004458818207424,是,否
v0059,训练均值参考,情感极性,文本,1.2126667983829975,0.38693351615667815,是,否
v0059,训练均值参考,情感极性,语音,0.5744495876133442,0.183293382062056,是,否
v0059,训练均值参考,情感极性,视觉,1.346927959471941,0.4297731017812659,是,否
v0059,训练均值参考,情感强度,文本,-0.06118649616837499,0.08910060012373788,是,否
v0059,训练均值参考,情感强度,语音,-0.14120102673768997,0.20561883762382907,是,否
v0059,训练均值参考,情感强度,视觉,-0.48432498052716255,0.705280562252433,是,否
v0059,零参考,情感极性,文本,-0.3581375765303771,0.17652505418156886,是,否
v0059,零参考,情感极性,语音,0.5838333231707413,0.2877698844231133,是,否
v0059,零参考,情感极性,视觉,1.086849191536506,0.5357050613953179,是,否
v0059,零参考,情感强度,文本,0.20649425002435845,0.26593105708338877,是,否
v0059,零参考,情感强度,语音,-0.15332195845743019,0.19745378131289448,是,否
v0059,零参考,情感强度,视觉,-0.416679219653209,0.5366151616037168,是,否
v0060,训练均值参考,情感极性,文本,4.942223884165287,0.9477439965468857,是,是
v0060,训练均值参考,情感极性,语音,-0.20921244472265244,0.040119558145488454,是,是
v0060,训练均值参考,情感极性,视觉,0.06328821927309036,0.01213644530762587,是,是
v0060,训练均值参考,情感强度,文本,-2.241966704527537,0.8925101889426609,是,是
v0060,训练均值参考,情感强度,语音,-0.13971242556969324,0.055618472429153236,是,是
v0060,训练均值参考,情感强度,视觉,-0.13029970477024713,0.05187133862818605,是,是
v0060,零参考,情感极性,文本,4.6227133472760515,0.9422235777339597,是,是
v0060,零参考,情感极性,语音,-0.232044185201327,0.04729635734423998,是,是
v0060,零参考,情感极性,视觉,0.05141702791055043,0.010480064921800277,是,是
v0060,零参考,情感强度,文本,-1.9860678246865668,0.9070132940687993,是,是
v0060,零参考,情感强度,语音,-0.14311831320325533,0.06536041271427417,是,是
v0060,零参考,情感强度,视觉,-0.06049270989994207,0.02762629321692663,是,是
v0061,训练均值参考,情感极性,文本,2.9810140083233514,0.7904515729620707,是,否
v0061,训练均值参考,情感极性,语音,0.6130461587260168,0.16255653247865326,是,否
v0061,训练均值参考,情感极性,视觉,-0.1772195802380641,0.046991894559276014,是,否
v0061,训练均值参考,情感强度,文本,-0.6033159736543894,0.6404385955327795,是,否
v0061,训练均值参考,情感强度,语音,-0.1937933154404163,0.20571760766175123,是,否
v0061,训练均值参考,情感强度,视觉,0.14492633752524853,0.15384379680546925,是,否
v0061,零参考,情感极性,文本,1.3645199568321307,0.5314284192114253,是,否
v0061,零参考,情感极性,语音,0.7181128238638241,0.2796775238724881,是,否
v0061,零参考,情感极性,视觉,-0.48501303481558955,0.1888940569160867,是,否
v0061,零参考,情感强度,文本,-0.35714107689758134,0.4717434013811955,是,否
v0061,零参考,情感强度,语音,-0.18666810480256874,0.24656767979169864,是,否
v0061,零参考,情感强度,视觉,0.213257214675347,0.28168891882710595,是,否
v0062,训练均值参考,情感极性,文本,3.746210247278213,0.807923336994598,是,是
v0062,训练均值参考,情感极性,语音,-0.5108602344989777,0.11017425028243616,是,是
v0062,训练均值参考,情感极性,视觉,-0.3797682821750641,0.08190241272296578,是,是
v0062,训练均值参考,情感强度,文本,-1.341700625916322,0.8808452801772475,是,是
v0062,训练均值参考,情感强度,语音,-0.08202417691548665,0.05385002265098147,是,是
v0062,训练均值参考,情感强度,视觉,0.09947189937035242,0.06530469717177102,是,是
v0062,零参考,情感极性,文本,3.4969868088761964,0.7785651977220832,是,是
v0062,零参考,情感极性,语音,-0.5662380730112393,0.12606660572833017,是,是
v0062,零参考,情感极性,视觉,-0.42835375418265653,0.09536819654958657,是,是
v0062,零参考,情感强度,文本,-1.1464548924316962,0.8400045137187254,是,是
v0062,零参考,情感强度,语音,-0.03777179432411988,0.027675295323846646,是,是
v0062,零参考,情感强度,视觉,0.1805932323137919,0.13232019095742795,是,是
v0063,训练均值参考,情感极性,文本,-0.30078157906730973,0.14170719408691343,是,是
v0063,训练均值参考,情感极性,语音,1.2617901066939035,0.5944670418337247,是,是
v0063,训练均值参考,情感极性,视觉,0.5599851893881955,0.26382576407936187,是,是
v0063,训练均值参考,情感强度,文本,0.1557477960983912,0.2708321304117748,是,是
v0063,训练均值参考,情感强度,语音,-0.29251735409100854,0.508662723810457,是,是
v0063,训练均值参考,情感强度,视觉,-0.12680618961652118,0.22050514577776842,是,是
v0063,零参考,情感极性,文本,-1.5731515971322851,0.49145062602996753,是,是
v0063,零参考,情感极性,语音,1.3790018359820047,0.4307984791963076,是,是
v0063,零参考,情感极性,视觉,0.24888348455230394,0.07775089477372488,是,是
v0063,零参考,情感强度,文本,0.37414900089303654,0.5428712289818828,是,是
v0063,零参考,情感强度,语音,-0.2630074353267749,0.3816104528047042,是,是
v0063,零参考,情感强度,视觉,-0.052047523980339364,0.07551831821341291,是,是
v0064,训练均值参考,情感极性,文本,-0.044809288034836456,0.03852485303527325,是,否
v0064,训练均值参考,情感极性,语音,-0.8059129106501738,0.6928848415955547,是,否
v0064,训练均值参考,情感极性,视觉,-0.31240457544724143,0.268590305369172,是,否
v0064,训练均值参考,情感强度,文本,-0.003546223044395445,0.016628871711947237,是,否
v0064,训练均值参考,情感强度,语音,-0.1828791871666908,0.8575530935614138,是,否
v0064,训练均值参考,情感强度,视觉,-0.02683157473802566,0.12581803472663883,是,否
v0064,零参考,情感极性,文本,1.314251676822702,0.5653168089280823,是,否
v0064,零参考,情感极性,语音,-0.951081204538544,0.4091013928786026,是,否
v0064,零参考,情感极性,视觉,-0.05947270741065343,0.025581798193314926,是,否
v0064,零参考,情感强度,文本,0.247581185773015,0.5528821665767583,是,否
v0064,零参考,情感强度,语音,-0.16885759867727754,0.37708178312561225,是,否
v0064,零参考,情感强度,视觉,0.03136221319437027,0.07003605029762949,是,否
v0065,训练均值参考,情感极性,文本,4.4722554832696915,0.9355063927795515,是,否
v0065,训练均值参考,情感极性,语音,-0.1785399466753006,0.03734698567782868,是,否
v0065,训练均值参考,情感极性,视觉,0.12977637350559235,0.027146621542619785,是,否
v0065,训练均值参考,情感强度,文本,-1.533469652136167,0.8483119774719925,是,否
v0065,训练均值参考,情感强度,语音,-0.21502874543269473,0.1189534204326943,是,否
v0065,训练均值参考,情感强度,视觉,-0.059173417588075,0.032734602095313266,是,否
v0065,零参考,情感极性,文本,4.141699572404225,0.9171011129106975,是,否
v0065,零参考,情感极性,语音,-0.22394497195879615,0.04958838260085225,是,否
v0065,零参考,情感极性,视觉,0.1504328151543935,0.03331050448845027,是,否
v0065,零参考,情感强度,文本,-1.2960659035791953,0.8705372047720883,是,否
v0065,零参考,情感强度,语音,-0.19018198860188323,0.1277408010644145,是,否
v0065,零参考,情感强度,视觉,0.0025637249151865653,0.001721994163497179,是,否
v0066,训练均值参考,情感极性,文本,2.517472012589375,0.8505116904100228,是,否
v0066,训练均值参考,情感极性,语音,-0.3297565591832002,0.1114061277234316,是,否
v0066,训练均值参考,情感极性,视觉,-0.11272135128577548,0.0380821818665455,是,否
v0066,训练均值参考,情感强度,文本,0.9971722016731898,0.8897308704939646,是,否
v0066,训练均值参考,情感强度,语音,-0.06615433593591054,0.05902646985189254,是,否
v0066,训练均值参考,情感强度,视觉,0.057430575291315705,0.051242659654142785,是,否
v0066,零参考,情感极性,文本,3.8223463278263807,0.8512263811276657,是,否
v0066,零参考,情感极性,语音,-0.4739839620888233,0.10555497020879792,是,否
v0066,零参考,情感极性,视觉,0.19406898878514767,0.04321864866353638,是,否
v0066,零参考,情感强度,文本,1.253397782643636,0.8891316323790469,是,否
v0066,零参考,情感强度,语音,-0.04859416435162226,0.034471585375652466,是,否
v0066,零参考,情感强度,视觉,0.10769559194644292,0.07639678224530065,是,否
v0067,训练均值参考,情感极性,文本,4.752701101203759,0.8246984718042971,是,是
v0067,训练均值参考,情感极性,语音,-0.6039777720967928,0.10480346544953795,是,是
v0067,训练均值参考,情感极性,视觉,-0.4062772418061892,0.0704980627461648,是,是
v0067,训练均值参考,情感强度,文本,-1.9047047172983487,0.9633966853700279,是,是
v0067,训练均值参考,情感强度,语音,0.037735487023989364,0.01908655068135719,是,是
v0067,训练均值参考,情感强度,视觉,-0.03463190545638403,0.01751676394861496,是,是
v0067,零参考,情感极性,文本,4.5343722601731615,0.7984055082495082,是,是
v0067,零参考,情感极性,语音,-0.6808027724424998,0.11987473730903396,是,是
v0067,零参考,情感极性,视觉,-0.4641097585360209,0.0817197544414577,是,是
v0067,零参考,情感强度,文本,-1.7211153438935676,0.9248786544353013,是,是
v0067,零参考,情感强度,语音,0.09194666830201943,0.04940953618285764,是,是
v0067,零参考,情感强度,视觉,0.04784734671314557,0.02571180938184116,是,是
v0068,训练均值参考,情感极性,文本,4.05227143317461,0.8196720376354523,是,是
v0068,训练均值参考,情感极性,语音,-0.25393133610486984,0.0513638879124914,是,是
v0068,训练均值参考,情感极性,视觉,-0.6375689432024956,0.12896407445205635,是,是
v0068,训练均值参考,情感强度,文本,-1.4206234142184258,0.9261798109649911,是,是
v0068,训练均值参考,情感强度,语音,-0.0757496803998947,0.04938523747479637,是,是
v0068,训练均值参考,情感强度,视觉,0.037479616701602936,0.0244349515602125,是,是
v0068,零参考,情感极性,文本,3.77411799877882,0.7958747455414318,是,是
v0068,零参考,情感极性,语音,-0.32908522337675095,0.06939651025780395,是,是
v0068,零参考,情感极性,视觉,-0.6388972401618958,0.13472874420076422,是,是
v0068,零参考,情感强度,文本,-1.2226983110109964,0.8379879835775836,是,是
v0068,零参考,情感强度,语音,-0.0748100938896338,0.05127181346802411,是,是
v0068,零参考,情感强度,视觉,0.1615797144671281,0.11074020295439228,是,是
v0069,训练均值参考,情感极性,文本,2.777119753261407,0.6927463783083535,是,否
v0069,训练均值参考,情感极性,语音,-0.5625064546863238,0.1403159906235211,是,否
v0069,训练均值参考,情感极性,视觉,-0.669228749970595,0.16693763106812545,是,否
v0069,训练均值参考,情感强度,文本,0.9744028548399607,0.771446143297926,是,否
v0069,训练均值参考,情感强度,语音,-0.04473100354274114,0.035414058977240134,是,否
v0069,训练均值参考,情感强度,视觉,-0.24395218243201572,0.1931397977248338,是,否
v0069,零参考,情感极性,文本,3.9487313441932197,0.8079365365039928,是,否
v0069,零参考,情感极性,语音,-0.646260742098093,0.13222922000430834,是,否
v0069,零参考,情感极性,视觉,-0.29243553429841995,0.05983424349169875,是,否
v0069,零参考,情感强度,文本,1.1828367008517184,0.8701588085667604,是,否
v0069,零参考,情感强度,语音,-0.020685610671838127,0.015217456749288842,是,否
v0069,零参考,情感强度,视觉,-0.15581197229524452,0.1146237346839508,是,否
v0070,训练均值参考,情感极性,文本,4.628270275890827,0.8756081448245647,是,是
v0070,训练均值参考,情感极性,语音,-0.20334940403699872,0.03847104507865982,是,是
v0070,训练均值参考,情感极性,视觉,-0.45415832847356796,0.08592081009677542,是,是
v0070,训练均值参考,情感强度,文本,-1.8675554692745209,0.9251663900476612,是,是
v0070,训练均值参考,情感强度,语音,-0.09521367773413658,0.04716780623746173,是,是
v0070,训练均值参考,情感强度,视觉,0.05584662780165672,0.027665803714877108,是,是
v0070,零参考,情感极性,文本,4.3558681309223175,0.8548593372298099,是,是
v0070,零参考,情感极性,语音,-0.24781945347785947,0.048635717929293484,是,是
v0070,零参考,情感极性,视觉,-0.4917333126068115,0.09650494484089664,是,是
v0070,零参考,情感强度,文本,-1.6585954713324704,0.8587871063747883,是,是
v0070,零参考,情感强度,语音,-0.09919249887267748,0.05135986474900696,是,是
v0070,零参考,情感强度,视觉,0.17353524019320804,0.0898530288762048,是,是
v0071,训练均值参考,情感极性,文本,-0.3096472198764483,0.12549883535367007,是,否
v0071,训练均值参考,情感极性,语音,0.8261524265011151,0.3348364225322872,是,否
v0071,训练均值参考,情感极性,视觉,1.3315317754944165,0.5396647421140428,是,否
v0071,训练均值参考,情感强度,文本,0.09761145214239755,0.1801375957841833,是,否
v0071,训练均值参考,情感强度,语音,-0.15078045179446536,0.27825862110815225,是,否
v0071,训练均值参考,情感强度,视觉,-0.29347972323497135,0.5416037831076644,是,否
v0071,零参考,情感极性,文本,-1.4889682183663049,0.442220573736372,是,否
v0071,零参考,情感极性,语音,0.9104418729742367,0.27039940977520277,是,否
v0071,零参考,情感极性,视觉,0.9676160191496213,0.2873800164884252,是,否
v0071,零参考,情感强度,文本,0.2751659701267878,0.4677269593808603,是,否
v0071,零参考,情感强度,语音,-0.12462197740872699,0.21183236625719518,是,否
v0071,零参考,情感强度,视觉,-0.18851675589879352,0.3204406743619445,是,否
v0072,训练均值参考,情感极性,文本,-1.1161831667025883,0.5925886142761442,是,是
v0072,训练均值参考,情感极性,语音,0.4767561207214991,0.25311280205079634,是,是
v0072,训练均值参考,情感极性,视觉,0.29063245157400763,0.15429858367305943,是,是
v0072,训练均值参考,情感强度,文本,-0.13840804124871892,0.3368560107436941,是,是
v0072,训练均值参考,情感强度,语音,-0.10460736292103927,0.254592281272713,是,是
v0072,训练均值参考,情感强度,视觉,-0.1678665063033501,0.40855170798359286,是,是
v0072,零参考,情感极性,文本,-0.8373648077249526,0.4985107799541071,是,是
v0072,零参考,情感极性,语音,0.5303489565849304,0.31573415738990834,是,是
v0072,零参考,情感极性,视觉,0.31201883405447,0.18575506265598446,是,是
v0072,零参考,情感强度,文本,0.042305971806248024,0.2433295384918741,是,是
v0072,零参考,情感强度,语音,-0.08049894000093141,0.46300248128607824,是,是
v0072,零参考,情感强度,视觉,-0.05105795773367087,0.2936679802220476,是,是
v0073,训练均值参考,情感极性,文本,-1.7237969425817328,0.6734401727528099,是,否
v0073,训练均值参考,情感极性,语音,0.5013399335245291,0.19585975766669103,是,否
v0073,训练均值参考,情感极性,视觉,0.3345514411727587,0.13070006958049912,是,否
v0073,训练均值参考,情感强度,文本,-0.5729896401365597,0.8024767811010743,是,否
v0073,训练均值参考,情感强度,语音,0.10414485136667886,0.14585573497116677,是,否
v0073,训练均值参考,情感强度,视觉,-0.0368919496734937,0.0516674839277589,是,否
v0073,零参考,情感极性,文本,-1.5219822302460668,0.606028164858033,是,否
v0073,零参考,情感极性,语音,0.6090976111590862,0.24253260003598962,是,否
v0073,零参考,情感极性,视觉,0.3803252689540386,0.15143923510597734,是,否
v0073,零参考,情感强度,文本,-0.3062531476219495,0.7108604890071188,是,否
v0073,零参考,情感强度,语音,0.10097617159287134,0.23438116889228902,是,否
v0073,零参考,情感强度,视觉,0.02359100679556529,0.054758342100591974,是,否
v0074,训练均值参考,情感极性,文本,0.9713001207758983,0.4565944309515368,是,否
v0074,训练均值参考,情感极性,语音,0.15465508525570232,0.07270116530993541,是,否
v0074,训练均值参考,情感极性,视觉,1.0013158575942118,0.47070440373852773,是,否
v0074,训练均值参考,情感强度,文本,-0.1754085775464773,0.47533635032589183,是,否
v0074,训练均值参考,情感强度,语音,-0.012556139379739761,0.034025642020654806,是,否
v0074,训练均值参考,情感强度,视觉,-0.18105519376695153,0.4906380076534534,是,否
v0074,零参考,情感极性,文本,-0.22542341301838556,0.2019697873297082,是,否
v0074,零参考,情感极性,语音,0.1685614710052808,0.15102390650141861,是,否
v0074,零参考,情感极性,视觉,0.7221395423014958,0.6470063061688731,是,否
v0074,零参考,情感强度,文本,0.04202088837822278,0.3078898966876147,是,否
v0074,零参考,情感强度,语音,-0.011065634588400524,0.08107865449058904,是,否
v0074,零参考,情感强度,视觉,-0.08339372153083482,0.6110314488217963,是,否
v0075,训练均值参考,情感极性,文本,1.7491611521691084,0.7039831554063051,是,是
v0075,训练均值参考,情感极性,语音,0.09849554859101771,0.03964140582735512,是,是
v0075,训练均值参考,情感极性,视觉,0.6370066590607165,0.2563754387663398,是,是
v0075,训练均值参考,情感强度,文本,-0.29613020084798336,0.7105330172665526,是,是
v0075,训练均值参考,情感强度,语音,0.004915356636047363,0.011793877056615278,是,是
v0075,训练均值参考,情感强度,视觉,-0.11572634987533092,0.2776731056768321,是,是
v0075,零参考,情感极性,文本,0.4618173167109489,0.4537234258181715,是,是
v0075,零参考,情感极性,语音,0.10338780283927916,0.10157581016264061,是,是
v0075,零参考,情感极性,视觉,0.4526337012648582,0.444700764019188,是,是
v0075,零参考,情感强度,文本,-0.06125067546963691,0.5750067758520174,是,是
v0075,零参考,情感强度,语音,0.011461624875664711,0.10759900874967956,是,是
v0075,零参考,情感强度,视觉,-0.03380935825407505,0.3173942153983029,是,是
v0076,训练均值参考,情感极性,文本,0.19236656154195467,0.141833272401816,是,是
v0076,训练均值参考,情感极性,语音,0.05198792616526285,0.038331078095373956,是,是
v0076,训练均值参考,情感极性,视觉,1.1119320752720037,0.8198356495028101,是,是
v0076,训练均值参考,情感强度,文本,-0.08547988285621007,0.2793972621545846,是,是
v0076,训练均值参考,情感强度,语音,0.008703517417112986,0.028448084580867502,是,是
v0076,训练均值参考,情感强度,视觉,-0.21176048119862872,0.6921546532645478,是,是
v0076,零参考,情感极性,文本,-1.1273337428768475,0.5257900655481741,是,是
v0076,零参考,情感极性,语音,0.06097811708847682,0.028440280780681778,是,是
v0076,零参考,情感极性,视觉,0.9557639161745707,0.4457696536711442,是,是
v0076,零参考,情感强度,文本,0.17107136671741802,0.5382947717960574,是,是
v0076,零参考,情感强度,语音,0.005264300232132276,0.016564696632151543,是,是
v0076,零参考,情感强度,视觉,-0.14146672623852888,0.44514053157179095,是,是
v0077,训练均值参考,情感极性,文本,0.8955181489388148,0.5503527858994159,是,是
v0077,训练均值参考,情感极性,语音,-0.36438534160455066,0.223937938198812,是,是
v0077,训练均值参考,情感极性,视觉,0.36726761112610495,0.22570927590177212,是,是
v0077,训练均值参考,情感强度,文本,0.27485913038253784,0.49064325699626427,是,是
v0077,训练均值参考,情感强度,语音,-0.051601588726043694,0.09211253605980364,是,是
v0077,训练均值参考,情感强度,视觉,0.2337408661842346,0.41724420694393205,是,是
v0077,零参考,情感极性,文本,2.3476866477479534,0.6810011175177552,是,是
v0077,零参考,情感极性,语音,-0.5423019553224245,0.15730729565672583,是,是
v0077,零参考,情感极性,视觉,0.5574163825561602,0.16169158682551893,是,是
v0077,零参考,情感强度,文本,0.5798372725645701,0.6522438032343087,是,是
v0077,零参考,情感强度,语音,-0.055855167408784226,0.06283001894628548,是,是
v0077,零参考,情感强度,视觉,0.25329610953728354,0.28492617781940566,是,是
v0078,训练均值参考,情感极性,文本,0.6380135988195736,0.3936587832964695,是,否
v0078,训练均值参考,情感极性,语音,0.2982193653782209,0.1840034017259792,是,否
v0078,训练均值参考,情感极性,视觉,0.6844944929083188,0.4223378149775512,是,否
v0078,训练均值参考,情感强度,文本,-0.09749503930409749,0.31290079748770633,是,否
v0078,训练均值参考,情感强度,语音,-0.04073802878459294,0.13074472081617533,是,否
v0078,训练均值参考,情感强度,视觉,-0.17335143436988193,0.5563544816961182,是,否
v0078,零参考,情感极性,文本,-0.6990987230092287,0.4503284809733538,是,否
v0078,零参考,情感极性,语音,0.3154885247349739,0.20322375571919,是,否
v0078,零参考,情感极性,视觉,0.5378322694450617,0.3464477633074562,是,否
v0078,零参考,情感强度,文本,0.1325621741513411,0.5224247315929773,是,否
v0078,零参考,情感强度,语音,-0.03522187968095143,0.13880868472716607,是,否
v0078,零参考,情感强度,视觉,-0.08596000944574674,0.3387665836798567,是,否
v0079,训练均值参考,情感极性,文本,4.586725629866123,0.8719902631920247,是,否
v0079,训练均值参考,情感极性,语音,-0.24866675585508344,0.04727446273944886,是,否
v0079,训练均值参考,情感极性,视觉,-0.42467280477285385,0.08073527406852647,是,否
v0079,训练均值参考,情感强度,文本,-1.9162686044971147,0.9474177266121486,是,否
v0079,训练均值参考,情感强度,语音,-0.01205133150021235,0.005958269663128402,是,否
v0079,训练均值参考,情感强度,视觉,-0.09430276850859323,0.046624003724722946,是,否
v0079,零参考,情感极性,文本,4.39803552130858,0.8402603111472654,是,否
v0079,零参考,情感极性,语音,-0.3402150472005208,0.06499929344195801,是,否
v0079,零参考,情感极性,视觉,-0.4958839764197667,0.09474039541077671,是,否
v0079,零参考,情感强度,文本,-1.6962739881128073,0.986747106095481,是,否
v0079,零参考,情感强度,语音,0.006976785138249397,0.0040584967954833285,是,否
v0079,零参考,情感强度,视觉,-0.015805687755346295,0.009194397109035631,是,否
v0080,训练均值参考,情感极性,文本,-1.4032734287902713,0.8914387663127057,是,否
v0080,训练均值参考,情感极性,语音,0.13730545807629824,0.08722420423869486,是,否
v0080,训练均值参考,情感极性,视觉,-0.03358804620802405,0.021337029448599432,是,否
v0080,训练均值参考,情感强度,文本,-0.1360238765676816,0.8000039583586512,是,否
v0080,训练均值参考,情感强度,语音,0.023548762003580727,0.1384984996213998,是,否
v0080,训练均值参考,情感强度,视觉,-0.010456365843613952,0.06149754201994902,是,否
v0080,零参考,情感极性,文本,0.16583347537865242,0.31694337587668836,是,否
v0080,零参考,情感极性,语音,0.20855088004221517,0.3985855076106231,是,否
v0080,零参考,情感极性,视觉,0.1488430978109439,0.28447111651268847,是,否
v0080,零参考,情感强度,文本,0.1141647541274627,0.5676469661732615,是,否
v0080,零参考,情感强度,语音,0.029276990642150242,0.1455702773041912,是,否
v0080,零参考,情感强度,视觉,0.05767754403253396,0.28678275652254726,是,否
v0081,训练均值参考,情感极性,文本,-0.7135462388396262,0.5505067849180041,是,否
v0081,训练均值参考,情感极性,语音,0.2642517536878586,0.20387239875052182,是,否
v0081,训练均值参考,情感极性,视觉,0.3183644860982895,0.24562081633147406,是,否
v0081,训练均值参考,情感强度,文本,-0.2457020953297615,0.597467567768793,是,否
v0081,训练均值参考,情感强度,语音,-0.07761897705495358,0.18874410237114309,是,否
v0081,训练均值参考,情感强度,视觉,-0.08791814558207987,0.21378832986006388,是,否
v0081,零参考,情感极性,文本,-0.4435463895400365,0.399704144117449,是,否
v0081,零参考,情感极性,语音,0.2890419388810793,0.26047165193773136,是,否
v0081,零参考,情感极性,视觉,0.37709841380516684,0.3398242039448197,是,否
v0081,零参考,情感强度,文本,-0.030675763885180153,0.3321476794424428,是,否
v0081,零参考,情感强度,语音,-0.060530454541246094,0.6554050320221745,是,否
v0081,零参考,情感强度,视觉,0.0011495792617400476,0.012447288535382822,是,否
v0082,训练均值参考,情感极性,文本,4.7265536189079285,0.9313422520399696,是,否
v0082,训练均值参考,情感极性,语音,-0.12906020879745483,0.02543062772615755,是,否
v0082,训练均值参考,情感极性,视觉,-0.21937724947929382,0.04322712023387283,是,否
v0082,训练均值参考,情感强度,文本,-1.7067569196224213,0.9583052185556529,是,否
v0082,训练均值参考,情感强度,语音,0.045662254095077515,0.025638317845523954,是,否
v0082,训练均值参考,情感强度,视觉,0.028596818447113023,0.01605646359882317,是,否
v0082,零参考,情感极性,文本,3.1089155972003937,0.848851021746493,是,否
v0082,零参考,情感极性,语音,-0.1837763786315918,0.05017787131782392,是,否
v0082,零参考,情感极性,视觉,-0.36980652809143066,0.1009711069356831,是,否
v0082,零参考,情感强度,文本,-1.424113780260086,0.9248810439585086,是,否
v0082,零参考,情感强度,语音,0.03884913772344589,0.02523030922991733,是,否
v0082,零参考,情感强度,视觉,0.0768175646662712,0.04988864681157414,是,否
v0083,训练均值参考,情感极性,文本,2.493824315567811,0.7691670118534815,是,是
v0083,训练均值参考,情感极性,语音,-0.31085681791106856,0.09587716674921357,是,是
v0083,训练均值参考,情感极性,视觉,-0.43755920852224034,0.13495582139730505,是,是
v0083,训练均值参考,情感强度,文本,-0.7628775214155514,0.9272029627022554,是,是
v0083,训练均值参考,情感强度,语音,-0.039074753721555076,0.047491538812495265,是,是
v0083,训练均值参考,情感强度,视觉,0.020820679763952896,0.025305498485249357,是,是
v0083,零参考,情感极性,文本,2.2069513822595277,0.7306096646909307,是,是
v0083,零参考,情感极性,语音,-0.3895590392251809,0.12896323920567498,是,是
v0083,零参考,情感极性,视觉,-0.4241878924270471,0.14042709610339424,是,是
v0083,零参考,情感强度,文本,-0.5578802408029635,0.7781046105127674,是,是
v0083,零参考,情感强度,语音,-0.031717331459124885,0.04423781312990287,是,是
v0083,零参考,情感强度,视觉,0.12737574117879072,0.1776575763573298,是,是
v0084,训练均值参考,情感极性,文本,5.202402104934056,0.8977479600377616,是,是
v0084,训练均值参考,情感极性,语音,-0.038785705963770546,0.006693021359224752,是,是
v0084,训练均值参考,情感极性,视觉,0.5537594755490621,0.09555901860301372,是,是
v0084,训练均值参考,情感强度,文本,-2.207095148662726,0.8978840410320735,是,是
v0084,训练均值参考,情感强度,语音,-0.03346737722555796,0.013615101244835724,是,是
v0084,训练均值参考,情感强度,视觉,-0.21754458794991174,0.08850085772309091,是,是
v0084,零参考,情感极性,文本,3.6055803572138148,0.8999876685808682,是,是
v0084,零参考,情感极性,语音,-0.05575713018576304,0.013917518022375074,是,是
v0084,零参考,情感极性,视觉,0.34491780151923496,0.08609481339675674,是,是
v0084,零参考,情感强度,文本,-1.9546675961464643,0.915898635389427,是,是
v0084,零参考,情感强度,语音,-0.062233034521341324,0.029160534254832268,是,是
v0084,零参考,情感强度,视觉,-0.11725212447345257,0.05494083035574074,是,是
v0085,训练均值参考,情感极性,文本,2.0503026954829693,0.7175130917401029,是,是
v0085,训练均值参考,情感极性,语音,-0.11293515563011168,0.039522189997035106,是,是
v0085,训练均值参考,情感极性,视觉,-0.6942747421562672,0.24296471826286195,是,是
v0085,训练均值参考,情感强度,文本,0.6456074491143227,0.685789497552068,是,是
v0085,训练均值参考,情感强度,语音,-0.008959256112575531,0.009516872452931492,是,是
v0085,训练均值参考,情感强度,视觉,-0.28684090077877045,0.30469362999500055,是,是
v0085,零参考,情感极性,文本,3.337526405851046,0.8414821352074145,是,是
v0085,零参考,情感极性,语音,-0.16986214866240817,0.042826916154664794,是,是
v0085,零参考,情感极性,视觉,-0.4588589345415433,0.1156909486379206,是,是
v0085,零参考,情感强度,文本,0.8945790342986584,0.8006225503522058,是,是
v0085,零参考,情感强度,语音,-0.020029863342642784,0.017926152589933183,是,是
v0085,零参考,情感强度,视觉,-0.20274538360536096,0.1814512970578611,是,是
v0086,训练均值参考,情感极性,文本,5.257198800643285,0.9054364216654084,是,是
v0086,训练均值参考,情感极性,语音,-0.08891893426577249,0.015314323219059406,是,是
v0086,训练均值参考,情感极性,视觉,0.4601417382558187,0.07924925511553217,是,是
v0086,训练均值参考,情感强度,文本,-2.130314787228902,0.9208173696032423,是,是
v0086,训练均值参考,情感强度,语音,-0.002125864227612813,0.0009188936386018347,是,是
v0086,训练均值参考,情感强度,视觉,-0.1810634781916936,0.07826373675815573,是,是
v0086,零参考,情感极性,文本,3.714443643266956,0.9343915375865024,是,是
v0086,零参考,情感极性,语音,-0.08085772519310314,0.020340266652283827,是,是
v0086,零参考,情感极性,视觉,0.17995257365206876,0.045268195761213825,是,是
v0086,零参考,情感强度,文本,-1.8868503837535777,0.9456836681312479,是,是
v0086,零参考,情感强度,语音,-0.0238830695549647,0.01197012175286626,是,是
v0086,零参考,情感强度,视觉,-0.08449015828470388,0.04234621011588567,是,是
v0087,训练均值参考,情感极性,文本,3.477579977363348,0.9157831864415059,是,否
v0087,训练均值参考,情感极性,语音,-0.05785050988197327,0.015234307944557143,是,否
v0087,训练均值参考,情感极性,视觉,-0.26195302978157997,0.06898250561393698,是,否
v0087,训练均值参考,情感强度,文本,-1.317192201813062,0.91171453422823,是,否
v0087,训练均值参考,情感强度,语音,0.014606590072313942,0.010110172567156126,是,否
v0087,训练均值参考,情感强度,视觉,0.11294312278429666,0.07817529320461371,是,否
v0087,零参考,情感极性,文本,3.2471457173426943,0.8801042213635295,是,否
v0087,零参考,情感极性,语音,-0.16699632505575815,0.04526257317273873,是,否
v0087,零参考,情感极性,视觉,-0.27535931269327796,0.07463320546373178,是,否
v0087,零参考,情感强度,文本,-1.0521397441625595,0.834798941021187,是,否
v0087,零参考,情感强度,语音,-0.012717135250568392,0.010090153041835335,是,否
v0087,零参考,情感强度,视觉,0.19549419730901718,0.15511090593697768,是,否
v0088,训练均值参考,情感极性,文本,5.38163956006368,0.9303317063240415,是,是
v0088,训练均值参考,情感极性,语音,0.08590205510457356,0.014850010783931824,是,是
v0088,训练均值参考,情感极性,视觉,0.3171043594678243,0.054818282892026754,是,是
v0088,训练均值参考,情感强度,文本,-2.2072125126918154,0.9130395197850212,是,是
v0088,训练均值参考,情感强度,语音,-0.08496762563784917,0.03514786168688565,是,是
v0088,训练均值参考,情感强度,视觉,-0.12525357057650885,0.0518126185280931,是,是
v0088,零参考,情感极性,文本,3.7283361498266454,0.9402748442829669,是,是
v0088,零参考,情感极性,语音,0.22590286470949647,0.05697200370403143,是,是
v0088,零参考,情感极性,视觉,0.010916676372289658,0.0027531520130016905,是,是
v0088,零参考,情感强度,文本,-1.9503302878389754,0.9306737743914326,是,是
v0088,零参考,情感强度,语音,-0.10050417544941107,0.04795936405789171,是,是
v0088,零参考,情感强度,视觉,-0.04477663214008013,0.02136686155067582,是,是
v0089,训练均值参考,情感极性,文本,2.6441068922479944,0.766149214586637,是,是
v0089,训练均值参考,情感极性,语音,-0.15076971302429834,0.043686621579361165,是,是
v0089,训练均值参考,情感极性,视觉,-0.6562877918283144,0.19016416383400195,是,是
v0089,训练均值参考,情感强度,文本,0.9417919889092444,0.808123839544331,是,是
v0089,训练均值参考,情感强度,语音,-0.00486229360103607,0.0041721902714546765,是,是
v0089,训练均值参考,情感强度,视觉,-0.21875124424695966,0.1877039701842144,是,是
v0089,零参考,情感极性,文本,3.916167564069231,0.8643749435931646,是,是
v0089,零参考,情感极性,语音,-0.2993390119324128,0.06606998738467128,是,是
v0089,零参考,情感极性,视觉,-0.3151286455492178,0.06955506902216407,是,是
v0089,零参考,情感强度,文本,1.172395007063945,0.8977045071357643,是,是
v0089,零参考,情感强度,语音,-0.011671299735705057,0.008936730635789397,是,是
v0089,零参考,情感强度,视觉,-0.12192580724755922,0.09335876222844619,是,是
v0090,训练均值参考,情感极性,文本,0.42566831906636554,0.22130371809481447,是,是
v0090,训练均值参考,情感极性,语音,-0.5307867924372355,0.2759545059393224,是,是
v0090,训练均值参考,情感极性,视觉,-0.9670024911562601,0.5027417759658631,是,是
v0090,训练均值参考,情感强度,文本,0.6958338047067324,0.6003340408946243,是,是
v0090,训练均值参考,情感强度,语音,-0.17624890555938083,0.15205961101920343,是,是
v0090,训练均值参考,情感强度,视觉,-0.28699499865372974,0.2476063480861723,是,是
v0090,零参考,情感极性,文本,2.033027108758688,0.6129286309304417,是,是
v0090,零参考,情感极性,语音,-0.6708041150122881,0.20223785805199054,是,是
v0090,零参考,情感极性,视觉,-0.6130755189806223,0.18483351101756773,是,是
v0090,零参考,情感强度,文本,0.9287107232958077,0.7134153365334107,是,是
v0090,零参考,情感强度,语音,-0.16445000655949116,0.12632691087727702,是,是
v0090,零参考,情感强度,视觉,-0.2086205407977104,0.16025775258931216,是,是
v0091,训练均值参考,情感极性,文本,5.07224041223526,0.8551546199784681,是,是
v0091,训练均值参考,情感极性,语音,0.40299713611602783,0.06794332184184498,是,是
v0091,训练均值参考,情感极性,视觉,0.45613473653793335,0.07690205817968691,是,是
v0091,训练均值参考,情感强度,文本,-1.8253157238165536,0.799471070391012,是,是
v0091,训练均值参考,情感强度,语音,-0.2889272446433703,0.12654740795043723,是,是
v0091,训练均值参考,情感强度,视觉,-0.16891122112671536,0.07398152165855099,是,是
v0091,零参考,情感极性,文本,3.406365175421039,0.8287526766985644,是,是
v0091,零参考,情感极性,语音,0.519173268849651,0.1263124222071432,是,是
v0091,零参考,情感极性,视觉,0.18469283605615297,0.04493490109429227,是,是
v0091,零参考,情感强度,文本,-1.574197366212805,0.8030843165071592,是,是
v0091,零参考,情感强度,语音,-0.2801799469937881,0.1429351401926441,是,是
v0091,零参考,情感强度,视觉,-0.10581208889683087,0.053980543300196866,是,是
v0092,训练均值参考,情感极性,文本,4.915207972129186,0.8482075781742217,是,是
v0092,训练均值参考,情感极性,语音,0.297387291987737,0.051319528318440555,是,是
v0092,训练均值参考,情感极性,视觉,0.5822220643361409,0.10047289350733789,是,是
v0092,训练均值参考,情感强度,文本,-2.0164805104335146,0.8444945989234681,是,是
v0092,训练均值参考,情感强度,语音,-0.18644175430138904,0.0780811189132148,是,是
v0092,训练均值参考,情感强度,视觉,-0.18487336238225302,0.07742428216331691,是,是
v0092,零参考,情感极性,文本,3.1995983018229404,0.8055314773154889,是,是
v0092,零参考,情感极性,语音,0.4700548291827241,0.11834109324133309,是,是
v0092,零参考,情感极性,视觉,0.3023807272935907,0.07612742944317803,是,是
v0092,零参考,情感强度,文本,-1.7572687063366172,0.8514951349744586,是,是
v0092,零参考,情感强度,语音,-0.18480080552399158,0.08954634329719695,是,是
v0092,零参考,情感强度,视觉,-0.12167534604668617,0.05895852172834434,是,是
v0093,训练均值参考,情感极性,文本,4.625962408880392,0.9322970449502735,是,是
v0093,训练均值参考,情感极性,语音,-0.07532869031031926,0.01518142802921786,是,是
v0093,训练均值参考,情感极性,视觉,-0.26060643543799716,0.0525215270205087,是,是
v0093,训练均值参考,情感强度,文本,-1.9121027092138925,0.8574674155936676,是,是
v0093,训练均值参考,情感强度,语音,-0.22225421170393622,0.09966815255072357,是,是
v0093,训练均值参考,情感强度,视觉,0.0955852021773656,0.042864431855608814,是,是
v0093,零参考,情感极性,文本,4.397576314707597,0.9050095348404555,是,是
v0093,零参考,情感极性,语音,-0.05618452529112498,0.011562626196819912,是,是
v0093,零参考,情感极性,视觉,-0.40538831303517014,0.08342783896272438,是,是
v0093,零参考,情感强度,文本,-1.6436852533370256,0.8127319288789632,是,是
v0093,零参考,情感强度,语音,-0.22591232508420944,0.1117039648256635,是,是
v0093,零参考,情感强度,视觉,0.15282235480844975,0.07556410629537333,是,是
v0094,训练均值参考,情感极性,文本,4.953468730052312,0.8705208353773936,是,是
v0094,训练均值参考,情感极性,语音,0.5692510505517323,0.10003997745243051,是,是
v0094,训练均值参考,情感极性,视觉,-0.16751591364542642,0.02943918717017598,是,是
v0094,训练均值参考,情感强度,文本,-1.863561158378919,0.8043190179367976,是,是
v0094,训练均值参考,情感强度,语音,-0.3487815459569295,0.15053524230059903,是,是
v0094,训练均值参考,情感强度,视觉,0.1046000967423121,0.04514573976260344,是,是
v0094,零参考,情感极性,文本,3.4376622413595515,0.7290132405166367,是,是
v0094,零参考,情感极性,语音,0.6862981667121251,0.14554089824646735,是,是
v0094,零参考,情感极性,视觉,-0.5915400112668673,0.12544586123689588,是,是
v0094,零参考,情感强度,文本,-1.596362102155884,0.754152824652096,是,是
v0094,零参考,情感强度,语音,-0.353864857306083,0.16717271183153773,是,是
v0094,零参考,情感强度,视觉,0.1665351210782925,0.07867446351636641,是,是
v0095,训练均值参考,情感极性,文本,1.5301606295009453,0.555118662866502,是,是
v0095,训练均值参考,情感极性,语音,0.7994535931696494,0.2900294263935524,是,是
v0095,训练均值参考,情感极性,视觉,0.42684260693689186,0.15485191073994556,是,是
v0095,训练均值参考,情感强度,文本,-0.21677279969056448,0.516191939175496,是,是
v0095,训练均值参考,情感强度,语音,-0.1326761630674203,0.3159361598590685,是,是
v0095,训练均值参考,情感强度,视觉,-0.07049715270598729,0.16787190096543558,是,是
v0095,零参考,情感极性,文本,0.32786900177598,0.25247096440902017,是,是
v0095,零参考,情感极性,语音,0.7885178010910748,0.6071871650469893,是,是
v0095,零参考,情感极性,视觉,0.18225362710654736,0.14034187054399042,是,是
v0095,零参考,情感强度,文本,-0.0345071256160736,0.29614751400460027,是,是
v0095,零参考,情感强度,语音,-0.07721409574151039,0.6626678429950142,是,是
v0095,零参考,情感强度,视觉,-0.0047988370060920715,0.041184643000385414,是,是
v0096,训练均值参考,情感极性,文本,0.6588102206587791,0.3014314429424633,是,是
v0096,训练均值参考,情感极性,语音,0.8454397544264792,0.3868217539838185,是,是
v0096,训练均值参考,情感极性,视觉,0.6813555285334586,0.31174680307371805,是,是
v0096,训练均值参考,情感强度,文本,-0.09297359362244606,0.2426689380866755,是,是
v0096,训练均值参考,情感强度,语音,-0.16501754894852635,0.4307097511108482,是,是
v0096,训练均值参考,情感强度,视觉,-0.1251382119953632,0.32662131080247614,是,是
v0096,零参考,情感极性,文本,-0.6010684793194134,0.3125125640833945,是,是
v0096,零参考,情感极性,语音,0.8826462129751841,0.4589128205619809,是,是
v0096,零参考,情感极性,视觉,0.43962711344162625,0.22857461535462448,是,是
v0096,零参考,情感强度,文本,0.10218087956309319,0.38239728988791405,是,是
v0096,零参考,情感强度,语音,-0.11754074320197105,0.4398793770814196,是,是
v0096,零参考,情感强度,视觉,-0.047489684075117104,0.1777233330306663,是,是
v0097,训练均值参考,情感极性,文本,4.792622906466325,0.8994554628364116,是,是
v0097,训练均值参考,情感极性,语音,-0.21403292069832483,0.0401686265550326,是,是
v0097,训练均值参考,情感极性,视觉,-0.32170461366573966,0.06037591060855562,是,是
v0097,训练均值参考,情感强度,文本,-2.081259548664093,0.908091643401381,是,是
v0097,训练均值参考,情感强度,语音,-0.1424383856356144,0.06214847532029791,是,是
v0097,训练均值参考,情感强度,视觉,-0.06820681318640709,0.02975988127832102,是,是
v0097,零参考,情感极性,文本,4.503403887152672,0.8824823757022559,是,是
v0097,零参考,情感极性,语音,-0.22713461518287656,0.04450906466164963,是,是
v0097,零参考,情感极性,视觉,-0.3725706487894058,0.07300855963609451,是,是
v0097,零参考,情感强度,文本,-1.879673209041357,0.9138467166414219,是,是
v0097,零参考,情感强度,语音,-0.13440953567624092,0.06534631247187622,是,是
v0097,零参考,情感强度,视觉,0.04279744625091553,0.020806970886701814,是,是
v0098,训练均值参考,情感极性,文本,-0.4061897372206052,0.1540880027430548,是,是
v0098,训练均值参考,情感极性,语音,0.7896761919061343,0.2995635193965332,是,是
v0098,训练均值参考,情感极性,视觉,1.440223383406798,0.546348477860412,是,是
v0098,训练均值参考,情感强度,文本,0.12170585493246713,0.20138378742745136,是,是
v0098,训练均值参考,情感强度,语音,-0.1721545134981473,0.2848599845112186,是,是
v0098,训练均值参考,情感强度,视觉,-0.31048746158679325,0.5137562280613301,是,是
v0098,零参考,情感极性,文本,-1.5808681572477021,0.44908625132120616,是,是
v0098,零参考,情感极性,语音,0.8797398408253987,0.24991272386814797,是,是
v0098,零参考,情感极性,视觉,1.0595802788933117,0.30100102481064583,是,是
v0098,零参考,情感强度,文本,0.3153589765230814,0.4705199345803177,是,是
v0098,零参考,情感强度,语音,-0.13952206385632354,0.20816884010080947,是,是
v0098,零参考,情感强度,视觉,-0.21535406199594337,0.32131122531887285,是,是
v0099,训练均值参考,情感极性,文本,-1.2544561565543213,0.6018028163535029,是,否
v0099,训练均值参考,情感极性,语音,0.33022400302191574,0.1584190360163544,是,否
v0099,训练均值参考,情感极性,视觉,0.4998168259238203,0.23977814763014277,是,否
v0099,训练均值参考,情感强度,文本,-0.2863313388079405,0.5878506622897851,是,否
v0099,训练均值参考,情感强度,语音,-0.1493132188916206,0.3065465169809233,是,否
v0099,训练均值参考,情感强度,视觉,-0.051437208428978906,0.1056028207292915,是,否
v0099,零参考,情感极性,文本,-0.9366421938563385,0.5205758846429606,是,否
v0099,零参考,情感极性,语音,0.3070059896757205,0.17063070157892,是,否
v0099,零参考,情感极性,视觉,0.5555941968535383,0.3087934137781194,是,否
v0099,零参考,情感强度,文本,-0.11352163056532541,0.43082759696535367,是,否
v0099,零参考,情感强度,语音,-0.1040704088906447,0.3949591276506319,是,否
v0099,零参考,情感强度,视觉,0.04590461527307828,0.17421327538401446,是,否
v0100,训练均值参考,情感极性,文本,1.2541392433146636,0.33905699346155865,是,否
v0100,训练均值参考,情感极性,语音,-0.6256049623092015,0.16913252555160635,是,否
v0100,训练均值参考,情感极性,视觉,-1.8191597176094847,0.491810480986835,是,否
v0100,训练均值参考,情感强度,文本,0.41231255233287806,0.3847516770452933,是,否
v0100,训练均值参考,情感强度,语音,-0.13262221962213516,0.12375713793910807,是,否
v0100,训练均值参考,情感强度,视觉,-0.5266981199383736,0.4914911850155986,是,否
v0100,零参考,情感极性,文本,2.4300940850128727,0.5299644966348033,是,否
v0100,零参考,情感极性,语音,-0.7235964002708594,0.1578047551332854,是,否
v0100,零参考,情感极性,视觉,-1.4316998577366271,0.31223074823191127,是,否
v0100,零参考,情感强度,文本,0.6185826684037844,0.5320948354396132,是,否
v0100,零参考,情感强度,语音,-0.12284171705444653,0.10566646393419285,是,否
v0100,零参考,情感强度,视觉,-0.42111775403221446,0.36223870062619395,是,否
v0101,训练均值参考,情感极性,文本,1.5667138472199436,0.4509645717782977,是,否
v0101,训练均值参考,情感极性,语音,-0.6291851028800011,0.181105305855978,是,否
v0101,训练均值参考,情感极性,视觉,-1.2782405838370323,0.3679301223657243,是,否
v0101,训练均值参考,情感强度,文本,0.41263587772846216,0.4675894280965075,是,否
v0101,训练均值参考,情感强度,语音,-0.15461550652980804,0.17520671414011174,是,否
v0101,训练均值参考,情感强度,视觉,-0.3152233958244324,0.3572038577633807,是,否
v0101,零参考,情感极性,文本,2.725106761480371,0.6300514827498948,是,否
v0101,零参考,情感极性,语音,-0.6553146460403998,0.151510381259773,是,否
v0101,零参考,情感极性,视觉,-0.9447914299865563,0.21843813599033224,是,否
v0101,零参考,情感强度,文本,0.6324825398623943,0.6323740186484789,是,否
v0101,零参考,情感强度,语音,-0.14015202410519123,0.14012797685197867,是,否
v0101,零参考,情感强度,视觉,-0.22753704525530336,0.2274980044995424,是,否
v0102,训练均值参考,情感极性,文本,4.673443642755349,0.8505549044872845,是,是
v0102,训练均值参考,情感极性,语音,-0.457716258863608,0.08330319965311145,是,是
v0102,训练均值参考,情感极性,视觉,-0.3634220684568087,0.06614189585960392,是,是
v0102,训练均值参考,情感强度,文本,-2.0077982507646084,0.9103728785418085,是,是
v0102,训练均值参考,情感强度,语音,-0.11851212196052074,0.053735589006619795,是,是
v0102,训练均值参考,情感强度,视觉,-0.0791576262563467,0.03589153245157178,是,是
v0102,零参考,情感极性,文本,4.3674042373895645,0.8345147291974185,是,是
v0102,零参考,情感极性,语音,-0.4513561725616455,0.08624422051254864,是,是
v0102,零参考,情感极性,视觉,-0.4147053211927414,0.07924105029003285,是,是
v0102,零参考,情感强度,文本,-1.8290831365933018,0.9498648893671202,是,是
v0102,零参考,情感强度,语音,-0.07817240928610165,0.04059587309760128,是,是
v0102,零参考,情感强度,视觉,0.018368989850083985,0.009539237535278512,是,是
v0103,训练均值参考,情感极性,文本,0.9550320369501908,0.38318580286404896,是,否
v0103,训练均值参考,情感极性,语音,0.6687631992002327,0.2683266670611556,是,否
v0103,训练均值参考,情感极性,视觉,0.8685518962641556,0.3484875300747953,是,否
v0103,训练均值参考,情感强度,文本,-0.14848112190763155,0.3521961434978342,是,否
v0103,训练均值参考,情感强度,语音,-0.11619017149011293,0.27560224347325935,是,否
v0103,训练均值参考,情感强度,视觉,-0.15691515679160753,0.3722016130289064,是,否
v0103,零参考,情感极性,文本,-0.2458141731719176,0.16144073028884245,是,否
v0103,零参考,情感极性,语音,0.7775045049687226,0.5106332701053355,是,否
v0103,零参考,情感极性,视觉,0.4993093026181062,0.32792599960582197,是,否
v0103,零参考,情感强度,文本,0.04826389501492182,0.23808168525121878,是,否
v0103,零参考,情感强度,语音,-0.09481074785192807,0.4676933476159885,是,否
v0103,零参考,情感强度,视觉,-0.059645255406697587,0.2942249671327927,是,否
v0104,训练均值参考,情感极性,文本,1.0288457199931145,0.5818261380270068,是,是
v0104,训练均值参考,情感极性,语音,0.2666858956217766,0.15081447266644618,是,是
v0104,训练均值参考,情感极性,视觉,0.47277278453111643,0.26735938930654696,是,是
v0104,训练均值参考,情感强度,文本,-0.20399851848681766,0.5970419850338304,是,是
v0104,训练均值参考,情感强度,语音,-0.04496446748574574,0.13159740140668486,是,是
v0104,训练均值参考,情感强度,视觉,-0.09271904577811559,0.2713606135594847,是,是
v0104,零参考,情感极性,文本,-0.1839467535416285,0.27429210696026785,是,是
v0104,零参考,情感极性,语音,0.3298226197560628,0.4918148298582079,是,是
v0104,零参考,情感极性,视觉,0.15685420234998065,0.23389306318152428,是,是
v0104,零参考,情感强度,文本,0.033347517251968384,0.385277893650607,是,是
v0104,零参考,情感强度,语音,-0.0413881316781044,0.47817449420864444,是,是
v0104,零参考,情感强度,视觉,-0.01181880384683609,0.13654761214074856,是,是
v0105,训练均值参考,情感极性,文本,0.4941841587424278,0.2824219205815974,是,是
v0105,训练均值参考,情感极性,语音,0.6184332594275475,0.3534291939335488,是,是
v0105,训练均值参考,情感极性,视觉,0.6371906623244286,0.36414888548485386,是,是
v0105,训练均值参考,情感强度,文本,-0.08449300626913706,0.2524244527626878,是,是
v0105,训练均值参考,情感强度,语音,-0.13044590751330057,0.38970961353051853,是,是
v0105,训练均值参考,情感强度,视觉,-0.11978700260321298,0.3578659337067936,是,是
v0105,零参考,情感极性,文本,-0.7184940682103236,0.41726275543456615,是,是
v0105,零参考,情感极性,语音,0.7340865122775235,0.4263180092818876,是,是
v0105,零参考,情感极性,视觉,0.2693417786310116,0.15641923528354615,是,是
v0105,零参考,情感强度,文本,0.14101079913477102,0.476662149180066,是,是
v0105,零参考,情感强度,语音,-0.10911859882374603,0.3688561879656683,是,是
v0105,零参考,情感强度,视觉,-0.04570025702317555,0.1544816628542656,是,是
v0106,训练均值参考,情感极性,文本,5.636778424183527,0.9405138498225505,是,是
v0106,训练均值参考,情感极性,语音,0.1307018498579661,0.021808006406895498,是,是
v0106,训练均值参考,情感极性,视觉,0.22581628958384195,0.03767814377055389,是,是
v0106,训练均值参考,情感强度,文本,-2.247122123837471,0.9556807554116864,是,是
v0106,训练均值参考,情感强度,语音,-0.10270391404628752,0.04367904757747473,是,是
v0106,训练均值参考,情感强度,视觉,0.0015053153038024902,0.0006401970108389118,是,是
v0106,零参考,情感极性,文本,4.136339418590069,0.9602613229819517,是,是
v0106,零参考,情感极性,语音,0.1028631255030632,0.023879926424243747,是,是
v0106,零参考,情感极性,视觉,-0.06831179559230804,0.01585875059380454,是,是
v0106,零参考,情感强度,文本,-2.000194301828742,0.9357781173037942,是,是
v0106,零参考,情感强度,语音,-0.08079679682850836,0.03780026487988282,是,是
v0106,零参考,情感强度,视觉,0.0564753208309412,0.026421617816322938,是,是
v0107,训练均值参考,情感极性,文本,4.4191446751356125,0.8540708787258738,是,是
v0107,训练均值参考,情感极性,语音,-0.6402352005243301,0.12373576347922362,是,是
v0107,训练均值参考,情感极性,视觉,-0.11483316123485565,0.022193357794902568,是,是
v0107,训练均值参考,情感强度,文本,-1.5985999728242555,0.9930696649909567,是,是
v0107,训练均值参考,情感强度,语音,0.006024395426114396,0.0037424274047840145,是,是
v0107,训练均值参考,情感强度,视觉,-0.005131753782431289,0.0031879076042592757,是,是
v0107,零参考,情感极性,文本,4.184934784968694,0.8268760041506661,是,是
v0107,零参考,情感极性,语音,-0.713397259513537,0.1409558584849016,是,是
v0107,零参考,情感极性,视觉,-0.16280742983023325,0.032168137364432144,是,是
v0107,零参考,情感强度,文本,-1.3753341150780516,0.9311599526953914,是,是
v0107,零参考,情感强度,语音,0.03842517795662085,0.026015487070477065,是,是
v0107,零参考,情感强度,视觉,0.06325237515072027,0.042824560234131406,是,是
v0108,训练均值参考,情感极性,文本,-0.5222308089335759,0.3148036139672424,是,是
v0108,训练均值参考,情感极性,语音,-0.26873143513997394,0.16199279230848218,是,是
v0108,训练均值参考,情感极性,视觉,-0.8679475833972294,0.5232035937242755,是,是
v0108,训练均值参考,情感强度,文本,0.2803228547175725,0.4056610284761503,是,是
v0108,训练均值参考,情感强度,语音,-0.1559755752484004,0.22571549628435947,是,是
v0108,训练均值参考,情感强度,视觉,-0.254728893438975,0.3686234752394902,是,是
v0108,零参考,情感极性,文本,1.016553763921062,0.543644956707166,是,是
v0108,零参考,情感极性,语音,-0.2859801345815261,0.15293992644717216,是,是
v0108,零参考,情感极性,视觉,-0.5673514952262242,0.30341511684566197,是,是
v0108,零参考,情感强度,文本,0.5111644739905993,0.6165404609262194,是,是
v0108,零参考,情感强度,语音,-0.13246478264530498,0.15977225003733295,是,是
v0108,零参考,情感强度,视觉,-0.18545578544338542,0.22368728903644763,是,是
v0109,训练均值参考,情感极性,文本,-1.1500573344528675,0.5836305275679429,是,否
v0109,训练均值参考,情感极性,语音,0.5301698297262192,0.26905032310491367,是,否
v0109,训练均值参考,情感极性,视觉,0.29029576107859606,0.14731914932714343,是,否
v0109,训练均值参考,情感强度,文本,-0.33349902369081974,0.7328783582607561,是,否
v0109,训练均值参考,情感强度,语音,-0.05720273405313492,0.1257054529183684,是,否
v0109,训练均值参考,情感强度,视觉,-0.06435196287930012,0.14141618882087548,是,否
v0109,零参考,情感极性,文本,-0.9174732094009717,0.4937655058432132,是,否
v0109,零参考,情感极性,语音,0.633486251036326,0.34092947454225797,是,否
v0109,零参考,情感极性,视觉,0.30715577552715934,0.1653050196145288,是,否
v0109,零参考,情感强度,文本,-0.13465657892326513,0.7309179445767711,是,否
v0109,零参考,情感强度,语音,-0.025039824346701305,0.13591654481645377,是,否
v0109,零参考,情感强度,视觉,0.02453300294776757,0.1331655106067753,是,否
v0110,训练均值参考,情感极性,文本,4.093577325344086,0.7429757850166219,是,是
v0110,训练均值参考,情感极性,语音,-0.4111795276403427,0.07462823053077883,是,是
v0110,训练均值参考,情感极性,视觉,-1.0049480497837067,0.18239598445259925,是,是
v0110,训练均值参考,情感强度,文本,-1.5540235713124275,0.9107731601791638,是,是
v0110,训练均值参考,情感强度,语音,-0.04370402544736862,0.02561380284317969,是,是
v0110,训练均值参考,情感强度,视觉,0.10854092240333559,0.06361303697765655,是,是
v0110,零参考,情感极性,文本,3.884244504074255,0.713635576226842,是,是
v0110,零参考,情感极性,语音,-0.4758421157797177,0.08742443019003286,是,是
v0110,零参考,情感极性,视觉,-1.0828097735842068,0.19893999358312522,是,是
v0110,零参考,情感强度,文本,-1.3614309535672264,0.8511918041403053,是,是
v0110,零参考,情感强度,语音,-0.023742555951078728,0.01484428496498329,是,是
v0110,零参考,情感强度,视觉,0.21426735321680704,0.1339639108947115,是,是
v0111,训练均值参考,情感极性,文本,4.586551137268543,0.8026702841938878,是,是
v0111,训练均值参考,情感极性,语音,-0.21309926360845566,0.037293478555647984,是,是
v0111,训练均值参考,情感极性,视觉,-0.9144656285643578,0.16003623725046426,是,是
v0111,训练均值参考,情感强度,文本,-1.9445791517694788,0.9709315122968812,是,是
v0111,训练均值参考,情感强度,语音,-0.004872975250085194,0.0024330844155380353,是,是
v0111,训练均值参考,情感强度,视觉,0.05334531764189401,0.026635403287580694,是,是
v0111,零参考,情感极性,文本,4.417845567067464,0.7709046792448915,是,是
v0111,零参考,情感极性,语音,-0.29955054322878516,0.05227093431396381,是,是
v0111,零参考,情感极性,视觉,-1.0133325854937234,0.17682438644114473,是,是
v0111,零参考,情感强度,文本,-1.7215299426267543,0.9117653344011282,是,是
v0111,零参考,情感强度,语音,-0.009589370960990586,0.005078770809878198,是,是
v0111,零参考,情感强度,视觉,0.15700899933775264,0.08315589478899359,是,是
v0112,训练均值参考,情感极性,文本,0.12885069598754245,0.064262623915916,是,是
v0112,训练均值参考,情感极性,语音,0.3682702754934628,0.1836700534061163,是,是
v0112,训练均值参考,情感极性,视觉,1.5079433744152386,0.7520673226779676,是,是
v0112,训练均值参考,情感强度,文本,0.006117912630240121,0.01622042383122268,是,是
v0112,训练均值参考,情感强度,语音,-0.07499772061904271,0.19884148211001093,是,是
v0112,训练均值参考,情感强度,视觉,-0.2960577805836995,0.7849380940587664,是,是
v0112,零参考,情感极性,文本,-1.0859966725111008,0.4005175502079064,是,是
v0112,零参考,情感极性,语音,0.44070688635110855,0.16253350212663378,是,是
v0112,零参考,情感极性,视觉,1.1847798004746437,0.4369489476654598,是,是
v0112,零参考,情感强度,文本,0.2070127675930659,0.4528427538960617,是,是
v0112,零参考,情感强度,语音,-0.06764645626147589,0.14797738275241687,是,是
v0112,零参考,情感强度,视觉,-0.18248128642638523,0.39917986335152145,是,是
v0113,训练均值参考,情感极性,文本,3.7362737531463304,0.8357837250100714,是,是
v0113,训练均值参考,情感极性,语音,0.2612796897689501,0.05844681808999567,是,是
v0113,训练均值参考,情感极性,视觉,-0.4728300323088963,0.10576945689993301,是,是
v0113,训练均值参考,情感强度,文本,-1.1982676088809967,0.7529405122300994,是,是
v0113,训练均值参考,情感强度,语音,-0.14384329319000244,0.09038502088568175,是,是
v0113,训练均值参考,情感强度,视觉,0.24933966994285583,0.15667446688421882,是,是
v0113,零参考,情感极性,文本,2.130238664646943,0.6533060085791577,是,是
v0113,零参考,情感极性,语音,0.3510841851433118,0.10767122551935142,是,是
v0113,零参考,情感极性,视觉,-0.7793829093376795,0.2390227659014909,是,是
v0113,零参考,情感强度,文本,-0.9048824875305097,0.6679077486933758,是,是
v0113,零参考,情感强度,语音,-0.15687854463855427,0.11579447830157856,是,是
v0113,零参考,情感强度,视觉,0.2930405692507823,0.2162977730050457,是,是
v0114,训练均值参考,情感极性,文本,3.444016271581252,0.8298915903453735,是,是
v0114,训练均值参考,情感极性,语音,0.22308512901266414,0.053755980779301285,是,是
v0114,训练均值参考,情感极性,视觉,-0.48285783703128493,0.11635242887532518,是,是
v0114,训练均值参考,情感强度,文本,-1.0611321777105331,0.7636201096657834,是,是
v0114,训练均值参考,情感强度,语音,-0.09391684830188751,0.06758516564306445,是,是
v0114,训练均值参考,情感强度,视觉,0.23455840349197388,0.16879472469115214,是,是
v0114,零参考,情感极性,文本,1.8658433171610036,0.6371202882288602,是,是
v0114,零参考,情感极性,语音,0.2791654157141844,0.09532523362893018,是,是
v0114,零参考,情感极性,视觉,-0.7835486394663651,0.26755447814220973,是,是
v0114,零参考,情感强度,文本,-0.7793231885880232,0.6783129990777934,是,是
v0114,零参考,情感强度,语音,-0.09335365518927573,0.081253835063012,是,是
v0114,零参考,情感强度,视觉,0.2762369904667139,0.24043316585919455,是,是
v0115,训练均值参考,情感极性,文本,1.240939346452554,0.7380341953683026,是,是
v0115,训练均值参考,情感极性,语音,0.4392461304863293,0.26123651039741863,是,是
v0115,训练均值参考,情感极性,视觉,0.001226243873437241,0.0007292942342788121,是,是
v0115,训练均值参考,情感强度,文本,-0.2564264511068662,0.6692274915537119,是,是
v0115,训练均值参考,情感强度,语音,-0.08978509654601415,0.2343231545771995,是,是
v0115,训练均值参考,情感强度,视觉,0.03695629040400187,0.09644935386908861,是,是
v0115,零参考,情感极性,文本,-0.14231202503045398,0.16857908176774125,是,是
v0115,零参考,情感极性,语音,0.530260811249415,0.6281330101143231,是,是
v0115,零参考,情感极性,视觉,-0.1716127147277196,0.2032879081179357,是,是
v0115,零参考,情感强度,文本,0.02864144556224346,0.14314878453354474,是,是
v0115,零参考,情感强度,语音,-0.09407716616988182,0.4701938650516924,是,是
v0115,零参考,情感强度,视觉,0.07736304216086863,0.38665735041476273,是,是
v0116,训练均值参考,情感极性,文本,4.596553740402062,0.8910231811806489,是,是
v0116,训练均值参考,情感极性,语音,-0.281181293229262,0.05450584601665315,是,是
v0116,训练均值参考,情感极性,视觉,-0.2810013915101687,0.054470972802697776,是,是
v0116,训练均值参考,情感强度,文本,-1.8493458529313405,0.9437133224584994,是,是
v0116,训练均值参考,情感强度,语音,-0.08218258370955785,0.04193742289893354,是,是
v0116,训练均值参考,情感强度,视觉,-0.028119487067063645,0.0143492546425672,是,是
v0116,零参考,情感极性,文本,4.334293141961098,0.8689645077848297,是,是
v0116,零参考,情感极性,语音,-0.37281711399555206,0.07474456141891785,是,是
v0116,零参考,情感极性,视觉,-0.2807725667953491,0.056290930796252456,是,是
v0116,零参考,情感强度,文本,-1.637906846900781,0.9001402942552913,是,是
v0116,零参考,情感强度,语音,-0.09101405491431554,0.05001836235495144,是,是
v0116,零参考,情感强度,视觉,0.09069194893042246,0.049841343389757216,是,是
v0117,训练均值参考,情感极性,文本,2.200667048494021,0.5642128623277503,是,是
v0117,训练均值参考,情感极性,语音,-0.3752901305754979,0.09621788035598522,是,是
v0117,训练均值参考,情感极性,视觉,-1.3244626720746357,0.3395692573162646,是,是
v0117,训练均值参考,情感强度,文本,0.7211381370822589,0.5917078737117463,是,是
v0117,训练均值参考,情感强度,语音,-0.007512030502160391,0.0061637671995484564,是,是
v0117,训练均值参考,情感强度,视觉,-0.49008997281392414,0.40212835908870526,是,是
v0117,零参考,情感极性,文本,3.4223836318900185,0.7017640227334446,是,是
v0117,零参考,情感极性,语音,-0.4832962738970915,0.09910050240475403,是,是
v0117,零参考,情感极性,视觉,-0.9711497991035382,0.19913547486180144,是,是
v0117,零参考,情感强度,文本,0.9264571691552796,0.7094920908185348,是,是
v0117,零参考,情感强度,语音,-0.00042623405655224916,0.00032641518899038843,是,是
v0117,零参考,情感强度,视觉,-0.37891997521122295,0.2901814939924747,是,是
v0118,训练均值参考,情感极性,文本,4.38378931581974,0.8656540006060879,是,是
v0118,训练均值参考,情感极性,语音,-0.2376565188169479,0.04692933475192274,是,是
v0118,训练均值参考,情感极性,视觉,-0.44268985092639923,0.08741666464198934,是,是
v0118,训练均值参考,情感强度,文本,-1.8085250481963153,0.9578734505131365,是,是
v0118,训练均值参考,情感强度,语音,-0.07282502949237823,0.038571300050920354,是,是
v0118,训练均值参考,情感强度,视觉,0.006712533533573151,0.0035552494359430632,是,是
v0118,零参考,情感极性,文本,4.112163166205088,0.8433079448842881,是,是
v0118,零参考,情感极性,语音,-0.31574465831120807,0.06475180291893526,是,是
v0118,零参考,情感极性,视觉,-0.44832177956899005,0.09194025219677676,是,是
v0118,零参考,情感强度,文本,-1.5912713737537463,0.8897970758777752,是,是
v0118,零参考,情感强度,语音,-0.07819857199986775,0.04372658356767991,是,是
v0118,零参考,情感强度,视觉,0.11888317080835502,0.06647634055454481,是,是
v0119,训练均值参考,情感极性,文本,1.2097983807325363,0.40522097634312865,是,否
v0119,训练均值参考,情感极性,语音,-0.3566041588783264,0.11944427082238143,是,否
v0119,训练均值参考,情感极性,视觉,-1.4191249907016754,0.4753347528344899,是,否
v0119,训练均值参考,情感强度,文本,0.2531273489197095,0.3641081982925122,是,否
v0119,训练均值参考,情感强度,语音,-0.02211026350657145,0.03180426075455004,是,否
v0119,训练均值参考,情感强度,视觉,-0.41996054599682486,0.6040875409529378,是,否
v0119,零参考,情感极性,文本,2.4909848285218077,0.6103901359308697,是,否
v0119,零参考,情感极性,语音,-0.5728958851347367,0.14038222681955864,是,否
v0119,零参考,情感极性,视觉,-1.0170909172544875,0.24922763724957167,是,否
v0119,零参考,情感强度,文本,0.4828920649985472,0.5809140309528918,是,否
v0119,零参考,情感强度,语音,-0.03931794626017412,0.04729907220748314,是,否
v0119,零参考,情感强度,视觉,-0.30905251515408355,0.371786896839625,是,否
v0120,训练均值参考,情感极性,文本,1.1251647658646107,0.4376850660711692,是,否
v0120,训练均值参考,情感极性,语音,0.7835442442446946,0.30479590608971274,是,否
v0120,训练均值参考,情感极性,视觉,0.6620087344199419,0.257519027839118,是,否
v0120,训练均值参考,情感强度,文本,-0.15205656116207442,0.37111083590690236,是,否
v0120,训练均值参考,情感强度,语音,-0.13186358225842315,0.3218276400808642,是,否
v0120,训练均值参考,情感强度,视觉,-0.12581340906520685,0.30706152401223347,是,否
v0120,零参考,情感极性,文本,-0.007456085334221523,0.006622552149967801,是,否
v0120,零参考,情感极性,语音,0.8525823124994834,0.7572701456021479,是,否
v0120,零参考,情感极性,视觉,0.26582443652053667,0.2361073022478844,是,否
v0120,零参考,情感强度,文本,0.020361001913746197,0.1467732643156178,是,否
v0120,零参考,情感强度,语音,-0.08964305805663267,0.6461963075266781,是,否
v0120,零参考,情感强度,视觉,-0.02872012803951899,0.20703042815770406,是,否
v0121,训练均值参考,情感极性,文本,-1.0214980185652773,0.7160296884797942,是,否
v0121,训练均值参考,情感极性,语音,0.3229105652620395,0.22634752809032202,是,否
v0121,训练均值参考,情感极性,视觉,0.08220547282447416,0.05762278342988383,是,否
v0121,训练均值参考,情感强度,文本,-0.24577396114667255,0.5636052935905809,是,否
v0121,训练均值参考,情感强度,语音,-0.10543810327847798,0.24178913370906993,是,否
v0121,训练均值参考,情感强度,视觉,-0.08486255009969076,0.19460557270034923,是,否
v0121,零参考,情感极性,文本,-0.7237502240265408,0.6106863620561487,是,否
v0121,零参考,情感极性,语音,0.35190243584414316,0.29692843084560666,是,否
v0121,零参考,情感极性,视觉,0.1094896144544085,0.09238520709824478,是,否
v0121,零参考,情感强度,文本,-0.03958191784719626,0.309897083051972,是,否
v0121,零参考,情感强度,语音,-0.08132014671961467,0.636676483414814,是,否
v0121,零参考,情感强度,视觉,0.006823945169647532,0.05342643353321391,是,否
v0122,训练均值参考,情感极性,文本,4.0477652202049885,0.8151989272670095,是,是
v0122,训练均值参考,情感极性,语音,0.6157402942577997,0.1240069025862649,是,是
v0122,训练均值参考,情感极性,视觉,0.3018656174341838,0.06079417014672555,是,是
v0122,训练均值参考,情感强度,文本,-1.4899170622229576,0.8144537405038298,是,是
v0122,训练均值参考,情感强度,语音,-0.3131652846932411,0.17118982256220977,是,是
v0122,训练均值参考,情感强度,视觉,-0.026262879371643066,0.014356436933960482,是,是
v0122,零参考,情感极性,文本,2.512092102319002,0.7771538341522363,是,是
v0122,零参考,情感极性,语音,0.6759540345519781,0.20911664392312726,是,是
v0122,零参考,情感极性,视觉,-0.04437966085970402,0.013729521924636487,是,是
v0122,零参考,情感强度,文本,-1.2747549898922443,0.774058782535524,是,是
v0122,零参考,情感强度,语音,-0.30166883021593094,0.18317983400527646,是,是
v0122,零参考,情感强度,视觉,0.07042137905955315,0.04276138345919958,是,是
v0123,训练均值参考,情感极性,文本,4.08003256469965,0.8136664711302297,是,是
v0123,训练均值参考,情感极性,语音,-0.19129785150289536,0.03814985427171802,是,是
v0123,训练均值参考,情感极性,视觉,-0.7430491968989372,0.14818367459805226,是,是
v0123,训练均值参考,情感强度,文本,-1.3156568333506584,0.891230071975832,是,是
v0123,训练均值参考,情感强度,语音,-0.12785537540912628,0.08660963295282201,是,是
v0123,训练均值参考,情感强度,视觉,0.032713599503040314,0.022160295071345912,是,是
v0123,零参考,情感极性,文本,3.8190887322028475,0.788143203663881,是,是
v0123,零参考,情感极性,语音,-0.2510100255409876,0.051800798450555324,是,是
v0123,零参考,情感极性,视觉,-0.7755799392859141,0.16005599788556357,是,是
v0123,零参考,情感强度,文本,-1.11755169617633,0.8058013697404286,是,是
v0123,零参考,情感强度,语音,-0.12097905824581781,0.08723094526895663,是,是
v0123,零参考,情感强度,视觉,0.14835159418483573,0.10696768499061472,是,是
v0124,训练均值参考,情感极性,文本,0.8692050923903782,0.40530146870803285,是,是
v0124,训练均值参考,情感极性,语音,0.4096396466096242,0.19101078889831652,是,是
v0124,训练均值参考,情感极性,视觉,0.8657443126042683,0.4036877423936506,是,是
v0124,训练均值参考,情感强度,文本,-0.1344714711109797,0.351430940593865,是,是
v0124,训练均值参考,情感强度,语音,-0.060188437501589455,0.15729789396445112,是,是
v0124,训练均值参考,情感强度,视觉,-0.18797990928093591,0.4912711654416838,是,是
v0124,零参考,情感极性,文本,-0.4040614292025566,0.271969125985275,是,是
v0124,零参考,情感极性,语音,0.5946285054087639,0.40023764510539583,是,是
v0124,零参考,情感极性,视觉,0.48699866235256195,0.32779322890932916,是,是
v0124,零参考,情感强度,文本,0.08867956635852654,0.3750867917988928,是,是
v0124,零参考,情感强度,语音,-0.06781415517131487,0.2868326373961243,是,是
v0124,零参考,情感强度,视觉,-0.0799304029593865,0.3380805708049828,是,是
v0125,训练均值参考,情感极性,文本,-1.704807584484418,0.728209261671127,是,否
v0125,训练均值参考,情感极性,语音,0.19991457338134447,0.0853935923351459,是,否
v0125,训练均值参考,情感极性,视觉,0.4363735603789488,0.18639714599372706,是,否
v0125,训练均值参考,情感强度,文本,-0.46939534942309064,0.8436608074134777,是,否
v0125,训练均值参考,情感强度,语音,-0.06424244741598764,0.11546521524723878,是,否
v0125,训练均值参考,情感强度,视觉,-0.02274143199125926,0.04087397733928353,是,否
v0125,零参考,情感极性,文本,-1.4208007877071698,0.6683470970818682,是,否
v0125,零参考,情感极性,语音,0.23386437321702638,0.11001019727945457,是,否
v0125,零参考,情感极性,视觉,0.47117752457658446,0.22164270563867716,是,否
v0125,零参考,情感强度,文本,-0.273108396679163,0.6591260490405866,是,否
v0125,零参考,情感强度,语音,-0.05231069214642048,0.1262478204855545,是,否
v0125,零参考,情感强度,视觉,0.08893018029630183,0.2146261304738589,是,否
v0126,训练均值参考,情感极性,文本,2.077700706819693,0.531456953176454,是,是
v0126,训练均值参考,情感极性,语音,-0.5530880217750866,0.1414748880462737,是,是
v0126,训练均值参考,情感极性,视觉,-1.2786543493469555,0.3270681587772723,是,是
v0126,训练均值参考,情感强度,文本,0.5279272521535555,0.5612402798395936,是,是
v0126,训练均值参考,情感强度,语音,-0.057361600299676255,0.06098120616602155,是,是
v0126,训练均值参考,情感强度,视觉,-0.3553550591071446,0.3777785139943849,是,是
v0126,零参考,情感极性,文本,3.303313851356506,0.6746206720138702,是,是
v0126,零参考,情感极性,语音,-0.7097412645816803,0.14494721071430905,是,是
v0126,零参考,情感极性,视觉,-0.8834948837757111,0.1804321172718206,是,是
v0126,零参考,情感强度,文本,0.7311067581176758,0.7118077958042234,是,是
v0126,零参考,情感强度,语音,-0.05688960291445255,0.05538789295146439,是,是
v0126,零参考,情感强度,视觉,-0.2391162421554327,0.23280431124431222,是,是
v0127,训练均值参考,情感极性,文本,3.413278167446454,0.6468796948254785,是,是
v0127,训练均值参考,情感极性,语音,1.2355491121610005,0.23415953620168495,是,是
v0127,训练均值参考,情感极性,视觉,0.6276997079451879,0.11896076897283672,是,是
v0127,训练均值参考,情感强度,文本,-1.1711049551765123,0.6166850214330314,是,是
v0127,训练均值参考,情感强度,语音,-0.5420380557576815,0.28542851650906287,是,是
v0127,训练均值参考,情感强度,视觉,-0.1858895818392436,0.09788646205790583,是,是
v0127,零参考,情感极性,文本,1.880950630332033,0.5443320975396488,是,是
v0127,零参考,情感极性,语音,1.2978145933399596,0.37557718337647306,是,是
v0127,零参考,情感极性,视觉,0.27675510818759597,0.08009071908387823,是,是
v0127,零参考,情感强度,文本,-0.9751028859366973,0.6186576196098588,是,是
v0127,零参考,情感强度,语音,-0.5069838215907414,0.3216577540376587,是,是
v0127,零参考,情感强度,视觉,-0.09407247168322404,0.05968462635248259,是,是
v0128,训练均值参考,情感极性,文本,4.033252735932668,0.8638052901598721,是,是
v0128,训练均值参考,情感极性,语音,0.3030815174182256,0.06491123548075993,是,是
v0128,训练均值参考,情感极性,视觉,0.3328345765670141,0.07128347435936815,是,是
v0128,训练均值参考,情感强度,文本,-1.046009195347627,0.8281078067362696,是,是
v0128,训练均值参考,情感强度,语音,-0.17740832020839054,0.140451169643601,是,是
v0128,训练均值参考,情感强度,视觉,0.039714152614275605,0.03144102362012938,是,是
v0128,零参考,情感极性,文本,2.4617773716648417,0.8476176384813409,是,是
v0128,零参考,情感极性,语音,0.415371082102259,0.1430169355512661,是,是
v0128,零参考,情感极性,视觉,-0.02720046478013194,0.009365425967392968,是,是
v0128,零参考,情感强度,文本,-0.814488181223472,0.7146111412067412,是,是
v0128,零参考,情感强度,语音,-0.18643009786804515,0.1635690094270565,是,是
v0128,零参考,情感强度,视觉,0.1388459006945292,0.12181984936620222,是,是
v0129,训练均值参考,情感极性,文本,0.4916521037618319,0.2521682242073756,是,否
v0129,训练均值参考,情感极性,语音,-0.0173529659708341,0.00890033131174402,是,否
v0129,训练均值参考,情感极性,视觉,-1.440693808098634,0.7389314444808803,是,否
v0129,训练均值参考,情感强度,文本,0.1528120612104734,0.25798508214452254,是,否
v0129,训练均值参考,情感强度,语音,0.032303084929784134,0.05453570845859826,是,否
v0129,训练均值参考,情感强度,视觉,-0.40721391389767325,0.6874792093968792,是,否
v0129,零参考,情感极性,文本,1.7143055709699788,0.5852007743769567,是,否
v0129,零参考,情感极性,语音,-0.09682281625767548,0.0330517429394399,是,否
v0129,零参考,情感极性,视觉,-1.118303093438347,0.3817474826836034,是,否
v0129,零参考,情感强度,文本,0.3855823098371426,0.5622406701965059,是,否
v0129,零参考,情感强度,语音,0.00717753047744433,0.010465987269225633,是,否
v0129,零参考,情感强度,视觉,-0.2930359945942958,0.42729334253426837,是,否
v0130,训练均值参考,情感极性,文本,0.3170629988114039,0.17913614990072432,是,是
v0130,训练均值参考,情感极性,语音,-0.2902153929074605,0.1639676289010693,是,是
v0130,训练均值参考,情感极性,视觉,-1.162677024801572,0.6568962211982063,是,是
v0130,训练均值参考,情感强度,文本,-0.08397050201892853,0.22569361908926822,是,是
v0130,训练均值参考,情感强度,语音,-0.04159405827522278,0.11179537241100251,是,是
v0130,训练均值参考,情感强度,视觉,-0.2464907169342041,0.6625110084997293,是,是
v0130,零参考,情感极性,文本,1.5418097966661055,0.560123551782645,是,是
v0130,零参考,情感极性,语音,-0.3637665516386429,0.1321526256767498,是,是
v0130,零参考,情感极性,视觉,-0.847048124919335,0.3077238225406053,是,是
v0130,零参考,情感强度,文本,0.15545447294910747,0.4322725415435402,是,是
v0130,零参考,情感强度,语音,-0.05505011851588885,0.15307796676218446,是,是
v0130,零参考,情感强度,视觉,-0.1491168464223544,0.4146494916942754,是,是
v0131,训练均值参考,情感极性,文本,5.0954460203647605,0.8746075630310046,是,是
v0131,训练均值参考,情感极性,语音,0.09609712660312653,0.016494586220074575,是,是
v0131,训练均值参考,情感极性,视觉,0.6344366818666458,0.10889785074892075,是,是
v0131,训练均值参考,情感强度,文本,-2.1323623980085054,0.8887521015830789,是,是
v0131,训练均值参考,情感强度,语音,-0.12067408363024393,0.05029602169554095,是,是
v0131,训练均值参考,情感强度,视觉,-0.14624043057362238,0.06095187672138027,是,是
v0131,零参考,情感极性,文本,3.5610805948575335,0.8890981713614703,是,是
v0131,零参考,情感极性,语音,0.18551611651976901,0.04631797443562404,是,是
v0131,零参考,情感极性,视觉,0.2586759453018506,0.06458385420290555,是,是
v0131,零参考,情感强度,文本,-1.9094136425604422,0.9194871872470818,是,是
v0131,零参考,情感强度,语音,-0.1252182660003503,0.060299449333684314,是,是
v0131,零参考,情感强度,视觉,-0.041975214456518486,0.020213363419233812,是,是
v0132,训练均值参考,情感极性,文本,0.8464467239876587,0.3590654788456232,是,否
v0132,训练均值参考,情感极性,语音,0.003973578413327534,0.0016856050065271267,是,否
v0132,训练均值参考,情感极性,视觉,-1.5069400506714978,0.6392489161478497,是,否
v0132,训练均值参考,情感强度,文本,0.27129555990298587,0.34376504274665465,是,否
v0132,训练均值参考,情感强度,语音,0.059028414388497666,0.07479630482262756,是,否
v0132,训练均值参考,情感强度,视觉,-0.45886493722597754,0.5814386524307178,是,否
v0132,零参考,情感极性,文本,2.067551421622435,0.6209554704231701,是,否
v0132,零参考,情感极性,语音,-0.11271729071935017,0.033852806537955575,是,否
v0132,零参考,情感极性,视觉,-1.1493604158361752,0.34519172303887435,是,否
v0132,零参考,情感强度,文本,0.496196183686455,0.5739233866424577,是,否
v0132,零参考,情感强度,语音,0.03010839534302552,0.034824758411601035,是,否
v0132,零参考,情感强度,视觉,-0.33826409901181853,0.3912518549459412,是,否
v0133,训练均值参考,情感极性,文本,1.0268899432073035,0.5111610556727822,是,否
v0133,训练均值参考,情感极性,语音,0.2997110324601332,0.14918892600175537,是,否
v0133,训练均值参考,情感极性,视觉,0.6823352134476105,0.3396500183254625,是,否
v0133,训练均值参考,情感强度,文本,-0.20340312458574772,0.5083974778366551,是,否
v0133,训练均值参考,情感强度,语音,-0.046108398586511605,0.11524598550887852,是,否
v0133,训练均值参考,情感强度,视觉,-0.1505752857774496,0.37635653665446633,是,否
v0133,零参考,情感极性,文本,-0.17252648000915846,0.1938091524921766,是,否
v0133,零参考,情感极性,语音,0.43920891421536606,0.4933892317664541,是,否
v0133,零参考,情感极性,视觉,0.2784520803640286,0.31280161574136933,是,否
v0133,零参考,情感强度,文本,0.019397255654136338,0.16239830595539437,是,否
v0133,零参考,情感强度,语音,-0.050992315014203385,0.4269194427658414,是,否
v0133,零参考,情感强度,视觉,-0.04905290467043717,0.41068225127876423,是,否
v0134,训练均值参考,情感极性,文本,0.12614313140511513,0.07124839637769098,是,否
v0134,训练均值参考,情感极性,语音,0.8390611857175827,0.47392008807161706,是,否
v0134,训练均值参考,情感极性,视觉,0.8052654452621937,0.45483151555069196,是,否
v0134,训练均值参考,情感强度,文本,-0.1760899300376574,0.4075671277012345,是,否
v0134,训练均值参考,情感强度,语音,-0.21212258438269294,0.49096613542255585,是,否
v0134,训练均值参考,情感强度,视觉,0.043838841219743095,0.10146673687620979,是,否
v0134,零参考,情感极性,文本,-1.22003762734433,0.44438216709847733,是,否
v0134,零参考,情感极性,语音,0.921797481055061,0.33575223671487303,是,否
v0134,零参考,情感极性,视觉,0.6036342593530813,0.2198655961866496,是,否
v0134,零参考,情感强度,文本,0.060013411566615105,0.1632242287051065,是,否
v0134,零参考,情感强度,语音,-0.19543287344276902,0.531537521340713,是,否
v0134,零参考,情感强度,视觉,0.11222836747765541,0.3052382499541804,是,否
v0135,训练均值参考,情感极性,文本,4.1198914498090735,0.7454305088790695,是,是
v0135,训练均值参考,情感极性,语音,-0.4503946751356125,0.08149193637087739,是,是
v0135,训练均值参考,情感极性,视觉,-0.9565757364034653,0.17307755475005315,是,是
v0135,训练均值参考,情感强度,文本,-1.6188981706897416,0.9031443802174083,是,是
v0135,训练均值参考,情感强度,语音,0.17351910968621573,0.09680214087008655,是,是
v0135,训练均值参考,情感强度,视觉,-9.586165348689224e-05,5.347891250513219e-05,是,是
v0135,零参考,情感极性,文本,3.9600632190704346,0.7119148713199898,是,是
v0135,零参考,情感极性,语音,-0.5390052199363708,0.09689891563950288,是,是
v0135,零参考,情感极性,视觉,-1.06348317861557,0.1911862130405073,是,是
v0135,零参考,情感强度,文本,-1.3905028949181237,0.8378635099527663,是,是
v0135,零参考,情感强度,语音,0.18263062027593455,0.110046180477931,是,是
v0135,零参考,情感强度,视觉,0.08644812119503816,0.05209030956930281,是,是
v0136,训练均值参考,情感极性,文本,2.331451577444871,0.692722050439215,是,是
v0136,训练均值参考,情感极性,语音,-0.09976144383351007,0.02964116973120355,是,是
v0136,训练均值参考,情感极性,视觉,-0.9344248647491136,0.2776367798295815,是,是
v0136,训练均值参考,情感强度,文本,0.7228994493683178,0.8423786660668758,是,是
v0136,训练均值参考,情感强度,语音,0.06960397710402806,0.08110796797130636,是,是
v0136,训练均值参考,情感强度,视觉,-0.06566105286280313,0.07651336596181785,是,是
v0136,零参考,情感极性,文本,3.6022396329790354,0.811288388529076,是,是
v0136,零参考,情感极性,语音,-0.11074000597000122,0.024940617544314665,是,是
v0136,零参考,情感极性,视觉,-0.7271672729402779,0.1637709939266093,是,是
v0136,零参考,情感强度,文本,0.9456418318053086,0.9002101231970528,是,是
v0136,零参考,情感强度,语音,0.07450714272757371,0.07092757731096071,是,是
v0136,零参考,情感强度,视觉,0.030318918948372207,0.028862299491986567,是,是
v0137,训练均值参考,情感极性,文本,-2.799421635766824,0.5548787676819895,是,否
v0137,训练均值参考,情感极性,语音,0.947249891857306,0.18775623006025094,是,否
v0137,训练均值参考,情感极性,视觉,1.2984334553281465,0.25736500225775955,是,否
v0137,训练均值参考,情感强度,文本,-0.7095519478122393,0.6892609539301211,是,否
v0137,训练均值参考,情感强度,语音,0.30156203111012775,0.2929382885537139,是,否
v0137,训练均值参考,情感强度,视觉,0.018324789901574462,0.01780075751616504,是,否
v0137,零参考,情感极性,文本,-2.642975370089213,0.5196049078284437,是,否
v0137,零参考,情感极性,语音,1.0415900846322377,0.20477501457082672,是,否
v0137,零参考,情感极性,视觉,1.4019441803296406,0.2756200776007296,是,否
v0137,零参考,情感强度,文本,-0.48642332106828684,0.5371194426846226,是,否
v0137,零参考,情感强度,语音,0.3128295782953501,0.34543337350734343,是,否
v0137,零参考,情感强度,视觉,0.10636190883815289,0.11744718380803379,是,否
v0138,训练均值参考,情感极性,文本,0.9420886064569155,0.40362519276459824,是,否
v0138,训练均值参考,情感极性,语音,-0.09870856751998264,0.042290358167697904,是,否
v0138,训练均值参考,情感极性,视觉,-1.293270726998647,0.5540844490677039,是,否
v0138,训练均值参考,情感强度,文本,-0.2050225120037794,0.4868302309680798,是,否
v0138,训练均值参考,情感强度,语音,0.19816118106245995,0.47053785753911015,是,否
v0138,训练均值参考,情感强度,视觉,-0.017953900620341294,0.042631911492810017,是,否
v0138,零参考,情感极性,文本,2.224790519103408,0.648242474265463,是,否
v0138,零参考,情感极性,语音,-0.1392726544290781,0.0405802026435317,是,否
v0138,零参考,情感极性,视觉,-1.0679713003337383,0.31117732309100526,是,否
v0138,零参考,情感强度,文本,0.017648544162511826,0.058978770707577184,是,否
v0138,零参考,情感强度,语音,0.1977072935551405,0.6607079329848078,是,否
v0138,零参考,情感强度,视觉,0.08387969993054867,0.2803132963076151,是,否
v0139,训练均值参考,情感极性,文本,0.8259078388412793,0.3465374287261285,是,是
v0139,训练均值参考,情感极性,语音,-0.5738129491607348,0.24076253380872892,是,是
v0139,训练均值参考,情感极性,视觉,-0.9835941741863886,0.41270003746514256,是,是
v0139,训练均值参考,情感强度,文本,0.233156348268191,0.43613729084968184,是,是
v0139,训练均值参考,情感强度,语音,-0.13512179007132846,0.25275593778249505,是,是
v0139,训练均值参考,情感强度,视觉,-0.166315791507562,0.311106771367823,是,是
v0139,零参考,情感极性,文本,2.179050041983525,0.6015194736129398,是,是
v0139,零参考,情感极性,语音,-0.6335531802227099,0.17489023571320525,是,是
v0139,零参考,情感极性,视觉,-0.8099728332211573,0.2235902906738549,是,是
v0139,零参考,情感强度,文本,0.4744439081599314,0.6840367063028407,是,是
v0139,零参考,情感强度,语音,-0.12977079364160696,0.18709901155899641,是,是
v0139,零参考,情感强度,视觉,-0.08937952170769373,0.12886428213816295,是,是
v0140,训练均值参考,情感极性,文本,0.2541626195112864,0.14537045390214118,是,是
v0140,训练均值参考,情感极性,语音,0.38641873995463055,0.2210154574717217,是,是
v0140,训练均值参考,情感极性,视觉,1.1077974388996759,0.6336140886261371,是,是
v0140,训练均值参考,情感强度,文本,-0.01838356753190358,0.0578680352732402,是,是
v0140,训练均值参考,情感强度,语音,-0.07602339734633763,0.2393074484370162,是,是
v0140,训练均值参考,情感强度,视觉,-0.2232739006479581,0.7028245162897435,是,是
v0140,零参考,情感极性,文本,-1.0266357939690351,0.4398104472954756,是,是
v0140,零参考,情感极性,语音,0.3961594197899103,0.16971456931626497,是,是
v0140,零参考,情感极性,视觉,0.91147356107831,0.3904749833882594,是,是
v0140,零参考,情感强度,文本,0.19962778066595396,0.5080249420566006,是,是
v0140,零参考,情感强度,语音,-0.06262326116363207,0.15936749142788714,是,是
v0140,零参考,情感强度,视觉,-0.1306977371374766,0.33260756651551227,是,是
v0141,训练均值参考,情感极性,文本,1.6861819227536516,0.5143398861931774,是,否
v0141,训练均值参考,情感极性,语音,-0.7062249581019083,0.2154213965143936,是,否
v0141,训练均值参考,情感极性,视觉,-0.8859348694483439,0.2702387172924291,是,否
v0141,训练均值参考,情感强度,文本,0.5201933110753695,0.6600639928765428,是,否
v0141,训练均值参考,情感强度,语音,-0.1874968608220418,0.23791141479726388,是,否
v0141,训练均值参考,情感强度,视觉,-0.08040509869654973,0.10202459232619311,是,否
v0141,零参考,情感极性,文本,3.005580808967352,0.6753867716855487,是,否
v0141,零参考,情感极性,语音,-0.7322808932512999,0.16455149932565916,是,否
v0141,零参考,情感极性,视觉,-0.7123006861656904,0.16006172898879212,是,否
v0141,零参考,情感强度,文本,0.7502731792628765,0.8113398696520365,是,否
v0141,零参考,情感强度,语音,-0.17176025919616222,0.18574027455509975,是,否
v0141,零参考,情感强度,视觉,-0.0027000885456800456,0.00291985579286374,是,否
v0142,训练均值参考,情感极性,文本,2.1628782749176025,0.6983774603905291,是,否
v0142,训练均值参考,情感极性,语音,-0.036311581730842576,0.011724742222451266,是,否
v0142,训练均值参考,情感极性,视觉,-0.8978148400783538,0.28989779738701965,是,否
v0142,训练均值参考,情感强度,文本,0.5693084200223286,0.7293661119761281,是,否
v0142,训练均值参考,情感强度,语音,0.17535447825988132,0.2246543517150087,是,否
v0142,训练均值参考,情感强度,视觉,-0.03588943431774774,0.04597953630886336,是,否
v0142,零参考,情感极性,文本,3.4661493369688587,0.8182336088212856,是,否
v0142,零参考,情感极性,语音,-0.03891209016243617,0.009185749621576518,是,否
v0142,零参考,情感极性,视觉,-0.7310751720021168,0.17258064155713798,是,否
v0142,零参考,情感强度,文本,0.7999288818488518,0.7745294376598856,是,否
v0142,零参考,情感强度,语音,0.18196234355370203,0.17618465194328828,是,否
v0142,零参考,情感强度,视觉,0.05090216236809889,0.04928591039682613,是,否
v0143,训练均值参考,情感极性,文本,3.821894769867261,0.9124649511989733,是,是
v0143,训练均值参考,情感极性,语音,-0.1366113523642222,0.03261551624891417,是,是
v0143,训练均值参考,情感极性,视觉,-0.23003258804480234,0.05491953255211264,是,是
v0143,训练均值参考,情感强度,文本,-1.267722594241301,0.831777475327716,是,是
v0143,训练均值参考,情感强度,语音,0.12357672055562335,0.08108109226731199,是,是
v0143,训练均值参考,情感强度,视觉,0.13281336178382236,0.08714143240497217,是,是
v0143,零参考,情感极性,文本,2.3318969315538802,0.7693317096114706,是,是
v0143,零参考,情感极性,语音,-0.1895253633459409,0.06252757993918173,是,是
v0143,零参考,情感极性,视觉,-0.5096459717800219,0.16814071044934778,是,是
v0143,零参考,情感强度,文本,-1.0272493145118158,0.7514356239664547,是,是
v0143,零参考,情感强度,语音,0.12520473388334113,0.09158759806415055,是,是
v0143,零参考,情感强度,视觉,0.21459494655330974,0.1569767779693948,是,是
v0144,训练均值参考,情感极性,文本,4.7135734260082245,0.8090364124824675,是,是
v0144,训练均值参考,情感极性,语音,0.6697928160429001,0.114963049903475,是,是
v0144,训练均值参考,情感极性,视觉,0.4427910894155502,0.07600053761405755,是,是
v0144,训练均值参考,情感强度,文本,-1.827773754795392,0.7805053004400877,是,是
v0144,训练均值参考,情感强度,语音,-0.3920652394493421,0.1674217045220564,是,是
v0144,训练均值参考,情感强度,视觉,-0.12194363524516423,0.05207299503785573,是,是
v0144,零参考,情感极性,文本,3.0964875134329,0.7732214766060461,是,是
v0144,零参考,情感极性,语音,0.8060639022539058,0.20128158697097961,是,是
v0144,零参考,情感极性,视觉,0.1021065084884564,0.025496936422974174,是,是
v0144,零参考,情感强度,文本,-1.5826394067456324,0.784037153051653,是,是
v0144,零参考,情感强度,语音,-0.37421895501514274,0.18538750068871102,是,是
v0144,零参考,情感强度,视觉,-0.06171869238217671,0.030575346259635976,是,是
v0145,训练均值参考,情感极性,文本,1.0297448138395944,0.4040968362299584,是,是
v0145,训练均值参考,情感极性,语音,0.7905478874842324,0.31023016181018426,是,是
v0145,训练均值参考,情感极性,视觉,0.7279697979489961,0.28567300195985734,是,是
v0145,训练均值参考,情感强度,文本,-0.13959809206426144,0.34877600519120733,是,是
v0145,训练均值参考,情感强度,语音,-0.128207603469491,0.3203176713378244,是,是
v0145,训练均值参考,情感强度,视觉,-0.1324457265436649,0.3309063234709682,是,是
v0145,零参考,情感极性,文本,-0.14473744481801987,0.1050366934402399,是,是
v0145,零参考,情感极性,语音,0.8090305030345917,0.5871175150141085,是,是
v0145,零参考,情感极性,视觉,0.42420236021280283,0.30784579154565156,是,是
v0145,零参考,情感强度,文本,0.030145312349001564,0.20257492713904293,是,是
v0145,零参考,情感强度,语音,-0.08220432077844936,0.5524087493079313,是,是
v0145,零参考,情感强度,视觉,-0.03646104534467061,0.24501632355302572,是,是
v0146,训练均值参考,情感极性,文本,2.7040367728720107,0.6140635901353095,是,是
v0146,训练均值参考,情感极性,语音,1.2928756919379034,0.29360099572419507,是,是
v0146,训练均值参考,情感极性,视觉,0.4066001620764533,0.09233541414049533,是,是
v0146,训练均值参考,情感强度,文本,-0.7803027722984552,0.5023304385932953,是,是
v0146,训练均值参考,情感强度,语音,-0.6547371558845043,0.4214958787215383,是,是
v0146,训练均值参考,情感强度,视觉,-0.11832557059824467,0.07617368268516639,是,是
v0146,零参考,情感极性,文本,1.0945252757519484,0.42409874002761816,是,是
v0146,零参考,情感极性,语音,1.4007999496534467,0.5427718361923084,是,是
v0146,零参考,情感极性,视觉,0.08550129551440477,0.0331294237800735,是,是
v0146,零参考,情感强度,文本,-0.553962134445707,0.45060363991802665,是,是
v0146,零参考,情感强度,语音,-0.612991993005077,0.49861968194825207,是,是
v0146,零参考,情感强度,视觉,-0.06242372343937555,0.05077667813372122,是,是
v0147,训练均值参考,情感极性,文本,2.078737258911133,0.5519535906603592,是,否
v0147,训练均值参考,情感极性,语音,-0.20765626430511475,0.055137617904805446,是,否
v0147,训练均值参考,情感极性,视觉,1.4797514826059341,0.3929087914348353,是,否
v0147,训练均值参考,情感强度,文本,-0.37961674978335697,0.43734955386846475,是,否
v0147,训练均值参考,情感强度,语音,0.08803192774454752,0.10141998304139824,是,否
v0147,训练均值参考,情感强度,视觉,-0.40034523357947666,0.46123046309013704,是,否
v0147,零参考,情感极性,文本,0.6717963106930256,0.3138376845842875,是,否
v0147,零参考,情感极性,语音,-0.3051470499485731,0.14255309546846598,是,否
v0147,零参考,情感极性,视觉,1.1636418644338846,0.5436092199472465,是,否
v0147,零参考,情感强度,文本,-0.13962008369465667,0.26662050580765,是,否
v0147,零参考,情感强度,语音,0.07714608187476793,0.14731925970988502,是,否
v0147,零参考,情感强度,视觉,-0.30689979655047256,0.586060234482465,是,否
v0148,训练均值参考,情感极性,文本,3.582726124674082,0.814208886427254,是,是
v0148,训练均值参考,情感极性,语音,0.10437045991420746,0.023719188401647006,是,是
v0148,训练均值参考,情感极性,视觉,-0.7131576798856258,0.16207192517109906,是,是
v0148,训练均值参考,情感强度,文本,-1.3016716738541918,0.8476571977440538,是,是
v0148,训练均值参考,情感强度,语音,-0.07327872266372046,0.04771958855298166,是,是
v0148,训练均值参考,情感强度,视觉,0.16066055248181024,0.1046232137029646,是,是
v0148,零参考,情感极性,文本,3.28598719338576,0.794748291078174,是,是
v0148,零参考,情感极性,语音,0.09083486596743265,0.02196930488446283,是,是
v0148,零参考,情感极性,视觉,-0.7578042497237523,0.1832824040373632,是,是
v0148,零参考,情感强度,文本,-1.051322087024649,0.7450058009620566,是,是
v0148,零参考,情感强度,语音,-0.0996997406085332,0.07065093183572399,是,是
v0148,零参考,情感强度,视觉,0.26013777094582713,0.18434326720221952,是,是
v0149,训练均值参考,情感极性,文本,-0.6192539713035027,0.25944122949369297,是,否
v0149,训练均值参考,情感极性,语音,0.0045264208068450315,0.0018963789232740384,是,否
v0149,训练均值参考,情感极性,视觉,-1.7630953273425498,0.738662391583033,是,否
v0149,训练均值参考,情感强度,文本,0.14299894434710342,0.18033438680902067,是,否
v0149,训练均值参考,情感强度,语音,0.036328059931596116,0.04581291450532614,是,否
v0149,训练均值参考,情感强度,视觉,-0.6136384798834721,0.7738526986856532,是,否
v0149,零参考,情感极性,文本,0.8229960383226473,0.35366076125543244,是,否
v0149,零参考,情感极性,语音,0.06302306180198988,0.027082492473434985,是,否
v0149,零参考,情感极性,视觉,-1.4410585078100362,0.6192567462711326,是,否
v0149,零参考,情感强度,文本,0.3915054276585579,0.42259490773519354,是,否
v0149,零参考,情感强度,语音,0.016580197960138314,0.01789683292285446,是,否
v0149,零参考,情感强度,视觉,-0.518346332013607,0.559508259341952,是,否
v0150,训练均值参考,情感极性,文本,-1.4056405639275908,0.6644021496167309,是,是
v0150,训练均值参考,情感极性,语音,0.05380835942924022,0.025433521619669563,是,是
v0150,训练均值参考,情感极性,视觉,0.6561983013525605,0.31016432876359945,是,是
v0150,训练均值参考,情感强度,文本,-0.30586640723049635,0.7002723104376175,是,是
v0150,训练均值参考,情感强度,语音,0.013165328651666641,0.03014163992721706,是,是
v0150,训练均值参考,情感强度,视觉,-0.11775035969913007,0.2695860496351655,是,是
v0150,零参考,情感极性,文本,-1.1832137533153095,0.5849817429424057,是,是
v0150,零参考,情感极性,语音,0.13032517147560913,0.06443285986615253,是,是
v0150,零参考,情感极性,视觉,0.7091118119036157,0.3505853971914418,是,是
v0150,零参考,情感强度,文本,-0.07139919822414716,0.7746390949705662,是,是
v0150,零参考,情感强度,语音,-0.009461290513475735,0.1026494092777327,是,是
v0150,零参考,情感强度,视觉,-0.011310431485374764,0.12271149575170118,是,是
v0151,训练均值参考,情感极性,文本,2.516464126606782,0.631384174924548,是,是
v0151,训练均值参考,情感极性,语音,0.3852463712294896,0.09665882365245233,是,是
v0151,训练均值参考,情感极性,视觉,1.0839201634128888,0.27195700142299956,是,是
v0151,训练均值参考,情感强度,文本,-0.682198278605938,0.5690953639492616,是,是
v0151,训练均值参考,情感强度,语音,-0.15866753458976746,0.13236175049989318,是,是
v0151,训练均值参考,情感强度,视觉,-0.3578757718205452,0.2985428855508451,是,是
v0151,零参考,情感极性,文本,1.0560846446702876,0.48754210744118703,是,是
v0151,零参考,情感极性,语音,0.41154117013017333,0.18998822717161867,是,是
v0151,零参考,情感极性,视觉,0.6985145627210537,0.3224696653871944,是,是
v0151,零参考,情感强度,文本,-0.4959580531964699,0.5655688487686811,是,是
v0151,零参考,情感强度,语音,-0.13471573839584985,0.15362392965394822,是,是
v0151,零参考,情感强度,视觉,-0.24624517994622389,0.28080722157737076,是,是
v0152,训练均值参考,情感极性,文本,2.5351190244158106,0.5952950740159904,是,是
v0152,训练均值参考,情感极性,语音,-0.5415311629573503,0.12716201118365553,是,是
v0152,训练均值参考,情感极性,视觉,-1.1819421226779618,0.2775429148003541,是,是
v0152,训练均值参考,情感强度,文本,0.7972187648216883,0.6143913141210853,是,是
v0152,训练均值参考,情感强度,语音,-0.09179977079232533,0.07074718295890367,是,是
v0152,训练均值参考,情感强度,视觉,-0.40855639179547626,0.3148615029200111,是,是
v0152,零参考,情感极性,文本,3.7220779160658517,0.7203435976034968,是,是
v0152,零参考,情感极性,语音,-0.6165814523895581,0.11932864159365583,是,是
v0152,零参考,情感极性,视觉,-0.8284274612863858,0.1603277608028474,是,是
v0152,零参考,情感强度,文本,0.9795403766135374,0.7306801087829268,是,是
v0152,零参考,情感强度,语音,-0.06349132334192593,0.04736083182873595,是,是
v0152,零参考,情感强度,视觉,-0.29755546649297077,0.22195905938833727,是,是
v0153,训练均值参考,情感极性,文本,2.7799706185857453,0.7558722211540848,是,是
v0153,训练均值参考,情感极性,语音,-0.25317883243163425,0.06883916151482684,是,是
v0153,训练均值参考,情感极性,视觉,-0.6446819876631101,0.17528861733108825,是,是
v0153,训练均值参考,情感强度,文本,0.9956060548623402,0.8138817840960831,是,是
v0153,训练均值参考,情感强度,语音,-0.01638409743706385,0.01339356906053102,是,是
v0153,训练均值参考,情感强度,视觉,-0.21129076431194938,0.17272464684338587,是,是
v0153,零参考,情感极性,文本,4.081574934224287,0.8475414313846141,是,是
v0153,零参考,情感极性,语音,-0.3944618695725997,0.08191023880534266,是,是
v0153,零参考,情感极性,视觉,-0.339745390539368,0.07054832981004328,是,是
v0153,零参考,情感强度,文本,1.212065201252699,0.9080634895766324,是,是
v0153,零参考,情感强度,语音,-0.006417460739612574,0.004807878146663073,是,是
v0153,零参考,情感强度,视觉,-0.11629757657647133,0.08712863227670446,是,是
v0154,训练均值参考,情感极性,文本,1.9788471733530362,0.5336009480884363,是,否
v0154,训练均值参考,情感极性,语音,-0.2704582090179125,0.07292971316512664,是,否
v0154,训练均值参考,情感极性,视觉,-1.4591722364226976,0.3934693387464371,是,否
v0154,训练均值参考,情感强度,文本,0.4914852107564608,0.47453033642809556,是,否
v0154,训练均值参考,情感强度,语音,-0.055204850931962327,0.05330043694476026,是,否
v0154,训练均值参考,情感强度,视觉,-0.48903973897298175,0.4721692266271442,是,否
v0154,零参考,情感极性,文本,3.169822337726752,0.685388684906329,是,否
v0154,零参考,情感极性,语音,-0.3641423185666402,0.07873596632551887,是,否
v0154,零参考,情感极性,视觉,-1.0908889596660931,0.23587534876815214,是,否
v0154,零参考,情感强度,文本,0.6921922502418358,0.6206214041165625,是,否
v0154,零参考,情感强度,语音,-0.05338859433929125,0.047868355028656,是,否
v0154,零参考,情感强度,视觉,-0.369740421573321,0.33151024085478153,是,否
v0155,训练均值参考,情感极性,文本,2.833145755032698,0.7315467240336109,是,是
v0155,训练均值参考,情感极性,语音,-0.2914516453941663,0.07525574567548053,是,是
v0155,训练均值参考,情感极性,视觉,-0.7482184593876202,0.19319753029090864,是,是
v0155,训练均值参考,情感强度,文本,1.0191601788004239,0.7711186366082545,是,是
v0155,训练均值参考,情感强度,语音,-0.0660249168674151,0.04995588027870198,是,是
v0155,训练均值参考,情感强度,视觉,-0.23647947112719217,0.17892548311304338,是,是
v0155,零参考,情感极性,文本,4.108466699719429,0.8288027128466307,是,是
v0155,零参考,情感极性,语音,-0.36193701811134815,0.07301370667329272,是,是
v0155,零参考,情感极性,视觉,-0.4867068659514189,0.09818358048007662,是,是
v0155,零参考,情感强度,文本,1.2234781843920546,0.8692406228357367,是,是
v0155,零参考,情感强度,语音,-0.042357450972000756,0.03009356238168755,是,是
v0155,零参考,情感强度,视觉,-0.14168968300024667,0.10066581478257565,是,是
v0156,训练均值参考,情感极性,文本,2.487528709073861,0.6604229777784093,是,是
v0156,训练均值参考,情感极性,语音,-0.4139322365323702,0.10989636391009297,是,是
v0156,训练均值参考,情感极性,视觉,-0.8651080454389254,0.22968065831149775,是,是
v0156,训练均值参考,情感强度,文本,0.7487288266420363,0.6582333433549288,是,是
v0156,训练均值参考,情感强度,语音,-0.12631169706583023,0.11104497076379623,是,是
v0156,训练均值参考,情感强度,视觉,-0.26244185119867325,0.23072168588127487,是,是
v0156,零参考,情感极性,文本,3.7794293345262604,0.7737548013067943,是,是
v0156,零参考,情感极性,语音,-0.5155578094224134,0.10554909090311337,是,是
v0156,零参考,情感极性,视觉,-0.589543883378307,0.12069610779009217,是,是
v0156,零参考,情感强度,文本,0.9529048440357049,0.7787209439964922,是,是
v0156,零参考,情感强度,语音,-0.10748424815634885,0.08783692906269769,是,是
v0156,零参考,情感强度,视觉,-0.1632903932283322,0.13344212694080998,是,是
v0157,训练均值参考,情感极性,文本,2.323695294559002,0.9371178254765565,是,是
v0157,训练均值参考,情感极性,语音,-0.1396360620856285,0.056313512002281595,是,是
v0157,训练均值参考,情感极性,视觉,-0.01628778129816056,0.006568662521161887,是,是
v0157,训练均值参考,情感强度,文本,1.0512543072303135,0.8317349596605564,是,是
v0157,训练均值参考,情感强度,语音,-0.0150433878103892,0.011902078752568629,是,是
v0157,训练均值参考,情感强度,视觉,0.19763175149758655,0.15636296158687488,是,是
v0157,零参考,情感极性,文本,3.5710133910179134,0.9117427879871611,是,是
v0157,零参考,情感极性,语音,-0.14132902026176453,0.036083794947692704,是,是
v0157,零参考,情感极性,视觉,0.20434707403182983,0.05217341706514613,是,是
v0157,零参考,情感强度,文本,1.3354202856620152,0.8388663319456576,是,是
v0157,零参考,情感强度,语音,-0.017711038390795387,0.01112548159508451,是,是
v0157,零参考,情感强度,视觉,0.2388032128413518,0.15000818645925784,是,是
v0158,训练均值参考,情感极性,文本,0.2162989266216755,0.10448273807978066,是,否
v0158,训练均值参考,情感极性,语音,0.6815813295543194,0.32923641669498815,是,否
v0158,训练均值参考,情感极性,视觉,1.1723078973591328,0.5662808452252311,是,否
v0158,训练均值参考,情感强度,文本,-0.09284904847542444,0.24346602823882957,是,否
v0158,训练均值参考,情感强度,语音,-0.11273272583882013,0.2956044188194245,是,否
v0158,训练均值参考,情感强度,视觉,-0.17578169206778207,0.46092955294174587,是,否
v0158,零参考,情感极性,文本,-1.0048261036475499,0.3839181556699425,是,否
v0158,零参考,情感极性,语音,0.7699600352595249,0.2941818844110017,是,否
v0158,零参考,情感极性,视觉,0.8425063459823529,0.32189995991905584,是,否
v0158,零参考,情感强度,文本,0.10330198084314662,0.3819666929340939,是,否
v0158,零参考,情感强度,语音,-0.08979124824206033,0.332009762692943,是,否
v0158,零参考,情感强度,视觉,-0.07735438520709674,0.2860235443729631,是,否
v0159,训练均值参考,情感极性,文本,2.353160172700882,0.5986503530867041,是,否
v0159,训练均值参考,情感极性,语音,0.9338723039254546,0.23757965605936318,是,否
v0159,训练均值参考,情感极性,视觉,0.6437430763617158,0.16376999085393276,是,否
v0159,训练均值参考,情感强度,文本,-0.479032210384806,0.47502799144170693,是,否
v0159,训练均值参考,情感强度,语音,-0.3394464490314325,0.3366090241737439,是,否
v0159,训练均值参考,情感强度,视觉,-0.1899507784595092,0.1883629843845492,是,否
v0159,零参考,情感极性,文本,0.7770210796346266,0.3679338253864475,是,否
v0159,零参考,情感极性,语音,1.02103658610334,0.48347967234192835,是,否
v0159,零参考,情感极性,视觉,0.3137924171363314,0.14858650227162407,是,否
v0159,零参考,情感强度,文本,-0.2495374921709299,0.3632222566295709,是,否
v0159,零参考,情感强度,语音,-0.3230637852102518,0.470245797849806,是,否
v0159,零参考,情感强度,视觉,-0.11440918967127799,0.166531945520623,是,否
v0160,训练均值参考,情感极性,文本,0.6975548590222994,0.3596518133535233,是,是
v0160,训练均值参考,情感极性,语音,-0.41780772929390264,0.21541718981684618,是,是
v0160,训练均值参考,情感极性,视觉,-0.8241656807561715,0.4249309968296305,是,是
v0160,训练均值参考,情感强度,文本,0.21431134641170502,0.3807524842035617,是,是
v0160,训练均值参考,情感强度,语音,-0.07715378701686859,0.1370739186900128,是,是
v0160,训练均值参考,情感强度,视觉,-0.27139750123023987,0.48217359710642543,是,是
v0160,零参考,情感极性,文本,1.9344897015641132,0.6563751702604755,是,是
v0160,零参考,情感极性,语音,-0.4363467109700043,0.14805307387987818,是,是
v0160,零参考,情感极性,视觉,-0.5763952763130267,0.19557175585964628,是,是
v0160,零参考,情感强度,文本,0.4460402075201273,0.6337922149709925,是,是
v0160,零参考,情感强度,语音,-0.06513632461428642,0.09255420196730876,是,是
v0160,零参考,情感强度,视觉,-0.1925875674933195,0.27365358306169874,是,是
v0161,训练均值参考,情感极性,文本,0.8510555314520994,0.3933904672926047,是,是
v0161,训练均值参考,情感极性,语音,0.624784833441178,0.28879948311409437,是,是
v0161,训练均值参考,情感极性,视觉,0.6875458943347136,0.3178100495933009,是,是
v0161,训练均值参考,情感强度,文本,-0.16928379734357196,0.41867007080797575,是,是
v0161,训练均值参考,情感强度,语音,-0.10029170413812,0.24803989236926025,是,是
v0161,训练均值参考,情感强度,视觉,-0.13476149116953212,0.333290036822764,是,是
v0161,零参考,情感极性,文本,-0.378806454439958,0.26041036188469024,是,是
v0161,零参考,情感极性,语音,0.7122097580383221,0.4896083439305921,是,是
v0161,零参考,情感极性,视觉,0.3636357902238766,0.24998129418471773,是,是
v0161,零参考,情感强度,文本,0.05028314515948295,0.276086810985375,是,是
v0161,零参考,情感强度,语音,-0.08289431780576706,0.4551431255784587,是,是
v0161,零参考,情感强度,视觉,-0.04895056039094925,0.2687700634361663,是,是
v0162,训练均值参考,情感极性,文本,4.937991422911485,0.9408829640230323,是,是
v0162,训练均值参考,情感极性,语音,-0.20084725568691889,0.03826935793565624,是,是
v0162,训练均值参考,情感极性,视觉,-0.1094138796130816,0.02084767804131133,是,是
v0162,训练均值参考,情感强度,文本,-2.1313296208779016,0.8833978903208092,是,是
v0162,训练均值参考,情感强度,语音,-0.141958678762118,0.05883932550964565,是,是
v0162,训练均值参考,情感强度,视觉,-0.13936136166254678,0.05776278416954534,是,是
v0162,零参考,情感极性,文本,4.607135027647018,0.9325792805625612,是,是
v0162,零参考,情感极性,语音,-0.2440231591463089,0.04939532721130043,是,是
v0162,零参考,情感极性,视觉,-0.08904917538166046,0.01802539222613835,是,是
v0162,零参考,情感强度,文本,-1.925190856680274,0.9206018568133434,是,是
v0162,零参考,情感强度,语音,-0.10837556794285774,0.05182382242009833,是,是
v0162,零参考,情感强度,视觉,-0.057664265856146806,0.027574320766558292,是,是
v0163,训练均值参考,情感极性,文本,4.340364816288153,0.8699028575564098,是,是
v0163,训练均值参考,情感极性,语音,-0.526662824054559,0.10555460543189826,是,是
v0163,训练均值参考,情感极性,视觉,-0.12245455135901767,0.024542537011691973,是,是
v0163,训练均值参考,情感强度,文本,-1.4435605754454928,0.9458705422379841,是,是
v0163,训练均值参考,情感强度,语音,-0.017440994580586754,0.011427939555649245,是,是
v0163,训练均值参考,情感强度,视觉,0.06516983608404794,0.042701518206366744,是,是
v0163,零参考,情感极性,文本,4.122416685024897,0.8403760134605793,是,是
v0163,零参考,情感极性,语音,-0.5951562424500783,0.12132568554586912,是,是
v0163,零参考,情感极性,视觉,-0.1878701349099477,0.038298300993551686,是,是
v0163,零参考,情感强度,文本,-1.2089950796216726,0.90193968596176,是,是
v0163,零参考,情感强度,语音,0.01770542189478874,0.013208674652839305,是,是
v0163,零参考,情感强度,视觉,0.11373844183981419,0.08485163938540065,是,是
v0164,训练均值参考,情感极性,文本,3.0739663131535053,0.7442136451505089,是,否
v0164,训练均值参考,情感极性,语音,-0.5819399021565914,0.14088886205073395,是,否
v0164,训练均值参考,情感极性,视觉,-0.47458283603191376,0.11489749279875712,是,否
v0164,训练均值参考,情感强度,文本,-0.953847718735536,0.8919434517016795,是,否
v0164,训练均值参考,情感强度,语音,-0.013844912250836686,0.012946383976142837,是,否
v0164,训练均值参考,情感强度,视觉,0.10171117136875789,0.09511016432217748,是,否
v0164,零参考,情感极性,文本,2.803370164086421,0.7113069534655102,是,否
v0164,零参考,情感极性,语音,-0.6379104393223921,0.16185880016530987,是,否
v0164,零参考,情感极性,视觉,-0.49987328300873435,0.12683424636917998,是,否
v0164,零参考,情感强度,文本,-0.7761449776589869,0.7725995078899256,是,否
v0164,零参考,情感强度,语音,0.03906149789690971,0.03888306298601785,是,否
v0164,零参考,情感强度,视觉,0.18938253819942472,0.1885174291240566,是,否
v0165,训练均值参考,情感极性,文本,1.5146578277150788,0.5593142042667563,是,否
v0165,训练均值参考,情感极性,语音,-0.02988777061303456,0.011036588153348471,是,否
v0165,训练均值参考,情感极性,视觉,1.1635169113675752,0.4296492075798954,是,否
v0165,训练均值参考,情感强度,文本,-0.4033478945493698,0.42926058337703266,是,否
v0165,训练均值参考,情感强度,语音,0.039297722280025475,0.041822365802005164,是,否
v0165,训练均值参考,情感强度,视觉,-0.4969885125756264,0.5289170508209622,是,否
v0165,零参考,情感极性,文本,0.009682049353917442,0.011691650789926318,是,否
v0165,零参考,情感极性,语音,0.022815865774949394,0.02755151573386769,是,否
v0165,零参考,情感极性,视觉,0.795618621011575,0.960756833476206,是,否
v0165,零参考,情感强度,文本,-0.16553495513896146,0.30726390330786074,是,否
v0165,零参考,情感强度,语音,-0.0017874153951803855,0.0033177779925372517,是,否
v0165,零参考,情感强度,视觉,-0.3714163272331158,0.6894183186996019,是,否
v0166,训练均值参考,情感极性,文本,4.066503966848055,0.9378585565049481,是,是
v0166,训练均值参考,情感极性,语音,0.21654636661211646,0.04994212829076512,是,是
v0166,训练均值参考,情感极性,视觉,0.05289557079474133,0.012199315204286637,是,是
v0166,训练均值参考,情感强度,文本,-1.5894012774030366,0.9292411045469146,是,是
v0166,训练均值参考,情感强度,语音,-0.10406397531429926,0.060840849154597226,是,是
v0166,训练均值参考,情感强度,视觉,-0.016964117685953767,0.00991804629848815,是,是
v0166,零参考,情感极性,文本,2.4620110895484686,0.8404420768528855,是,是
v0166,零参考,情感极性,语音,0.25953634083271027,0.08859637644777849,是,是
v0166,零参考,情感极性,视觉,-0.20787644945085046,0.07096154669933595,是,是
v0166,零参考,情感强度,文本,-1.3605136026938756,0.8680447021164185,是,是
v0166,零参考,情感强度,语音,-0.11650695775945982,0.07433460954932922,是,是
v0166,零参考,情感强度,视觉,0.09031070644656816,0.05762068833425231,是,是
v0167,训练均值参考,情感极性,文本,3.3382645249366756,0.8555462237633088,是,否
v0167,训练均值参考,情感极性,语音,0.17485477775335312,0.044812609574938225,是,否
v0167,训练均值参考,情感极性,视觉,0.38879088312387466,0.09964116666175298,是,否
v0167,训练均值参考,情感强度,文本,-1.2818440571427345,0.864536758453271,是,否
v0167,训练均值参考,情感强度,语音,-0.07375773042440414,0.04974573062664216,是,否
v0167,训练均值参考,情感强度,视觉,-0.12709289789199826,0.08571751092008682,是,否
v0167,零参考,情感极性,文本,1.752998776733875,0.8429356860565729,是,否
v0167,零参考,情感极性,语音,0.20300974696874619,0.0976179576440457,是,否
v0167,零参考,情感极性,视觉,0.1236267387866974,0.059446356299381296,是,否
v0167,零参考,情感强度,文本,-1.0620583407580853,0.916377131372956,是,否
v0167,零参考,情感强度,语音,-0.08121080882847309,0.07007122412653313,是,否
v0167,零参考,情感强度,视觉,-0.015706019476056095,0.013551644500510922,是,否
v0168,训练均值参考,情感极性,文本,4.615851879119873,0.8935919522248305,是,是
v0168,训练均值参考,情感极性,语音,0.1010974645614624,0.019571659379088082,是,是
v0168,训练均值参考,情感极性,视觉,0.4485536217689514,0.08683638839608142,是,是
v0168,训练均值参考,情感强度,文本,-1.9104535182317095,0.9114610305404642,是,是
v0168,训练均值参考,情感强度,语音,-0.09112173815568288,0.04347340177158074,是,是
v0168,训练均值参考,情感强度,视觉,-0.09445897241433461,0.04506556768795491,是,是
v0168,零参考,情感极性,文本,3.0744992519418397,0.9193431943526184,是,是
v0168,零参考,情感极性,语音,0.12483921150366464,0.03732968203253032,是,是
v0168,零参考,情感极性,视觉,0.14489606271187466,0.04332712361485137,是,是
v0168,零参考,情感强度,文本,-1.6919707568983235,0.9279835152462899,是,是
v0168,零参考,情感强度,语音,-0.10615958894292513,0.05822461654417169,是,是
v0168,零参考,情感强度,视觉,0.02514639248450597,0.013791868209538472,是,是
v0169,训练均值参考,情感极性,文本,3.0125848588844137,0.8611063468344758,是,否
v0169,训练均值参考,情感极性,语音,-0.1674085880319277,0.047851464579913426,是,否
v0169,训练均值参考,情感极性,视觉,-0.3185115518669287,0.09104218858561085,是,否
v0169,训练均值参考,情感强度,文本,-0.9920013025403023,0.8108412468982059,是,否
v0169,训练均值参考,情感强度,语音,-0.04316139221191406,0.035279224925764734,是,否
v0169,训练均值参考,情感强度,视觉,-0.18825965374708176,0.15387952817602937,是,否
v0169,零参考,情感极性,文本,2.7536787887414294,0.825433613277034,是,否
v0169,零参考,情感极性,语音,-0.20775413016478217,0.0622756884485869,是,否
v0169,零参考,情感极性,视觉,-0.3746061573425929,0.11229069827437911,是,否
v0169,零参考,情感强度,文本,-0.7581151059518257,0.8429386956510094,是,否
v0169,零参考,情感强度,语音,-0.044905042896668114,0.049929355041601495,是,否
v0169,零参考,情感强度,视觉,-0.09635143044094244,0.10713194930738919,是,否
v0170,训练均值参考,情感极性,文本,-1.5667447174588838,0.6836197018926458,是,否
v0170,训练均值参考,情感极性,语音,-0.15205601106087366,0.06634679140390798,是,否
v0170,训练均值参考,情感极性,视觉,-0.5730359653631846,0.2500335067034462,是,否
v0170,训练均值参考,情感强度,文本,-0.20544200514753658,0.4389053890736999,是,否
v0170,训练均值参考,情感强度,语音,-0.05686661725242932,0.12148958900862807,是,否
v0170,训练均值参考,情感强度,视觉,-0.20576948796709377,0.43960502191767203,是,否
v0170,零参考,情感极性,文本,-0.12428100841740766,0.26445691490698053,是,否
v0170,零参考,情感极性,语音,-0.0897122441480557,0.19089822024210046,是,否
v0170,零参考,情感极性,视觉,-0.25595478589336074,0.544644864850919,是,否
v0170,零参考,情感强度,文本,0.0462716519832611,0.19511032258233757,是,否
v0170,零参考,情感强度,语音,-0.07484696246683598,0.31560176404540957,是,否
v0170,零参考,情感强度,视觉,-0.11603773571550845,0.48928791337225275,是,否
v0171,训练均值参考,情感极性,文本,4.710380459825197,0.8660148846369724,是,是
v0171,训练均值参考,情感极性,语音,-0.057984208067258194,0.010660537442446062,是,是
v0171,训练均值参考,情感极性,视觉,0.6707802514235178,0.12332457792058152,是,是
v0171,训练均值参考,情感强度,文本,-1.8102761084834733,0.8671836111148784,是,是
v0171,训练均值参考,情感强度,语音,-0.027042026321093243,0.012954047135182261,是,是
v0171,训练均值参考,情感强度,视觉,-0.2502168292800585,0.11986234174993925,是,是
v0171,零参考,情感极性,文本,3.2527825081100064,0.8671381709505624,是,是
v0171,零参考,情感极性,语音,-0.12489632579187551,0.03329530063432996,是,是
v0171,零参考,情感极性,视觉,0.37349095319708187,0.09956652841510753,是,是
v0171,零参考,情感强度,文本,-1.5693216621875763,0.8895729875582303,是,是
v0171,零参考,情感强度,语音,-0.03387103974819183,0.019199863703213912,是,是
v0171,零参考,情感强度,视觉,-0.16093647480010986,0.09122714873855577,是,是
v0172,训练均值参考,情感极性,文本,4.549146682024002,0.811259617137245,是,是
v0172,训练均值参考,情感极性,语音,0.4753529578447342,0.08477076813328864,是,是
v0172,训练均值参考,情感极性,视觉,0.5830106884241103,0.1039696147294663,是,是
v0172,训练均值参考,情感强度,文本,-1.52280742675066,0.7695966678714865,是,是
v0172,训练均值参考,情感强度,语音,-0.23839809000492096,0.12048166594918688,是,是
v0172,训练均值参考,情感强度,视觉,-0.2175029292702675,0.10992166617932665,是,是
v0172,零参考,情感极性,文本,2.9572692221651473,0.7813692593972941,是,是
v0172,零参考,情感极性,语音,0.5866768068323532,0.15501166367414532,是,是
v0172,零参考,情感极性,视觉,0.24078082914153737,0.06361907692856072,是,是
v0172,零参考,情感强度,文本,-1.3008751384913921,0.7861898909474927,是,是
v0172,零参考,情感强度,语音,-0.20925569161772728,0.12646464253584608,是,是
v0172,零参考,情感强度,视觉,-0.1445268467068672,0.08734546651666121,是,是
v0173,训练均值参考,情感极性,文本,5.139858901500702,0.8703268057738514,是,是
v0173,训练均值参考,情感极性,语音,0.1601725071668625,0.027121839180181184,是,是
v0173,训练均值参考,情感极性,视觉,0.6056339889764786,0.10255135504596741,是,是
v0173,训练均值参考,情感强度,文本,-2.1540840740005174,0.8923896280582838,是,是
v0173,训练均值参考,情感强度,语音,-0.11118662605683008,0.0460621723494931,是,是
v0173,训练均值参考,情感强度,视觉,-0.14856738845507303,0.06154819959222323,是,是
v0173,零参考,情感极性,文本,3.544843532765905,0.868011709185567,是,是
v0173,零参考,情感极性,语音,0.29512608113388217,0.07226634736974626,是,是
v0173,零参考,情感极性,视觉,0.24389641607801116,0.05972194344468667,是,是
v0173,零参考,情感强度,文本,-1.9268676775197187,0.9217555988046571,是,是
v0173,零参考,情感强度,语音,-0.09705199177066484,0.04642675666494403,是,是
v0173,零参考,情感强度,视觉,-0.06651263187328973,0.031817644530399,是,是
v0174,训练均值参考,情感极性,文本,0.8595246498783429,0.41213634083734846,是,否
v0174,训练均值参考,情感极性,语音,-0.38546645889679587,0.18482859788575157,是,否
v0174,训练均值参考,情感极性,视觉,-0.8405436153213183,0.4030350612769,是,否
v0174,训练均值参考,情感强度,文本,0.26311153173446655,0.4474411284412918,是,否
v0174,训练均值参考,情感强度,语音,-0.06923921406269073,0.1177465383914231,是,否
v0174,训练均值参考,情感强度,视觉,-0.25568534433841705,0.4348123331672851,是,否
v0174,零参考,情感极性,文本,2.157790183400114,0.6709545990397955,是,否
v0174,零参考,情感极性,语音,-0.5685485533128182,0.17678746967954045,是,否
v0174,零参考,情感极性,视觉,-0.48966155077020324,0.15225793128066412,是,否
v0174,零参考,情感强度,文本,0.5229574963450432,0.6659378685526595,是,否
v0174,零参考,情感强度,语音,-0.07897434197366238,0.10056649982427973,是,否
v0174,零参考,情感强度,视觉,-0.18336288817226887,0.23349563162306083,是,否
v0175,训练均值参考,情感极性,文本,1.8029056911667185,0.5698831332087746,是,是
v0175,训练均值参考,情感极性,语音,0.6164079507191975,0.19484130313179682,是,是
v0175,训练均值参考,情感极性,视觉,0.7443274383743603,0.2352755636594287,是,是
v0175,训练均值参考,情感强度,文本,-0.17044209378461042,0.33862220742849203,是,是
v0175,训练均值参考,情感强度,语音,-0.18618776338795817,0.36990458187094183,是,是
v0175,训练均值参考,情感强度,视觉,-0.14671011889974275,0.29147321070056625,是,是
v0175,零参考,情感极性,文本,0.25925904512405396,0.19291474741944656,是,是
v0175,零参考,情感极性,语音,0.6800162941217422,0.5060003656143709,是,是
v0175,零参考,情感极性,视觉,0.4046294093132019,0.3010848869661825,是,是
v0175,零参考,情感强度,文本,0.03842580070098241,0.1488246807481795,是,是
v0175,零参考,情感强度,语音,-0.14617491575578848,0.5661413626753931,是,是
v0175,零参考,情感强度,视觉,-0.0735943658898274,0.28503395657642744,是,是
v0176,训练均值参考,情感极性,文本,1.8328458741307259,0.6929465329118705,是,是
v0176,训练均值参考,情感极性,语音,-0.28695812076330185,0.1084906470753543,是,是
v0176,训练均值参考,情感极性,视觉,-0.5251993164420128,0.19856282001277525,是,是
v0176,训练均值参考,情感强度,文本,0.5838503241539001,0.6857870914221716,是,是
v0176,训练均值参考,情感强度,语音,-0.08325263857841492,0.09778805029636815,是,是
v0176,训练均值参考,情感强度,视觉,-0.18425503373146057,0.21642485828146024,是,是
v0176,零参考,情感极性,文本,3.0818270966410637,0.838107435701139,是,是
v0176,零参考,情感极性,语音,-0.3613930568099022,0.09828137615288803,是,是
v0176,零参考,情感极性,视觉,-0.23390638828277585,0.06361118814597294,是,是
v0176,零参考,情感强度,文本,0.8293389417231083,0.8129336900206369,是,是
v0176,零参考,情感强度,语音,-0.07563892751932144,0.07414270494730366,是,是
v0176,零参考,情感强度,视觉,-0.11520243808627129,0.11292360503205948,是,是
v0177,训练均值参考,情感极性,文本,2.562649257481098,0.8557962939803633,是,是
v0177,训练均值参考,情感极性,语音,-0.14185433834791183,0.047372232734847794,是,是
v0177,训练均值参考,情感极性,视觉,-0.2899581417441368,0.09683147328478893,是,是
v0177,训练均值参考,情感强度,文本,1.0204712450504303,0.9426401049615324,是,是
v0177,训练均值参考,情感强度,语音,-0.009794935584068298,0.009047877783759897,是,是
v0177,训练均值参考,情感强度,视觉,-0.05230100452899933,0.04831201725470777,是,是
v0177,零参考,情感极性,文本,3.8238600293795266,0.9441073287769356,是,是
v0177,零参考,情感极性,语音,-0.1800731768210729,0.044459892529200684,是,是
v0177,零参考,情感极性,视觉,-0.046305482586224876,0.011432778693863804,是,是
v0177,零参考,情感强度,文本,1.2764291192094483,0.9822118770559469,是,是
v0177,零参考,情感强度,语音,-0.009019968410332996,0.006940863358543269,是,是
v0177,零参考,情感强度,视觉,0.014096508423487343,0.010847259585509762,是,是
v0178,训练均值参考,情感极性,文本,1.7582853411634762,0.5846682754628443,是,是
v0178,训练均值参考,情感极性,语音,-0.17986358950535455,0.05980857158546675,是,是
v0178,训练均值参考,情感极性,视觉,-1.0691723401347795,0.3555231529516889,是,是
v0178,训练均值参考,情感强度,文本,0.5295201564828554,0.5718995754826811,是,是
v0178,训练均值参考,情感强度,语音,-0.03180013348658879,0.03434521352703512,是,是
v0178,训练均值参考,情感强度,视觉,-0.3645768066247304,0.3937552109902838,是,是
v0178,零参考,情感极性,文本,3.020300553490718,0.7427682034425628,是,是
v0178,零参考,情感极性,语音,-0.30753539564708865,0.07563072259672313,是,是
v0178,零参考,情感极性,视觉,-0.738440096999208,0.1816010739607141,是,是
v0178,零参考,情感强度,文本,0.7683575954288244,0.7098716954292309,是,是
v0178,零参考,情感强度,语音,-0.04255464859306812,0.03931547071945969,是,是
v0178,零参考,情感强度,视觉,-0.2714771516621113,0.2508128338513094,是,是
v0179,训练均值参考,情感极性,文本,2.9267814531922336,0.7729330973742354,是,是
v0179,训练均值参考,情感极性,语音,-0.5813868269324303,0.15353832464099146,是,是
v0179,训练均值参考,情感极性,视觉,-0.27842264622449875,0.07352857798477314,是,是
v0179,训练均值参考,情感强度,文本,1.18545180807511,0.9105631819603023,是,是
v0179,训练均值参考,情感强度,语音,-0.10227164377768834,0.07855637213438041,是,是
v0179,训练均值参考,情感强度,视觉,0.014165128270785012,0.010880445905317311,是,是
v0179,零参考,情感极性,文本,4.226830519735813,0.8587124877186525,是,是
v0179,零参考,情感极性,语音,-0.6274136528372763,0.1274638138768381,是,是
v0179,零参考,情感极性,视觉,-0.06804423034191132,0.01382369840450942,是,是
v0179,零参考,情感强度,文本,1.3976676060507693,0.9151552775797073,是,是
v0179,零参考,情感强度,语音,-0.05481065188844998,0.03588854540675182,是,是
v0179,零参考,情感强度,视觉,0.07476814525822797,0.04895617701354096,是,是
v0180,训练均值参考,情感极性,文本,4.443201651175817,0.8551109837440741,是,是
v0180,训练均值参考,情感极性,语音,0.6229812850554783,0.11989510747885207,是,是
v0180,训练均值参考,情感极性,视觉,-0.12986966470877329,0.02499390877707383,是,是
v0180,训练均值参考,情感强度,文本,-1.0832481558124223,0.7865855037021374,是,是
v0180,训练均值参考,情感强度,语音,-0.22048147271076834,0.1600995389086265,是,是
v0180,训练均值参考,情感强度,视觉,0.07342282434304555,0.053314957389236244,是,是
v0180,零参考,情感极性,文本,2.821026836832364,0.7198491837468107,是,是
v0180,零参考,情感极性,语音,0.6964053114255269,0.17770366039817953,是,是
v0180,零参考,情感极性,视觉,-0.4014815638462702,0.10244715585500987,是,是
v0180,零参考,情感强度,文本,-0.8282146062701939,0.7324494200369641,是,是
v0180,零参考,情感强度,语音,-0.1910953912883997,0.16899932392071637,是,是
v0180,零参考,情感强度,视觉,0.11143648624420166,0.0985512560423194,是,是
v0181,训练均值参考,情感极性,文本,0.28865860030055046,0.2154765607910883,是,是
v0181,训练均值参考,情感极性,语音,0.7816282920539379,0.583466337096604,是,是
v0181,训练均值参考,情感极性,视觉,0.269341878592968,0.2010571021123077,是,是
v0181,训练均值参考,情感强度,文本,-0.19456532845894492,0.5645023940265361,是,是
v0181,训练均值参考,情感强度,语音,-0.13628109047810236,0.39539933679226363,是,是
v0181,训练均值参考,情感强度,视觉,0.013820548852284748,0.04009826918120036,是,是
v0181,零参考,情感极性,文本,-1.0570001316567261,0.5320380552424638,是,是
v0181,零参考,情感极性,语音,0.873526698599259,0.4396872166862253,是,是
v0181,零参考,情感极性,视觉,0.05617340902487436,0.028274728071310776,是,是
v0181,零参考,情感强度,文本,0.06441127384702364,0.2842788965840962,是,是
v0181,零参考,情感强度,语音,-0.11006927986939746,0.485790321479945,是,是
v0181,零参考,情感强度,视觉,0.05209720010558763,0.22993078193595876,是,是
v0182,训练均值参考,情感极性,文本,0.4444277708729108,0.28681156154384113,是,是
v0182,训练均值参考,情感极性,语音,0.8708346461256344,0.561993334060114,是,是
v0182,训练均值参考,情感极性,视觉,0.23428380240996674,0.15119510439604494,是,是
v0182,训练均值参考,情感强度,文本,-0.08591824024915695,0.2735200153280776,是,是
v0182,训练均值参考,情感强度,语音,-0.2022138610482216,0.6437461732580357,是,是
v0182,训练均值参考,情感强度,视觉,-0.025988385081291195,0.0827338114138866,是,是
v0182,零参考,情感极性,文本,-0.8696001327286164,0.4772676961523362,是,是
v0182,零参考,情感极性,语音,0.9021743622918924,0.4951455999295817,是,是
v0182,零参考,情感极性,视觉,0.05026403752466043,0.02758670391808213,是,是
v0182,零参考,情感强度,文本,0.14904635337491828,0.47328706321966607,是,是
v0182,零参考,情感强度,语音,-0.15291617872814336,0.4855754435465149,是,是
v0182,零参考,情感强度,视觉,0.012954914321502049,0.041137493233819,是,是
v0183,训练均值参考,情感极性,文本,2.215887752672036,0.7841396713887169,是,是
v0183,训练均值参考,情感极性,语音,-0.15932627270619074,0.05638103779073164,是,是
v0183,训练均值参考,情感极性,视觉,-0.45066997657219565,0.15947929082055162,是,是
v0183,训练均值参考,情感强度,文本,0.9019799878199894,0.9582513157604229,是,是
v0183,训练均值参考,情感强度,语音,-0.010172585646311441,0.010807217135519135,是,是
v0183,训练均值参考,情感强度,视觉,-0.029124493400255837,0.030941467104058075,是,是
v0183,零参考,情感极性,文本,3.454607603450616,0.9000907640380861,是,是
v0183,零参考,情感极性,语音,-0.23736255864302314,0.06184431671765926,是,是
v0183,零参考,情感极性,视觉,-0.14609566579262417,0.0380649192442547,是,是
v0183,零参考,情感强度,文本,1.1762537453323603,0.9516229133940725,是,是
v0183,零参考,情感强度,语音,-0.025974187999963757,0.02101386078952437,是,是
v0183,零参考,情感强度,视觉,0.0338223222643137,0.027363225816403207,是,是
v0184,训练均值参考,情感极性,文本,1.75709739079078,0.5597234890208591,是,是
v0184,训练均值参考,情感极性,语音,-0.16680819044510523,0.05313676000120331,是,是
v0184,训练均值参考,情感极性,视觉,-1.2153183842698732,0.3871397509779376,是,是
v0184,训练均值参考,情感强度,文本,0.5962071319421132,0.6201429031745818,是,是
v0184,训练均值参考,情感强度,语音,-0.0021178598205248518,0.0022028849828394847,是,是
v0184,训练均值参考,情感强度,视觉,-0.3630778218309084,0.37765421184257875,是,是
v0184,零参考,情感极性,文本,3.0338331436117487,0.7177900991916747,是,是
v0184,零参考,情感极性,语音,-0.2274856517712275,0.05382199376830614,是,是
v0184,零参考,情感极性,视觉,-0.9653111721078554,0.2283879070400192,是,是
v0184,零参考,情感强度,文本,0.8284582911680142,0.750774294144156,是,是
v0184,零参考,情感强度,语音,-0.0127249447007974,0.011531734883472958,是,是
v0184,零参考,情感强度,视觉,-0.2622886033107837,0.23769397097237113,是,是
v0185,训练均值参考,情感极性,文本,1.404365244011084,0.5597995609741486,是,是
v0185,训练均值参考,情感极性,语音,-0.003980097671349842,0.0015865224082961481,是,是
v0185,训练均值参考,情感极性,视觉,-1.1003476654489834,0.4386139166175553,是,是
v0185,训练均值参考,情感强度,文本,0.45656962444384885,0.547439883032703,是,是
v0185,训练均值参考,情感强度,语音,0.03807591398557027,0.04565409694964798,是,是
v0185,训练均值参考,情感强度,视觉,-0.33936316023270285,0.40690602001764903,是,是
v0185,零参考,情感极性,文本,2.6790224108844995,0.7457953850498916,是,是
v0185,零参考,情感极性,语音,-0.055339166894555085,0.015405505797481836,是,是
v0185,零参考,情感极性,视觉,-0.8578065484762192,0.23879910915262656,是,是
v0185,零参考,情感强度,文本,0.7078800685703754,0.7251061088120726,是,是
v0185,零参考,情感强度,语音,0.018960293382406235,0.0194216861963886,是,是
v0185,零参考,情感强度,视觉,-0.24940305948257446,0.2554722049915388,是,是
v0186,训练均值参考,情感极性,文本,1.683914596835772,0.609606523167374,是,是
v0186,训练均值参考,情感极性,语音,0.13667460779349008,0.049478597441233375,是,是
v0186,训练均值参考,情感极性,视觉,-0.9417083313067753,0.34091487939139264,是,是
v0186,训练均值参考,情感强度,文本,0.574824367960294,0.5695320910233767,是,是
v0186,训练均值参考,情感强度,语音,0.11751071115334827,0.1164288168198071,是,是
v0186,训练均值参考,情感强度,视觉,-0.31695724527041114,0.3140390921568164,是,是
v0186,零参考,情感极性,文本,3.0257065302381907,0.7698211561756391,是,是
v0186,零参考,情感极性,语音,0.1126534796009461,0.028662076459471452,是,是
v0186,零参考,情感极性,视觉,-0.7920418841143448,0.2015167673648895,是,是
v0186,零参考,情感强度,文本,0.8514379970729351,0.7294095270979218,是,是
v0186,零参考,情感强度,语音,0.08192510902881622,0.07018356620163345,是,是
v0186,零参考,情感强度,视觉,-0.23393450304865834,0.20040690670044473,是,是
v0187,训练均值参考,情感极性,文本,2.052607792119185,0.6809274044526191,是,是
v0187,训练均值参考,情感极性,语音,-0.17546970893939334,0.05820991907314162,是,是
v0187,训练均值参考,情感极性,视觉,-0.7863521998127301,0.26086267647423933,是,是
v0187,训练均值参考,情感强度,文本,0.68143380433321,0.6533881965927956,是,是
v0187,训练均值参考,情感强度,语音,-0.0172678604722023,0.01655717127797679,是,是
v0187,训练均值参考,情感强度,视觉,-0.34422168135643005,0.3300546321292277,是,是
v0187,零参考,情感极性,文本,3.338489952807625,0.8102433185194019,是,是
v0187,零参考,情感极性,语音,-0.2468279140690962,0.05990452900131595,是,是
v0187,零参考,情感极性,视觉,-0.5350369407484928,0.12985215247928222,是,是
v0187,零参考,情感强度,文本,0.9107050579041243,0.7722349004711193,是,是
v0187,零参考,情感强度,语音,-0.029436249285936352,0.024960549895135454,是,是
v0187,零参考,情感强度,视觉,-0.23916962184011936,0.20280454963374525,是,是
v0188,训练均值参考,情感极性,文本,2.377485795567433,0.9603279750260012,是,是
v0188,训练均值参考,情感极性,语音,-0.09418876593311627,0.03804527750592067,是,是
v0188,训练均值参考,情感极性,视觉,-0.004027341802914947,0.0016267474680780607,是,是
v0188,训练均值参考,情感强度,文本,1.033635899424553,0.9706014219341347,是,是
v0188,训练均值参考,情感强度,语音,0.02739211916923523,0.02572165869069605,是,是
v0188,训练均值参考,情感强度,视觉,0.003915712237358093,0.0036769193751692735,是,是
v0188,零参考,情感极性,文本,3.7355143974224725,0.9040432959942589,是,是
v0188,零参考,情感极性,语音,-0.19323930641015366,0.04676643720158638,是,是
v0188,零参考,情感极性,视觉,0.20325459043184915,0.04919026680415456,是,是
v0188,零参考,情感强度,文本,1.3292277952035267,0.9579236408552885,是,是
v0188,零参考,情感强度,语音,0.005047639211018877,0.003637640552049065,是,是
v0188,零参考,情感强度,视觉,0.05333808561166128,0.03843871859266255,是,是
v0189,训练均值参考,情感极性,文本,5.389317611853281,0.9045116194393522,是,是
v0189,训练均值参考,情感极性,语音,0.27910623947779334,0.04684356255241603,是,是
v0189,训练均值参考,情感极性,视觉,0.28983859221140545,0.04864481800823163,是,是
v0189,训练均值参考,情感强度,文本,-2.238759522636731,0.922343647136651,是,是
v0189,训练均值参考,情感强度,语音,-0.11146297802527744,0.04592148849978499,是,是
v0189,训练均值参考,情感强度,视觉,-0.07702848066886266,0.03173486436356393,是,是
v0189,零参考,情感极性,文本,3.855476149668296,0.932259024466636,是,是
v0189,零参考,情感极性,语音,0.2194680192818244,0.0530676455033709,是,是
v0189,零参考,情感极性,视觉,0.0606834286202987,0.014673330029993211,是,是
v0189,零参考,情感强度,文本,-1.9837226103991268,0.9431492396516731,是,是
v0189,零参考,情感强度,语音,-0.09959440678358078,0.04735157452915978,是,是
v0189,零参考,情感强度,视觉,-0.019979605451226234,0.009499185819167059,是,是
v0190,训练均值参考,情感极性,文本,2.2521099013586836,0.7671232249377075,是,是
v0190,训练均值参考,情感极性,语音,-0.01816939810911814,0.006188937433397448,是,是
v0190,训练均值参考,情感极性,视觉,-0.6655070620278516,0.2266878376288952,是,是
v0190,训练均值参考,情感强度,文本,0.7989951223134995,0.7700562601381101,是,是
v0190,训练均值参考,情感强度,语音,0.04190661013126373,0.040388791585244395,是,是
v0190,训练均值参考,情感强度,视觉,-0.19667845964431763,0.1895549482766455,是,是
v0190,零参考,情感极性,文本,3.544642999768257,0.8742974492255974,是,是
v0190,零参考,情感极性,语音,-0.07470875233411789,0.018427150944345178,是,是
v0190,零参考,情感极性,视觉,-0.43492405861616135,0.10727539983005746,是,是
v0190,零参考,情感强度,文本,1.0615758076310158,0.8874452792408015,是,是
v0190,零参考,情感强度,语音,0.020168721675872803,0.016860441535039374,是,是
v0190,零参考,情感强度,视觉,-0.11447098106145859,0.09569427922415909,是,是
v0191,训练均值参考,情感极性,文本,0.8985637016594408,0.39177440476629394,是,否
v0191,训练均值参考,情感极性,语音,-0.4211752861738205,0.18363272046076914,是,否
v0191,训练均值参考,情感极性,视觉,-0.9738353006541729,0.42459287477293683,是,否
v0191,训练均值参考,情感强度,文本,0.26549720764160156,0.4240946033931632,是,否
v0191,训练均值参考,情感强度,语音,-0.10483785718679428,0.1674637931568808,是,否
v0191,训练均值参考,情感强度,视觉,-0.25569791346788406,0.408441603449956,是,否
v0191,零参考,情感极性,文本,2.189430197079976,0.6419800437260148,是,否
v0191,零参考,情感极性,语音,-0.5498336187253395,0.16122103872600993,是,否
v0191,零参考,情感极性,视觉,-0.671169605726997,0.19679891754797535,是,否
v0191,零参考,情感强度,文本,0.5004893175015847,0.6457099016129854,是,否
v0191,零参考,情感强度,语音,-0.10196912971635659,0.1315562079234626,是,否
v0191,零参考,情感强度,视觉,-0.17264089112480482,0.22273389046355196,是,否
v0192,训练均值参考,情感极性,文本,1.2752121972541013,0.4300394060552582,是,是
v0192,训练均值参考,情感极性,语音,-0.36726560195287067,0.1238528628164213,是,是
v0192,训练均值参考,情感极性,视觉,-1.32286021237572,0.4461077311283205,是,是
v0192,训练均值参考,情感强度,文本,0.3804345851143201,0.4485493059217703,是,是
v0192,训练均值参考,情感强度,语音,-0.0923359195391337,0.10886815826295348,是,是
v0192,训练均值参考,情感强度,视觉,-0.37537390242020285,0.4425825358152762,是,是
v0192,零参考,情感极性,文本,2.545422271514932,0.6299770058896575,是,是
v0192,零参考,情感极性,语音,-0.5039912120749552,0.1247348537532497,是,是
v0192,零参考,情感极性,视觉,-0.9910868008931477,0.2452881403570927,是,是
v0192,零参考,情感强度,文本,0.5977115941544373,0.6217875472753758,是,是
v0192,零参考,情感强度,语音,-0.08540213915208975,0.08884215590726466,是,是
v0192,零参考,情感强度,视觉,-0.2781657210240761,0.2893702968173596,是,是
v0193,训练均值参考,情感极性,文本,2.449534817288319,0.8845357946544712,是,是
v0193,训练均值参考,情感极性,语音,-0.20326858883102733,0.07340101536053521,是,是
v0193,训练均值参考,情感极性,视觉,-0.11648510893185933,0.04206318998499347,是,是
v0193,训练均值参考,情感强度,文本,1.051650176445643,0.9278456938786636,是,是
v0193,训练均值参考,情感强度,语音,-0.03517106672128042,0.03103058748751699,是,是
v0193,训练均值参考,情感强度,视觉,0.04661094645659128,0.041123718633819424,是,是
v0193,零参考,情感极性,文本,3.7381974042703705,0.8703806002009936,是,是
v0193,零参考,情感极性,语音,-0.35002148027221364,0.08149700862093241,是,是
v0193,零参考,情感极性,视觉,0.20668084484835464,0.04812239117807393,是,是
v0193,零参考,情感强度,文本,1.317679672812422,0.9067363566570731,是,是
v0193,零参考,情感强度,语音,-0.03446941698590914,0.02371947766879298,是,是
v0193,零参考,情感强度,视觉,0.10106237915654978,0.06954416567413393,是,是
v0194,训练均值参考,情感极性,文本,1.5371573542555172,0.7069588336695524,是,是
v0194,训练均值参考,情感极性,语音,-0.33823640892903006,0.15555936189555306,是,是
v0194,训练均值参考,情感极性,视觉,-0.2989299471179644,0.13748180443489463,是,是
v0194,训练均值参考,情感强度,文本,0.5343020856380463,0.72773219693441,是,是
v0194,训练均值参考,情感强度,语音,-0.10415299236774445,0.14185886222502575,是,是
v0194,训练均值参考,情感强度,视觉,-0.09574644267559052,0.1304089408405642,是,是
v0194,零参考,情感极性,文本,2.8417556385199227,0.8565160640172533,是,是
v0194,零参考,情感极性,语音,-0.35680684943993884,0.10754295483895476,是,是
v0194,零参考,情感极性,视觉,-0.11924526592095692,0.03594098114379186,是,是
v0194,零参考,情感强度,文本,0.789606936275959,0.8556505583615625,是,是
v0194,零参考,情感强度,语音,-0.08643585443496704,0.09366544759415646,是,是
v0194,零参考,情感强度,视觉,-0.046771936118602746,0.05068399404428112,是,是
v0195,训练均值参考,情感极性,文本,1.803752357761065,0.8873991178127587,是,否
v0195,训练均值参考,情感极性,语音,-0.21694814165433246,0.10673282764499883,是,否
v0195,训练均值参考,情感极性,视觉,-0.011927572389443716,0.005868054542242353,是,否
v0195,训练均值参考,情感强度,文本,0.6507797241210938,0.7645317636197821,是,否
v0195,训练均值参考,情感强度,语音,-0.07102593779563904,0.08344080719322579,是,否
v0195,训练均值参考,情感强度,视觉,0.12940779328346252,0.15202742918699205,是,否
v0195,零参考,情感极性,文本,3.0170994003613787,0.8580697183664483,是,否
v0195,零参考,情感极性,语音,-0.23734688262144724,0.06750197646844049,是,否
v0195,零参考,情感极性,视觉,0.2617008735736211,0.07442830516511115,是,否
v0195,零参考,情感强度,文本,0.916611224412918,0.7934903560771052,是,否
v0195,零参考,情感强度,语音,-0.061475902795791626,0.05321834895796496,是,否
v0195,零参考,情感强度,视觉,0.17707653343677518,0.1532912949649299,是,否
v0196,训练均值参考,情感极性,文本,0.9951606517036755,0.4326628543082716,是,是
v0196,训练均值参考,情感极性,语音,0.5085647081335385,0.22110707235541832,是,是
v0196,训练均值参考,情感极性,视觉,0.7963580464323361,0.34623007333631,是,是
v0196,训练均值参考,情感强度,文本,-0.15293182184298834,0.3771428132208161,是,是
v0196,训练均值参考,情感强度,语音,-0.09145634373029073,0.22553908235490752,是,是
v0196,训练均值参考,情感强度,视觉,-0.16111292441685995,0.3973181044242764,是,是
v0196,零参考,情感极性,文本,-0.26568376769622165,0.19421180024490653,是,是
v0196,零参考,情感极性,语音,0.6384860916684071,0.4667260419012012,是,是
v0196,零参考,情感极性,视觉,0.4638405671964089,0.33906215785389215,是,是
v0196,零参考,情感强度,文本,0.05141639461119969,0.27143531662896464,是,是
v0196,零参考,情感强度,语音,-0.07687705072263876,0.4058461656480105,是,是
v0196,零参考,情感强度,视觉,-0.06113066958884397,0.3227185177230248,是,是
v0197,训练均值参考,情感极性,文本,1.716113304098447,0.5205043496022443,是,否
v0197,训练均值参考,情感极性,语音,-0.5106774071852366,0.15489059553859363,是,否
v0197,训练均值参考,情感极性,视觉,-1.070229391256968,0.32460505485916197,是,否
v0197,训练均值参考,情感强度,文本,0.48216461886962253,0.485566873973628,是,否
v0197,训练均值参考,情感强度,语音,-0.1308490211764971,0.1317723194292713,是,否
v0197,训练均值参考,情感强度,视觉,-0.37997959057490027,0.38266080659710067,是,否
v0197,零参考,情感极性,文本,2.9424810757239657,0.6870418016470442,是,否
v0197,零参考,情感极性,语音,-0.6335183555881182,0.14792060890065167,是,否
v0197,零参考,情感极性,视觉,-0.7068274194995562,0.16503758945230418,是,否
v0197,零参考,情感强度,文本,0.7033067848533392,0.6325767931665716,是,否
v0197,零参考,情感强度,语音,-0.11380486190319061,0.1023597612590884,是,否
v0197,零参考,情感强度,视觉,-0.2947008516639471,0.26506344557434003,是,否
v0198,训练均值参考,情感极性,文本,1.5427431340018907,0.7684718867995869,是,是
v0198,训练均值参考,情感极性,语音,-0.19033274551232654,0.09480863070457453,是,是
v0198,训练均值参考,情感极性,视觉,0.27447073409954703,0.13671948249583857,是,是
v0198,训练均值参考,情感强度,文本,-0.2553256961206595,0.5369899972032387,是,是
v0198,训练均值参考,情感强度,语音,-0.009548148761192955,0.020081254861814293,是,是
v0198,训练均值参考,情感强度,视觉,-0.2106018575529257,0.44292874793494696,是,是
v0198,零参考,情感极性,文本,1.1936899200081825,0.6552829387764718,是,是
v0198,零参考,情感极性,语音,-0.274697482585907,0.1507967610735608,是,是
v0198,零参考,情感极性,视觉,0.3532530665397644,0.19392030014996742,是,是
v0198,零参考,情感强度,文本,-0.023252320786317192,0.15246332233795906,是,是
v0198,零参考,情感强度,语音,-0.005187099178632099,0.03401133079740234,是,是
v0198,零参考,情感强度,视觉,-0.1240714949866136,0.8135253468646386,是,是
v0199,训练均值参考,情感极性,文本,4.395969758431116,0.8296954817325315,是,是
v0199,训练均值参考,情感极性,语音,0.1068312923113505,0.020163341744645846,是,是
v0199,训练均值参考,情感极性,视觉,0.7954919437567393,0.15014117652282252,是,是
v0199,训练均值参考,情感强度,文本,-1.5724042182167368,0.8882484855345482,是,是
v0199,训练均值参考,情感强度,语音,-0.025770408411820732,0.014557660160290517,是,是
v0199,训练均值参考,情感强度,视觉,-0.17205548783143362,0.09719385430516143,是,是
v0199,零参考,情感极性,文本,2.8553230073302984,0.8213831631789316,是,是
v0199,零参考,情感极性,语音,0.11251400317996739,0.032366603566962165,是,是
v0199,零参考,情感极性,视觉,0.5084005547687411,0.14625023325410624,是,是
v0199,零参考,情感强度,文本,-1.344793399175008,0.9295880020729533,是,是
v0199,零参考,情感强度,语音,-0.01587537241478761,0.010973846045258568,是,是
v0199,零参考,情感强度,视觉,-0.08598651674886543,0.05943815188178819,是,是
v0200,训练均值参考,情感极性,文本,4.8828176856040955,0.8672155970422644,是,是
v0200,训练均值参考,情感极性,语音,0.03020954132080078,0.005365382674460843,是,是
v0200,训练均值参考,情感极性,视觉,0.7174269556999207,0.12741902028327473,是,是
v0200,训练均值参考,情感强度,文本,-1.7510359734296796,0.8889996407991628,是,是
v0200,训练均值参考,情感强度,语音,-0.040776513516902924,0.0207022051057963,是,是
v0200,训练均值参考,情感强度,视觉,-0.1778575703501701,0.09029815409504084,是,是
v0200,零参考,情感极性,文本,3.2894971072673798,0.8636685306223586,是,是
v0200,零参考,情感极性,语音,0.040016695857048035,0.010506518104200075,是,是
v0200,零参考,情感极性,视觉,0.4792357236146927,0.12582495127344137,是,是
v0200,零参考,情感强度,文本,-1.4970933583875496,0.9093534340329095,是,是
v0200,零参考,情感强度,语音,-0.043568040554722146,0.02646377867522783,是,是
v0200,零参考,情感强度,视觉,-0.10566587311526139,0.0641827872918628,是,是
v0201,训练均值参考,情感极性,文本,2.719811101754506,0.7997988463987734,是,否
v0201,训练均值参考,情感极性,语音,-0.2950762162605921,0.08677132658687059,是,否
v0201,训练均值参考,情感极性,视觉,-0.3857316176096598,0.11342982701435603,是,否
v0201,训练均值参考,情感强度,文本,1.1032111768921216,0.92379120815841,是,否
v0201,训练均值参考,情感强度,语音,-0.026796969274679817,0.02243886314765004,是,否
v0201,训练均值参考,情感强度,视觉,-0.06421319643656412,0.05376992869393988,是,否
v0201,零参考,情感极性,文本,4.107547064001361,0.8723400373453346,是,否
v0201,零参考,情感极性,语音,-0.42617845100661117,0.09050962048009314,是,否
v0201,零参考,情感极性,视觉,-0.17492809270819026,0.03715034217457241,是,否
v0201,零参考,情感强度,文本,1.341122748951117,0.9963811357385953,是,否
v0201,零参考,情感强度,语音,-0.003139336903889973,0.00233235628298032,是,否
v0201,零参考,情感强度,视觉,-0.0017316316564877816,0.0012865079784244934,是,否
v0202,训练均值参考,情感极性,文本,0.6346200158198674,0.4180541940807954,是,否
v0202,训练均值参考,情感极性,语音,-0.3338337341944376,0.21991205639068817,是,否
v0202,训练均值参考,情感极性,视觉,-0.5495791385571162,0.3620337495285164,是,否
v0202,训练均值参考,情感强度,文本,0.12331231931845346,0.49428829952258846,是,否
v0202,训练均值参考,情感强度,语音,-0.0769077738126119,0.30827911556615234,是,否
v0202,训练均值参考,情感强度,视觉,-0.04925439258416493,0.19743258491125923,是,否
v0202,零参考,情感极性,文本,1.9334314515193303,0.7299855466201164,是,否
v0202,零参考,情感极性,语音,-0.37873469541470206,0.14299490858031097,是,否
v0202,零参考,情感极性,视觉,-0.336422527829806,0.1270195447995726,是,否
v0202,零参考,情感强度,文本,0.38243781651059783,0.8285923743598337,是,否
v0202,零参考,情感强度,语音,-0.07038777073224385,0.15250262280301807,是,否
v0202,零参考,情感强度,视觉,0.008725627015034359,0.018905002837148233,是,否
v0203,训练均值参考,情感极性,文本,0.5079227760434151,0.24126086548168477,是,否
v0203,训练均值参考,情感极性,语音,-0.1927448883652687,0.09155289106429176,是,否
v0203,训练均值参考,情感极性,视觉,-1.4046168997883797,0.6671862434540234,是,否
v0203,训练均值参考,情感强度,文本,0.11756616582473117,0.2451846054219938,是,否
v0203,训练均值参考,情感强度,语音,-0.03358009705940882,0.07003139712676969,是,否
v0203,训练均值参考,情感强度,视觉,-0.32835433880488074,0.6847839974512364,是,否
v0203,零参考,情感极性,文本,1.7050913379838066,0.5620953995847318,是,否
v0203,零参考,情感极性,语音,-0.20908070604006448,0.0689249311101503,是,否
v0203,零参考,情感极性,视觉,-1.1192833787451186,0.368979669305118,是,否
v0203,零参考,情感强度,文本,0.34497915642956894,0.5639030563677585,是,否
v0203,零参考,情感强度,语音,-0.032239158948262535,0.052698141110339235,是,否
v0203,零参考,情感强度,视觉,-0.23455201027293998,0.38339880252190234,是,否
v0204,训练均值参考,情感极性,文本,2.719023570418358,0.850044147696271,是,是
v0204,训练均值参考,情感极性,语音,-0.15217296779155728,0.047573600360104135,是,是
v0204,训练均值参考,情感极性,视觉,-0.32748858630657196,0.10238225194362484,是,是
v0204,训练均值参考,情感强度,文本,1.1361616353193917,0.9495460649036228,是,是
v0204,训练均值参考,情感强度,语音,-0.016723391910394035,0.013976559748817551,是,是
v0204,训练均值参考,情感强度,视觉,0.04364632318417231,0.0364773753475596,是,是
v0204,零参考,情感极性,文本,4.149468222012122,0.9036028462585061,是,是
v0204,零参考,情感极性,语音,-0.257905156041185,0.056162337098355566,是,是
v0204,零参考,情感极性,视觉,-0.18476379724840322,0.040234816643138265,是,是
v0204,零参考,情感强度,文本,1.3917821844418843,0.9281992191624282,是,是
v0204,零参考,情感强度,语音,-0.0061540274570385575,0.004104207931514769,是,是
v0204,零参考,情感强度,视觉,0.1015071788181861,0.06769657290605702,是,是
v0205,训练均值参考,情感极性,文本,0.22278381263216335,0.2256068869146347,是,否
v0205,训练均值参考,情感极性,语音,-0.7303016694883505,0.7395559139382492,是,否
v0205,训练均值参考,情感极性,视觉,0.03440127273400624,0.034837199147116006,是,否
v0205,训练均值参考,情感强度,文本,0.022421143949031826,0.08373406374219307,是,否
v0205,训练均值参考,情感强度,语音,-0.1706511452794075,0.6373142204067241,是,否
v0205,训练均值参考,情感强度,视觉,0.07469381392002106,0.2789517158510828,是,否
v0205,零参考,情感极性,文本,1.5751968175172804,0.6098844644084136,是,否
v0205,零参考,情感极性,语音,-0.7955108880996703,0.30800578475293067,是,否
v0205,零参考,情感极性,视觉,0.21207134425640106,0.0821097508386558,是,否
v0205,零参考,情感强度,文本,0.2899319908271233,0.5412837707659597,是,否
v0205,零参考,情感强度,语音,-0.1441280109186967,0.26907742398660234,是,否
v0205,零参考,情感强度,视觉,0.10157769235471885,0.18963880524743798,是,否
v0206,训练均值参考,情感极性,文本,-0.22608328610658643,0.2390289758537873,是,否
v0206,训练均值参考,情感极性,语音,-0.19390906020998952,0.2050124309008523,是,否
v0206,训练均值参考,情感极性,视觉,-0.5258481539785862,0.5559585932453603,是,否
v0206,训练均值参考,情感强度,文本,-0.11047386378049849,0.4982338506591885,是,否
v0206,训练均值参考,情感强度,语音,-0.02789907157421112,0.12582398573344072,是,否
v0206,训练均值参考,情感强度,视觉,-0.0833580121397972,0.37594216360737065,是,否
v0206,零参考,情感极性,文本,1.0579698830842972,0.6626714972196774,是,否
v0206,零参考,情感极性,语音,-0.18729939684271812,0.11731711244205335,是,否
v0206,零参考,情感极性,视觉,-0.35125311091542244,0.22001139033826925,是,否
v0206,零参考,情感强度,文本,0.1372256875038147,0.7852086045819595,是,否
v0206,零参考,情感强度,语音,-0.013410262763500214,0.07673383827144388,是,否
v0206,零参考,情感强度,视觉,-0.024127401411533356,0.13805755714659662,是,否
v0207,训练均值参考,情感极性,文本,1.520775221288204,0.7222777290155225,是,否
v0207,训练均值参考,情感极性,语音,-0.18281058222055432,0.08682414752551018,是,否
v0207,训练均值参考,情感极性,视觉,-0.401941142976284,0.19089812345896726,是,否
v0207,训练均值参考,情感强度,文本,0.5755012780427933,0.9697737822748306,是,否
v0207,训练均值参考,情感强度,语音,0.0077819377183914185,0.013113296985641882,是,否
v0207,训练均值参考,情感强度,视觉,0.010155469179153442,0.017112920739527505,是,否
v0207,零参考,情感极性,文本,2.7544219469030695,0.8867168772188325,是,否
v0207,零参考,情感极性,语音,-0.2445078740517298,0.07871316113289564,是,否
v0207,零参考,情感极性,视觉,-0.1073851908246676,0.03456996164827195,是,否
v0207,零参考,情感强度,文本,0.853061081841588,0.9246150349263769,是,否
v0207,零参考,情感强度,语音,-0.0031043477356433834,0.003364737474389367,是,否
v0207,零参考,情感强度,视觉,0.06644673831760883,0.07202022759923372,是,否
v0208,训练均值参考,情感极性,文本,1.4210508577525616,0.6805960336608362,是,否
v0208,训练均值参考,情感极性,语音,-0.07184502482414246,0.03440935183059428,是,否
v0208,训练均值参考,情感极性,视觉,-0.5950546599924564,0.2849946145085695,是,否
v0208,训练均值参考,情感强度,文本,0.5240918099880217,0.8142525188988312,是,否
v0208,训练均值参考,情感强度,语音,0.04166966676712036,0.06473986137577334,是,否
v0208,训练均值参考,情感强度,视觉,-0.07788628339767456,0.12100761972539542,是,否
v0208,零参考,情感极性,文本,2.598465094963709,0.8731367162672652,是,否
v0208,零参考,情感极性,语音,-0.10512514909108478,0.03532417181681572,是,否
v0208,零参考,情感极性,视觉,-0.2724214692910512,0.09153911191591901,是,否
v0208,零参考,情感强度,文本,0.8059203724066415,0.979069068933526,是,否
v0208,零参考,情感强度,语音,0.011230158309141794,0.013642911900680657,是,否
v0208,零参考,情感强度,视觉,-0.005999130507310234,0.0072880191657933805,是,否
v0209,训练均值参考,情感极性,文本,0.8238531040648619,0.5210469637388201,是,是
v0209,训练均值参考,情感极性,语音,-0.1547234406073888,0.09785504060121442,是,是
v0209,训练均值参考,情感极性,视觉,-0.6025728744765122,0.3810979956599655,是,是
v0209,训练均值参考,情感强度,文本,0.31913508971532184,0.7611174735285502,是,是
v0209,训练均值参考,情感强度,语音,0.011278366049130758,0.026898206275285837,是,是
v0209,训练均值参考,情感强度,视觉,-0.08888461689154306,0.21198432019616412,是,是
v0209,零参考,情感极性,文本,2.0307403467595577,0.8027701378545569,是,是
v0209,零参考,情感极性,语音,-0.1764553263783455,0.06975439617770451,是,是
v0209,零参考,情感极性,视觉,-0.32247035577893257,0.12747546596773862,是,是
v0209,零参考,情感强度,文本,0.5964787676930428,0.9467770787821927,是,是
v0209,零参考,情感强度,语音,-0.008048683404922485,0.01277549072136756,是,是
v0209,零参考,情感强度,视觉,-0.02548227459192276,0.04044743049643966,是,是
v0210,训练均值参考,情感极性,文本,4.91407553354899,0.9288978668928167,是,是
v0210,训练均值参考,情感极性,语音,0.08452642957369486,0.015977861876772123,是,是
v0210,训练均值参考,情感极性,视觉,0.29161960879961646,0.05512427123041105,是,是
v0210,训练均值参考,情感强度,文本,-2.0267595623930292,0.874525394278054,是,是
v0210,训练均值参考,情感强度,语音,-0.11689930160840353,0.050440816822500595,是,是
v0210,训练均值参考,情感强度,视觉,-0.17389483501513797,0.0750337888994453,是,是
v0210,零参考,情感极性,文本,3.3897237610071898,0.9527193564512468,是,是
v0210,零参考,情感极性,语音,0.12408921122550963,0.0348766453541875,是,是
v0210,零参考,情感极性,视觉,-0.04413275234401226,0.012403998194565695,是,是
v0210,零参考,情感强度,文本,-1.7841512784361837,0.8943125645587101,是,是
v0210,零参考,情感强度,语音,-0.13707916252315044,0.06871144777089248,是,是
v0210,零参考,情感强度,视觉,-0.07376700080931187,0.03697598767039743,是,是
v0211,训练均值参考,情感极性,文本,3.4416396108766394,0.756921766504453,是,是
v0211,训练均值参考,情感极性,语音,-0.12208046267429988,0.026849225924493274,是,是
v0211,训练均值参考,情感极性,视觉,-0.9831693979601065,0.21622900757105376,是,是
v0211,训练均值参考,情感强度,文本,-1.1488308285673459,0.8299165539686342,是,是
v0211,训练均值参考,情感强度,语音,-0.03941324849923451,0.028472170629321395,是,是
v0211,训练均值参考,情感强度,视觉,0.19602862248818081,0.14161127540204443,是,是
v0211,零参考,情感极性,文本,3.182863024373849,0.7260426953656498,是,是
v0211,零参考,情感极性,语音,-0.14795863876740137,0.03375083629759711,是,是
v0211,零参考,情感极性,视觉,-1.0530293757716813,0.2402064683367531,是,是
v0211,零参考,情感强度,文本,-0.9222364282856383,0.7151552671457199,是,是
v0211,零参考,情感强度,语音,-0.0572642299036185,0.04440598351850417,是,是
v0211,零参考,情感强度,视觉,0.3100604632248481,0.24043874933577594,是,是
v0212,训练均值参考,情感极性,文本,2.589344386011362,0.7535951315908034,是,否
v0212,训练均值参考,情感极性,语音,0.062323197722435,0.018138359131573613,是,否
v0212,训练均值参考,情感极性,视觉,-0.784321155399084,0.22826650927762301,是,否
v0212,训练均值参考,情感强度,文本,1.0198079099257786,0.7630358547573061,是,否
v0212,训练均值参考,情感强度,语音,0.09952144821484883,0.07446346764542053,是,否
v0212,训练均值参考,情感强度,视觉,-0.21718438963095343,0.16250067759727357,是,否
v0212,零参考,情感极性,文本,3.899873062347372,0.8731906028990286,是,否
v0212,零参考,情感极性,语音,-0.007305147747198737,0.0016356394845845293,是,否
v0212,零参考,情感极性,视觉,-0.5590552209566036,0.12517375761638688,是,否
v0212,零参考,情感强度,文本,1.263707760721445,0.8783121027389535,是,否
v0212,零参考,情感强度,语音,0.06803847290575504,0.04728863433653749,是,否
v0212,零参考,情感强度,视觉,-0.10704500786960125,0.074399262924509,是,否
v0213,训练均值参考,情感极性,文本,2.7897394448518753,0.6698819438384502,是,是
v0213,训练均值参考,情感极性,语音,-0.13970057666301727,0.033545388628701614,是,是
v0213,训练均值参考,情感极性,视觉,1.2350839972496033,0.2965726675328481,是,是
v0213,训练均值参考,情感强度,文本,-0.9692092047383387,0.5696644851808215,是,是
v0213,训练均值参考,情感强度,语音,0.05216618316868941,0.030661307933680597,是,是
v0213,训练均值参考,情感强度,视觉,-0.6799931017061074,0.3996742068854979,是,是
v0213,零参考,情感极性,文本,1.2627632127453883,0.5355564456984354,是,是
v0213,零参考,情感极性,语音,-0.14686824629704157,0.062288982747445217,是,是
v0213,零参考,情感极性,视觉,0.9482212432970603,0.40215457155411943,是,是
v0213,零参考,情感强度,文本,-0.7262138240039349,0.544840044551767,是,是
v0213,零参考,情感强度,语音,0.029365459457039833,0.022031360062308596,是,是
v0213,零参考,情感强度,视觉,-0.5773143451660872,0.43312859538592435,是,是
v0214,训练均值参考,情感极性,文本,1.0657974220812318,0.492037122425528,是,是
v0214,训练均值参考,情感极性,语音,-0.5303551740944386,0.24484430935790755,是,是
v0214,训练均值参考,情感极性,视觉,-0.5699388906359673,0.2631185682165644,是,是
v0214,训练均值参考,情感强度,文本,0.34363563855489093,0.5352522894391692,是,是
v0214,训练均值参考,情感强度,语音,-0.14627762387196225,0.22784433361001022,是,是
v0214,训练均值参考,情感强度,视觉,-0.15209359178940457,0.23690337695082048,是,是
v0214,零参考,情感极性,文本,2.4171801215658584,0.7102784558266734,是,是
v0214,零参考,情感极性,语音,-0.6120999803145726,0.17986306645105607,是,是
v0214,零参考,情感极性,视觉,-0.37386425894995534,0.10985847772227045,是,是
v0214,零参考,情感强度,文本,0.5898701741049686,0.7260124406693527,是,是
v0214,零参考,情感强度,语音,-0.12360454847415286,0.1521325265372443,是,是
v0214,零参考,情感强度,视觉,-0.09900470760961373,0.12185503279340304,是,是
v0215,训练均值参考,情感极性,文本,0.7302755390604336,0.32750274238708205,是,否
v0215,训练均值参考,情感极性,语音,1.0725126837690668,0.4809839935638746,是,否
v0215,训练均值参考,情感极性,视觉,0.42704207946856815,0.19151326404904334,是,否
v0215,训练均值参考,情感强度,文本,-0.10776880383491516,0.274596910956464,是,否
v0215,训练均值参考,情感强度,语音,-0.20186224579811093,0.5143487462272189,是,否
v0215,训练均值参考,情感强度,视觉,-0.0828307718038559,0.21105434281631702,是,否
v0215,零参考,情感极性,文本,-0.5367945233980814,0.29193148952100023,是,否
v0215,零参考,情感极性,语音,1.059040402372678,0.5759508129301462,是,否
v0215,零参考,情感极性,视觉,0.24293390413125354,0.13211769754885358,是,否
v0215,零参考,情感强度,文本,0.08939134019116561,0.3566736014319302,是,否
v0215,零参考,情感强度,语音,-0.13401210245986778,0.5347115181135826,是,否
v0215,零参考,情感强度,视觉,-0.02722161014874776,0.10861488045448715,是,否
v0216,训练均值参考,情感极性,文本,0.37122837702433265,0.19082606421339582,是,否
v0216,训练均值参考,情感极性,语音,-0.36083682378133136,0.18548439496299823,是,否
v0216,训练均值参考,情感极性,视觉,-1.213310440381368,0.623689540823606,是,否
v0216,训练均值参考,情感强度,文本,0.5218541075785954,0.5024755298406058,是,否
v0216,训练均值参考,情感强度,语音,-0.1302232692639033,0.12538754657804588,是,否
v0216,训练均值参考,情感强度,视觉,-0.38648883501688636,0.3721369235813483,是,否
v0216,零参考,情感极性,文本,1.9671153059850135,0.5934655478500256,是,否
v0216,零参考,情感极性,语音,-0.4910137796153625,0.148135577428913,是,否
v0216,零参考,情感极性,视觉,-0.8564951804776986,0.25839887472106143,是,否
v0216,零参考,情感强度,文本,0.7727328880379597,0.6352408006381747,是,否
v0216,零参考,情感强度,语音,-0.12380107057591279,0.10177319020572441,是,否
v0216,零参考,情感强度,视觉,-0.3199069363375504,0.2629860091561008,是,否
v0217,训练均值参考,情感极性,文本,2.0271354851623373,0.7723378568410094,是,否
v0217,训练均值参考,情感极性,语音,-0.1341006855169932,0.05109231070700266,是,否
v0217,训练均值参考,情感极性,视觉,-0.4634383382896582,0.176569832451988,是,否
v0217,训练均值参考,情感强度,文本,0.6612881943583487,0.7808896951392224,是,否
v0217,训练均值参考,情感强度,语音,-0.03013760596513748,0.03558833521469035,是,否
v0217,训练均值参考,情感强度,视觉,-0.1554136425256729,0.18352196964608736,是,否
v0217,零参考,情感极性,文本,3.3866455871611834,0.8736061113813789,是,否
v0217,零参考,情感极性,语音,-0.17455135099589825,0.04502659727902473,是,否
v0217,零参考,情感极性,视觉,-0.3154306896030903,0.08136729133959637,是,否
v0217,零参考,情感强度,文本,0.9130626562982797,0.8892634351670978,是,否
v0217,零参考,情感强度,语音,-0.03212215378880501,0.03128488130158168,是,否
v0217,零参考,情感强度,视觉,-0.08157803677022457,0.07945168353132044,是,否
v0218,训练均值参考,情感极性,文本,1.5634616017341614,0.4715489326118943,是,否
v0218,训练均值参考,情感极性,语音,-0.8474724888801575,0.25560253421390566,是,否
v0218,训练均值参考,情感极性,视觉,-0.9046531021595001,0.27284853317420005,是,否
v0218,训练均值参考,情感强度,文本,0.3519577458500862,0.459154675848872,是,否
v0218,训练均值参考,情感强度,语音,-0.21464991569519043,0.2800265475731075,是,否
v0218,训练均值参考,情感强度,视觉,-0.19992650300264359,0.2608187765780205,是,否
v0218,零参考,情感极性,文本,2.8908967288831864,0.6415935647388223,是,否
v0218,零参考,情感极性,语音,-0.9607427002241213,0.21322322851419406,是,否
v0218,零参考,情感极性,视觉,-0.6541674987723429,0.14518320674698373,是,否
v0218,零参考,情感强度,文本,0.5819164694597323,0.6424109160515213,是,否
v0218,零参考,情感强度,语音,-0.19051957751313844,0.2103254723647814,是,否
v0218,零参考,情感强度,视觉,-0.13339611577490965,0.14726361158369736,是,否
v0219,训练均值参考,情感极性,文本,0.9305592936774094,0.37239924084426246,是,是
v0219,训练均值参考,情感极性,语音,0.9566317809124787,0.3828331535666767,是,是
v0219,训练均值参考,情感极性,视觉,0.6116305974622567,0.24476760558906072,是,是
v0219,训练均值参考,情感强度,文本,-0.13807742856442928,0.3359464932857384,是,是
v0219,训练均值参考,情感强度,语音,-0.16087649948894975,0.39141731141218944,是,是
v0219,训练均值参考,情感强度,视觉,-0.11205625161528586,0.27263619530207206,是,是
v0219,零参考,情感极性,文本,-0.34167915458480513,0.19890747878479145,是,是
v0219,零参考,情感极性,语音,0.9966802162428696,0.580214351116772,是,是
v0219,零参考,情感极性,视觉,0.3794199538727601,0.22087817009843655,是,是
v0219,零参考,情感强度,文本,0.05354234265784422,0.2706686900554989,是,是
v0219,零参考,情感强度,语音,-0.10955821288128692,0.5538416231598143,是,是
v0219,零参考,情感强度,视觉,-0.034714502592881516,0.17548968678468682,是,是
v0220,训练均值参考,情感极性,文本,1.642682835459709,0.49002835235510794,是,是
v0220,训练均值参考,情感极性,语音,-0.5438731461763382,0.16224267762339853,是,是
v0220,训练均值参考,情感极性,视觉,-1.1656640022993088,0.34772897002149344,是,是
v0220,训练均值参考,情感强度,文本,0.4799156263470649,0.4754481587765095,是,是
v0220,训练均值参考,情感强度,语音,-0.11996014416217804,0.11884345192633049,是,是
v0220,训练均值参考,情感强度,视觉,-0.4095205590128898,0.4057083892971599,是,是
v0220,零参考,情感极性,文本,2.9757578565428653,0.65358942499779,是,是
v0220,零参考,情感极性,语音,-0.6989995868255694,0.1535268526713325,是,是
v0220,零参考,情感极性,视觉,-0.8781893191238244,0.19288372233087744,是,是
v0220,零参考,情感强度,文本,0.6967540656526883,0.6213017942405172,是,是
v0220,零参考,情感强度,语音,-0.11381638298432031,0.10149108049463916,是,是
v0220,零参考,情感强度,视觉,-0.3108717749516169,0.27720712526484365,是,是
v0221,训练均值参考,情感极性,文本,2.3253937984506288,0.579126133394228,是,是
v0221,训练均值参考,情感极性,语音,-0.5375401352842648,0.13387132119248055,是,是
v0221,训练均值参考,情感极性,视觉,-1.1524155115087826,0.2870025454132914,是,是
v0221,训练均值参考,情感强度,文本,0.7596280947327613,0.5904959542372333,是,是
v0221,训练均值参考,情感强度,语音,-0.12274713069200514,0.09541732930949214,是,是
v0221,训练均值参考,情感强度,视觉,-0.4040486514568329,0.3140867164532744,是,是
v0221,零参考,情感极性,文本,3.5571993713577585,0.7094411326713814,是,是
v0221,零参考,情感极性,语音,-0.6705354029933611,0.13373031594073903,是,是
v0221,零参考,情感极性,视觉,-0.7863519589106241,0.15682855138787946,是,是
v0221,零参考,情感强度,文本,0.9545090061922867,0.7042954742456926,是,是
v0221,零参考,情感强度,语音,-0.1115210416416327,0.08228708624205965,是,是
v0221,零参考,情感强度,视觉,-0.28923779229323066,0.2134174395122477,是,是
v0222,训练均值参考,情感极性,文本,1.038304972151915,0.33764501213285764,是,是
v0222,训练均值参考,情感极性,语音,-0.4723010336359342,0.15358694459669217,是,是
v0222,训练均值参考,情感极性,视觉,-1.5645318900545437,0.5087680432704502,是,是
v0222,训练均值参考,情感强度,文本,0.1710195094347,0.2694667268636932,是,是
v0222,训练均值参考,情感强度,语音,-0.0683189332485199,0.10764666198698883,是,是
v0222,训练均值参考,情感强度,视觉,-0.3953206539154053,0.622886611149318,是,是
v0222,零参考,情感极性,文本,2.315110730628172,0.5556886075118461,是,是
v0222,零参考,情感极性,语音,-0.6654507567485173,0.15972601201885164,是,是
v0222,零参考,情感极性,视觉,-1.1856400494774182,0.2845853804693023,是,是
v0222,零参考,情感强度,文本,0.37377278444667655,0.5172281738266649,是,是
v0222,零参考,情感强度,语音,-0.07157929862538973,0.09905170053141096,是,是
v0222,零参考,情感强度,视觉,-0.2772937497744957,0.3837201256419242,是,是
v0223,训练均值参考,情感极性,文本,3.915429669121901,0.9657882593478255,是,否
v0223,训练均值参考,情感极性,语音,0.01701398442188898,0.004196705799359257,是,否
v0223,训练均值参考,情感极性,视觉,0.12168480704228082,0.03001503485281517,是,否
v0223,训练均值参考,情感强度,文本,-1.3948509941498437,0.7374893994987605,是,否
v0223,训练均值参考,情感强度,语音,-0.2706299598018328,0.1430882061078321,是,否
v0223,训练均值参考,情感强度,视觉,-0.2258696133891741,0.11942239439340752,是,否
v0223,零参考,情感极性,文本,3.5575925856828685,0.9592848919301544,是,否
v0223,零参考,情感极性,语音,-0.004128634929656982,0.0011132632579272275,是,否
v0223,零参考,情感极性,视觉,0.14686693251132965,0.03960184481191831,是,否
v0223,零参考,情感强度,文本,-1.1609015011539061,0.7395598002835803,是,否
v0223,零参考,情感强度,语音,-0.259422838067015,0.16526699476151818,是,否
v0223,零参考,情感强度,视觉,-0.1493952435751756,0.09517320495490166,是,否
v0224,训练均值参考,情感极性,文本,0.7901712569097676,0.3673537377168223,是,是
v0224,训练均值参考,情感极性,语音,0.3056258099774519,0.14208664597220227,是,是
v0224,训练均值参考,情感极性,视觉,1.0551848771671453,0.4905596163109755,是,是
v0224,训练均值参考,情感强度,文本,-0.12528928617636362,0.3120615975147174,是,是
v0224,训练均值参考,情感强度,语音,-0.0415653238693873,0.10352793733407542,是,是
v0224,训练均值参考,情感强度,视觉,-0.23463434974352515,0.5844104651512072,是,是
v0224,零参考,情感极性,文本,-0.4566286200036605,0.2855421663161724,是,是
v0224,零参考,情感极性,语音,0.5232218081752459,0.3271846792455253,是,是
v0224,零参考,情感极性,视觉,0.6193131065617005,0.38727315443830235,是,是
v0224,零参考,情感强度,文本,0.11096449941396712,0.3671459624675702,是,是
v0224,零参考,情感强度,语音,-0.0639673713594675,0.21164752914963428,是,是
v0224,零参考,情感强度,视觉,-0.12730350904166698,0.4212065083827955,是,是
v0225,训练均值参考,情感极性,文本,0.8601552521189053,0.3744405767898167,是,否
v0225,训练均值参考,情感极性,语音,0.5783133332928021,0.2517498760252456,是,否
v0225,训练均值参考,情感极性,视觉,0.8587056671579678,0.3738095471849376,是,否
v0225,训练均值参考,情感强度,文本,-0.13621754944324493,0.3262869340686344,是,否
v0225,训练均值参考,情感强度,语音,-0.09919460862874985,0.23760451467450716,是,否
v0225,训练均值参考,情感强度,视觉,-0.18206563591957092,0.43610855125685843,是,否
v0225,零参考,情感极性,文本,-0.33483510526518023,0.22301210704815985,是,否
v0225,零参考,情感极性,语音,0.6994437215228875,0.465854432960039,是,否
v0225,零参考,情感极性,视觉,0.4671423727025589,0.31113345999180103,是,否
v0225,零参考,情感强度,文本,0.07850189072390397,0.31046749958603476,是,否
v0225,零参考,情感强度,语音,-0.08407542916635671,0.33251031318094393,是,否
v0225,零参考,情感强度,视觉,-0.09027327100435893,0.35702218723302115,是,否
v0226,训练均值参考,情感极性,文本,1.8413543763260045,0.9071824795382307,是,否
v0226,训练均值参考,情感极性,语音,-0.0045670320590337175,0.0022500456841509546,是,否
v0226,训练均值参考,情感极性,视觉,-0.18382940565546352,0.09056747477761838,是,否
v0226,训练均值参考,情感强度,文本,-0.5771629760662714,0.7847184192859401,是,否
v0226,训练均值参考,情感强度,语音,-0.0996865207950274,0.1355351127259535,是,否
v0226,训练均值参考,情感强度,视觉,-0.05865378926197688,0.07974646798810643,是,否
v0226,零参考,情感极性,文本,1.4797880522285896,0.8909922122276179,是,否
v0226,零参考,情感极性,语音,-0.02813865399609009,0.016942508445939884,是,否
v0226,零参考,情感极性,视觉,-0.15290492835144198,0.09206527932644205,是,否
v0226,零参考,情感强度,文本,-0.34890637298425037,0.6831030154311959,是,否
v0226,零参考,情感强度,语音,-0.11307869975765547,0.22139005408473894,是,否
v0226,零参考,情感强度,视觉,0.0487817736963431,0.09550693048406532,是,否
v0227,训练均值参考,情感极性,文本,2.5621037657062207,0.6919651437896466,是,是
v0227,训练均值参考,情感极性,语音,-0.2475533013542493,0.06685843799928143,是,是
v0227,训练均值参考,情感极性,视觉,-0.892991525431474,0.2411764182110719,是,是
v0227,训练均值参考,情感强度,文本,0.8683108066519101,0.7379514158766575,是,是
v0227,训练均值参考,情感强度,语音,-0.028949747482935585,0.024603525581673724,是,是
v0227,训练均值参考,情感强度,视觉,-0.27938981602589286,0.23744505854166884,是,是
v0227,零参考,情感极性,文本,3.9268275884290533,0.790681472750563,是,是
v0227,零参考,情感极性,语音,-0.3494200489173333,0.07035703826178374,是,是
v0227,零参考,情感极性,视觉,-0.690136075640718,0.13896148898765326,是,是
v0227,零参考,情感强度,文本,1.0873054210096598,0.8411489744203658,是,是
v0227,零参考,情感强度,语音,-0.015529414638876913,0.012013690858553977,是,是
v0227,零参考,情感强度,视觉,-0.18980826810002327,0.14683733472108018,是,是
v0228,训练均值参考,情感极性,文本,4.818596959114075,0.8877784358417431,是,否
v0228,训练均值参考,情感极性,语音,0.2953604459762573,0.054417216663526675,是,否
v0228,训练均值参考,情感极性,视觉,0.3137447834014893,0.05780434749473029,是,否
v0228,训练均值参考,情感强度,文本,-1.7740004882216454,0.8994658916934827,是,否
v0228,训练均值参考,情感强度,语音,-0.18467822670936584,0.09363682082750178,是,否
v0228,训练均值参考,情感强度,视觉,-0.013603396713733687,0.00689728747901557,是,否
v0228,零参考,情感极性,文本,3.171548573610683,0.8538180361725825,是,否
v0228,零参考,情感极性,语音,0.48882710685332614,0.1315979846167935,是,否
v0228,零参考,情感极性,视觉,-0.0541728992636005,0.014583979210624036,是,否
v0228,零参考,情感强度,文本,-1.5414330965528884,0.8377057359646134,是,否
v0228,零参考,情感强度,语音,-0.20313772621254125,0.11039703171004042,是,否
v0228,零参考,情感强度,视觉,0.09549428646763165,0.05189723232534617,是,否
v0229,训练均值参考,情感极性,文本,0.8465034235268831,0.3349642193318592,是,是
v0229,训练均值参考,情感极性,语音,0.8687434680759907,0.3437646789085723,是,是
v0229,训练均值参考,情感极性,视觉,0.8118989188224076,0.3212711017595684,是,是
v0229,训练均值参考,情感强度,文本,-0.11584460176527499,0.29659117278595976,是,是
v0229,训练均值参考,情感强度,语音,-0.1294338908046484,0.3313831536991636,是,是
v0229,训练均值参考,情感强度,视觉,-0.14530832320451734,0.37202567351487653,是,是
v0229,零参考,情感极性,文本,-0.2568043923626343,0.16223273472709035,是,是
v0229,零参考,情感极性,语音,0.8919232276578744,0.5634605508819336,是,是
v0229,零参考,情感极性,视觉,0.43421057549615694,0.274306714390976,是,是
v0229,零参考,情感强度,文本,0.04354214854538441,0.24989029590676148,是,是
v0229,零参考,情感强度,语音,-0.07978815585374832,0.4579077179750582,是,是
v0229,零参考,情感强度,视觉,-0.05091475136578083,0.2922019861181803,是,是
v0230,训练均值参考,情感极性,文本,0.5414795602361361,0.2386608553097442,是,否
v0230,训练均值参考,情感极性,语音,-0.6590375353892644,0.2904753446439159,是,否
v0230,训练均值参考,情感极性,视觉,-1.0683072557051976,0.47086380004633993,是,否
v0230,训练均值参考,情感强度,文本,0.1781570240855217,0.28515712111006186,是,否
v0230,训练均值参考,情感强度,语音,-0.12601857632398605,0.20170461768426454,是,否
v0230,训练均值参考,情感强度,视觉,-0.32059232890605927,0.5131382612056736,是,否
v0230,零参考,情感极性,文本,1.806460608417789,0.5410153131641584,是,否
v0230,零参考,情感极性,语音,-0.8315001310159762,0.24902524953016142,是,否
v0230,零参考,情感极性,视觉,-0.7010586274166901,0.20995943730568017,是,否
v0230,零参考,情感强度,文本,0.38949540443718433,0.5294119230149711,是,否
v0230,零参考,情感强度,语音,-0.11795034818351267,0.16032107167567242,是,否
v0230,零参考,情感强度,视觉,-0.22826756909489632,0.3102670053093565,是,否
v0231,训练均值参考,情感极性,文本,2.584001488983631,0.8244204614701417,是,否
v0231,训练均值参考,情感极性,语音,-0.09093928337097168,0.02901399487658553,是,否
v0231,训练均值参考,情感极性,视觉,-0.4593840166926384,0.14656554365327276,是,否
v0231,训练均值参考,情感强度,文本,-0.4708982482552528,0.6915960417480788,是,否
v0231,训练均值参考,情感强度,语音,-0.18412307649850843,0.27041678615848763,是,否
v0231,训练均值参考,情感强度,视觉,-0.025864943861961365,0.037987172093433684,是,否
v0231,零参考,情感极性,文本,2.2125977873802185,0.8069606065770852,是,否
v0231,零参考,情感极性,语音,-0.07843128591775893,0.02860481847166354,是,否
v0231,零参考,情感极性,视觉,-0.4508616328239441,0.16443457495125116,是,否
v0231,零参考,情感强度,文本,-0.2727683534224828,0.5518381401144643,是,否
v0231,零参考,情感强度,语音,-0.15712286283572513,0.31787554277760993,是,否
v0231,零参考,情感强度,视觉,0.06439928958813348,0.1302863171079258,是,否
v0232,训练均值参考,情感极性,文本,-1.0967638343572617,0.7913141410243625,是,是
v0232,训练均值参考,情感极性,语音,0.060409683734178536,0.043585533636490655,是,是
v0232,训练均值参考,情感极性,视觉,-0.22882955893874166,0.16510032533914687,是,是
v0232,训练均值参考,情感强度,文本,-0.2837466783821583,0.5552322866440978,是,是
v0232,训练均值参考,情感强度,语音,-0.0860049333423376,0.16829347950295498,是,是
v0232,训练均值参考,情感强度,视觉,-0.14128977619111538,0.2764742338529471,是,是
v0232,零参考,情感极性,文本,-0.690852180123329,0.6961087772340145,是,是
v0232,零参考,情感极性,语音,0.03935723006725311,0.039656693697546895,是,是
v0232,零参考,情感极性,视觉,-0.26223918795585627,0.26423452906843864,是,是
v0232,零参考,情感强度,文本,-0.056993406265974045,0.2945067314554933,是,是
v0232,零参考,情感强度,语音,-0.08474890515208244,0.43793001131207,是,是
v0232,零参考,情感强度,视觉,-0.05177926272153854,0.2675632572324367,是,是
v0233,训练均值参考,情感极性,文本,-0.2571581806987524,0.2624549468323733,是,否
v0233,训练均值参考,情感极性,语音,0.22507848776876924,0.22971449860140458,是,否
v0233,训练均值参考,情感极性,视觉,-0.4975817110389471,0.5078305545662221,是,否
v0233,训练均值参考,情感强度,文本,-0.020506581912438072,0.050299606948298915,是,否
v0233,训练均值参考,情感强度,语音,-0.17120415593187016,0.4199384269918295,是,否
v0233,训练均值参考,情感强度,视觉,-0.21597797299424806,0.5297619660598716,是,否
v0233,零参考,情感极性,文本,0.1418564822524786,0.15818314186806193,是,否
v0233,零参考,情感极性,语音,0.21853978745639321,0.24369214331357586,是,否
v0233,零参考,情感极性,视觉,-0.5363900791853666,0.5981247148183622,是,否
v0233,零参考,情感强度,文本,0.18745921552181244,0.4064701292997259,是,否
v0233,零参考,情感强度,语音,-0.13429216854274273,0.29118736552675756,是,否
v0233,零参考,情感强度,视觉,-0.13943678699433804,0.3023425051735165,是,否
v0234,训练均值参考,情感极性,文本,0.36527164032061893,0.17667329243515764,是,是
v0234,训练均值参考,情感极性,语音,0.6489796911676724,0.31389619698234283,是,是
v0234,训练均值参考,情感极性,视觉,1.0532464509208996,0.5094305105824994,是,是
v0234,训练均值参考,情感强度,文本,-0.05143178626894951,0.1363041715096977,是,是
v0234,训练均值参考,情感强度,语音,-0.1092238165438175,0.28946421859200067,是,是
v0234,训练均值参考,情感强度,视觉,-0.21667537465691564,0.5742316098983016,是,是
v0234,零参考,情感极性,文本,-0.8193547228972117,0.36568003805195887,是,是
v0234,零参考,情感极性,语音,0.7816136305530865,0.3488360952530186,是,是
v0234,零参考,情感极性,视觉,0.6396645431717236,0.2854838666950226,是,是
v0234,零参考,情感强度,文本,0.15849169654150802,0.42549048007416634,是,是
v0234,零参考,情感强度,语音,-0.0996056447426478,0.2674036212903222,是,是
v0234,零参考,情感强度,视觉,-0.11439441579083601,0.30710589863551147,是,是
v0235,训练均值参考,情感极性,文本,2.2707367427647114,0.755329972775215,是,否
v0235,训练均值参考,情感极性,语音,-0.1943422481417656,0.06464532952387436,是,否
v0235,训练均值参考,情感极性,视觉,-0.5412054471671581,0.18002469770091062,是,否
v0235,训练均值参考,情感强度,文本,-0.5300887872775395,0.865075058116839,是,否
v0235,训练均值参考,情感强度,语音,-0.07106166084607442,0.11596862990069447,是,否
v0235,训练均值参考,情感强度,视觉,-0.011615787943204225,0.01895631198246634,是,否
v0235,零参考,情感极性,文本,1.9516931287944317,0.7166060564037848,是,否
v0235,零参考,情感极性,语音,-0.2629527524113655,0.09654875151526797,是,否
v0235,零参考,情感极性,视觉,-0.5088771916925907,0.18684519208094716,是,否
v0235,零参考,情感强度,文本,-0.3068660714974006,0.6413280235478975,是,否
v0235,零参考,情感强度,语音,-0.07674976562460263,0.16040149129424927,是,否
v0235,零参考,情感强度,视觉,0.0948695248613755,0.19827048515785317,是,否
v0236,训练均值参考,情感极性,文本,2.1176546091834703,0.7023586548034683,是,是
v0236,训练均值参考,情感极性,语音,-0.7959658627708752,0.2639965508165635,是,是
v0236,训练均值参考,情感极性,视觉,-0.10144112755854924,0.03364479437996815,是,是
v0236,训练均值参考,情感强度,文本,0.6468722174564997,0.7164209050923931,是,是
v0236,训练均值参考,情感强度,语音,-0.10268530001242955,0.11372554515302831,是,是
v0236,训练均值参考,情感强度,视觉,0.1533645118276278,0.1698535497545786,是,是
v0236,零参考,情感极性,文本,3.365562796592712,0.7916608039333269,是,是
v0236,零参考,情感极性,语音,-0.7824777886271477,0.18405747645881884,是,是
v0236,零参考,情感极性,视觉,0.1032281145453453,0.02428171960785413,是,是
v0236,零参考,情感强度,文本,0.901215175166726,0.7493471604041166,是,是
v0236,零参考,情感强度,语音,-0.09134118817746639,0.07594885425232643,是,是
v0236,零参考,情感强度,视觉,0.21011073514819145,0.17470398534355683,是,是
v0237,训练均值参考,情感极性,文本,4.791374345620473,0.8816979488008148,是,是
v0237,训练均值参考,情感极性,语音,0.5159967442353566,0.09495256228435998,是,是
v0237,训练均值参考,情感极性,视觉,-0.1268871525923411,0.02334948891482521,是,是
v0237,训练均值参考,情感强度,文本,-1.6873631129662194,0.8426884664949172,是,是
v0237,训练均值参考,情感强度,语音,-0.22983864943186438,0.11478405421019663,是,是
v0237,训练均值参考,情感强度,视觉,0.08515519400437672,0.04252747929488607,是,是
v0237,零参考,情感极性,文本,3.3262624517083164,0.7869924792443063,是,是
v0237,零参考,情感极性,语音,0.4658623933792114,0.11022287184942257,是,是
v0237,零参考,情感极性,视觉,-0.43442437797784794,0.1027846489062712,是,是
v0237,零参考,情感强度,文本,-1.4201669351508217,0.7997079644072616,是,是
v0237,零参考,情感强度,语音,-0.2217594323058923,0.1248746043919275,是,是
v0237,零参考,情感强度,视觉,0.13393056827286878,0.07541743120081096,是,是
v0238,训练均值参考,情感极性,文本,1.0047367451091607,0.5137479887168287,是,是
v0238,训练均值参考,情感极性,语音,-0.4670720311502615,0.2388260584251454,是,是
v0238,训练均值参考,情感极性,视觉,-0.4838908414045969,0.24742595285802593,是,是
v0238,训练均值参考,情感强度,文本,0.328777069846789,0.526982849634135,是,是
v0238,训练均值参考,情感强度,语音,-0.11510468771060307,0.18449643207857436,是,是
v0238,训练均值参考,情感强度,视觉,-0.18000395347674686,0.2885207182872907,是,是
v0238,零参考,情感极性,文本,2.3763377281526723,0.7349511951065987,是,是
v0238,零参考,情感极性,语音,-0.5645255607863267,0.1745958626388806,是,是
v0238,零参考,情感极性,视觉,-0.29246396323045093,0.09045294225452057,是,是
v0238,零参考,情感强度,文本,0.5808995869010687,0.7204436667425593,是,是
v0238,零参考,情感强度,语音,-0.10588272474706172,0.13131794234595956,是,是
v0238,零参考,情感强度,视觉,-0.11952582001686096,0.1482383909114811,是,是
v0239,训练均值参考,情感极性,文本,2.5101752405365305,0.7503914156360979,是,否
v0239,训练均值参考,情感极性,语音,-0.3865296716491381,0.11554912294974162,是,否
v0239,训练均值参考,情感极性,视觉,-0.4484496141473452,0.13405946141416056,是,否
v0239,训练均值参考,情感强度,文本,0.9480570256710052,0.7952183729142073,是,否
v0239,训练均值参考,情感强度,语音,-0.056756339967250824,0.04760650794120594,是,否
v0239,训练均值参考,情感强度,视觉,-0.1873837187886238,0.15717511914458676,是,否
v0239,零参考,情感极性,文本,3.8350951820611954,0.8465351141147583,是,否
v0239,零参考,情感极性,语音,-0.5797104761004447,0.12796169345018885,是,否
v0239,零参考,情感极性,视觉,-0.11553823202848434,0.025503192435052776,是,否
v0239,零参考,情感强度,文本,1.1786089974145093,0.8843890514283542,是,否
v0239,零参考,情感强度,语音,-0.045303932701547936,0.033994566608424516,是,否
v0239,零参考,情感强度,视觉,-0.10876864877839881,0.08161638196322134,是,否
v0240,训练均值参考,情感极性,文本,4.344019800424576,0.7979224057500248,是,是
v0240,训练均值参考,情感极性,语音,0.49418361485004425,0.09077310807949147,是,是
v0240,训练均值参考,情感极性,视觉,0.6059597879648208,0.11130448617048373,是,是
v0240,训练均值参考,情感强度,文本,-1.3713670447468758,0.7483463152783381,是,是
v0240,训练均值参考,情感强度,语音,-0.18345417082309723,0.10010977971491784,是,是
v0240,训练均值参考,情感强度,视觉,-0.2777087464928627,0.15154390500674408,是,是
v0240,零参考,情感极性,文本,2.7256827099869647,0.7526641531360535,是,是
v0240,零参考,情感极性,语音,0.5785049187640349,0.15974710232089195,是,是
v0240,零参考,情感极性,视觉,0.3171921043346325,0.08758874454305456,是,是
v0240,零参考,情感强度,文本,-1.1391100647548833,0.7551380689583754,是,是
v0240,零参考,情感强度,语音,-0.1752220566074053,0.11615808652687436,是,是
v0240,零参考,情感强度,视觉,-0.19414707149068514,0.12870384451475028,是,是
v0241,训练均值参考,情感极性,文本,4.13077907760938,0.8486247961806193,是,是
v0241,训练均值参考,情感极性,语音,0.14130498965581256,0.02902961300834496,是,是
v0241,训练均值参考,情感极性,视觉,0.595531274875005,0.1223455908110359,是,是
v0241,训练均值参考,情感强度,文本,-1.6015847623348236,0.8357750731742791,是,是
v0241,训练均值参考,情感强度,语音,-0.055275999009609215,0.028845368165022173,是,是
v0241,训练均值参考,情感强度,视觉,-0.2594260647892952,0.13537955866069873,是,是
v0241,零参考,情感极性,文本,2.473895144338409,0.8123891385440507,是,是
v0241,零参考,情感极性,语音,0.2635699740300576,0.08655232807193959,是,是
v0241,零参考,情感极性,视觉,0.3077444086472193,0.10105853338400979,是,是
v0241,零参考,情感强度,文本,-1.3473695286860066,0.8460815438090546,是,是
v0241,零参考,情感强度,语音,-0.06603950572510559,0.041469549196926664,是,是
v0241,零参考,情感强度,视觉,-0.17907284696896872,0.11244890699401876,是,是
v0242,训练均值参考,情感极性,文本,2.8049930507938066,0.7926653674234322,是,是
v0242,训练均值参考,情感极性,语音,-0.35970343401034666,0.10164889877448793,是,是
v0242,训练均值参考,情感极性,视觉,-0.37398852159579593,0.10568573380207974,是,是
v0242,训练均值参考,情感强度,文本,1.0559475049376488,0.8722750711926446,是,是
v0242,训练均值参考,情感强度,语音,-0.09485136717557906,0.07835283730386132,是,是
v0242,训练均值参考,情感强度,视觉,-0.05976822972297667,0.04937209150349403,是,是
v0242,零参考,情感极性,文本,4.161935213953257,0.8695499849849994,是,是
v0242,零参考,情感极性,语音,-0.45459776930511,0.0949787690467188,是,是
v0242,零参考,情感极性,视觉,-0.16977635584771633,0.035471245968281835,是,是
v0242,零参考,情感强度,文本,1.279325443630417,0.9318458003208167,是,是
v0242,零参考,情感强度,语音,-0.07444811674455801,0.05422714390276106,是,是
v0242,零参考,情感强度,视觉,0.01912037034829457,0.013927055776422259,是,是
v0243,训练均值参考,情感极性,文本,2.835595039029916,0.7907326229860187,是,是
v0243,训练均值参考,情感极性,语音,-0.2767295564214388,0.07716866653911973,是,是
v0243,训练均值参考,情感极性,视觉,-0.4737106288472811,0.13209871047486169,是,是
v0243,训练均值参考,情感强度,文本,1.052172524233659,0.8263303250332031,是,是
v0243,训练均值参考,情感强度,语音,-0.07649587343136469,0.060076516446081356,是,是
v0243,训练均值参考,情感强度,视觉,-0.14463901023070017,0.11359315852071537,是,是
v0243,零参考,情感极性,文本,4.101702603821953,0.8814465382870863,是,是
v0243,零参考,情感极性,语音,-0.3467954496542613,0.07452555148845481,是,是
v0243,零参考,情感极性,视觉,-0.20487844261030352,0.044027910224458726,是,是
v0243,零参考,情感强度,文本,1.2684246270606914,0.9159003161869982,是,是
v0243,零参考,情感强度,语音,-0.05379491237302621,0.03884407177262182,是,是
v0243,零参考,情感强度,视觉,-0.062674214442571,0.04525561204038013,是,是
v0244,训练均值参考,情感极性,文本,1.9186307489871979,0.6969726694068509,是,是
v0244,训练均值参考,情感极性,语音,-0.36664825677871704,0.1331907217662006,是,是
v0244,训练均值参考,情感极性,视觉,-0.46752728521823883,0.16983660882694857,是,是
v0244,训练均值参考,情感强度,文本,0.4879789650440216,0.7799907242506255,是,是
v0244,训练均值参考,情感强度,语音,-0.1046762615442276,0.16731564043209216,是,是
v0244,训练均值参考,情感强度,视觉,0.03296627104282379,0.05269363531728236,是,是
v0244,零参考,情感极性,文本,3.1222306440273915,0.8455381425253585,是,是
v0244,零参考,情感极性,语音,-0.39386175324519473,0.10666256699766137,是,是
v0244,零参考,情感极性,视觉,-0.17650346209605533,0.047799290476980005,是,是
v0244,零参考,情感强度,文本,0.7333945780992508,0.8022958896948715,是,是
v0244,零参考,情感强度,语音,-0.08691546320915222,0.0950810395467524,是,是
v0244,零参考,情感强度,视觉,0.09380978345870972,0.10262307075837604,是,是
v0245,训练均值参考,情感极性,文本,3.1515057968596616,0.7581002437266442,是,否
v0245,训练均值参考,情感极性,语音,0.6551893098900715,0.1576069369790448,是,否
v0245,训练均值参考,情感极性,视觉,-0.35041448784371215,0.08429281929431111,是,否
v0245,训练均值参考,情感强度,文本,-0.7094758997360865,0.7193053651856811,是,否
v0245,训练均值参考,情感强度,语音,-0.1040863792101542,0.10552844858643633,是,否
v0245,训练均值参考,情感强度,视觉,0.17277250190575916,0.1751661862278826,是,否
v0245,零参考,情感极性,文本,1.513745989029606,0.5235758805002007,是,否
v0245,零参考,情感极性,语音,0.7495475181688864,0.25925419763033924,是,否
v0245,零参考,情感极性,视觉,-0.6278747941056887,0.2171699218694601,是,否
v0245,零参考,情感强度,文本,-0.457208967457215,0.5473008589817514,是,否
v0245,零参考,情感强度,语音,-0.11949265437821548,0.14303838515443545,是,否
v0245,零参考,情感强度,视觉,0.25868710440893966,0.30966075586381303,是,否
v0246,训练均值参考,情感极性,文本,2.5850740050276118,0.6989087944847742,是,是
v0246,训练均值参考,情感极性,语音,-0.6114611054460207,0.16531656086071742,是,是
v0246,训练均值参考,情感极性,视觉,-0.5021935726205508,0.13577464465450848,是,是
v0246,训练均值参考,情感强度,文本,1.1145357464750607,0.9229380652222634,是,是
v0246,训练均值参考,情感强度,语音,0.06511019666989644,0.053917228882797374,是,是
v0246,训练均值参考,情感强度,视觉,-0.027949439982573182,0.023144705894939256,是,是
v0246,零参考,情感极性,文本,3.9282841992874937,0.7984762469680851,是,是
v0246,零参考,情感极性,语音,-0.6540975353370109,0.1329540630644039,是,是
v0246,零参考,情感极性,视觉,-0.33734407338003314,0.06856968996751088,是,是
v0246,零参考,情感强度,文本,1.3495581274231274,0.9159933135594814,是,是
v0246,零参考,情感强度,语音,0.068702129026254,0.04663058932890169,是,是
v0246,零参考,情感强度,视觉,0.055067231257756546,0.03737609711161691,是,是
v0247,训练均值参考,情感极性,文本,0.3074684590101242,0.20271954639319953,是,否
v0247,训练均值参考,情感极性,语音,-0.725621584802866,0.4784155064162467,是,否
v0247,训练均值参考,情感极性,视觉,-0.4836283214390277,0.3188649471905537,是,否
v0247,训练均值参考,情感强度,文本,0.1462707718213399,0.4090153221664523,是,否
v0247,训练均值参考,情感强度,语音,-0.09219409773747125,0.2578013236574427,是,否
v0247,训练均值参考,情感强度,视觉,-0.11915198216835657,0.33318335417610506,是,否
v0247,零参考,情感极性,文本,1.7350059406210978,0.5969976600099112,是,否
v0247,零参考,情感极性,语音,-0.8084158028165499,0.2781675447311407,是,否
v0247,零参考,情感极性,视觉,-0.3627972534547249,0.12483479525894811,是,否
v0247,零参考,情感强度,文本,0.39046252580980456,0.7449048125770023,是,否
v0247,零参考,情感强度,语音,-0.09307357420523961,0.17756109425721697,是,否
v0247,零参考,情感强度,视觉,-0.040641646211345986,0.07753409316578089,是,否
v0248,训练均值参考,情感极性,文本,4.902336299419403,0.8794592243891247,是,是
v0248,训练均值参考,情感极性,语音,-0.22436627745628357,0.04025039905445646,是,是
v0248,训练均值参考,情感极性,视觉,-0.4475596100091934,0.08029037655641877,是,是
v0248,训练均值参考,情感强度,文本,-2.1079177955786386,0.9557027295347119,是,是
v0248,训练均值参考,情感强度,语音,-0.08323727051417032,0.03773870442019524,是,是
v0248,训练均值参考,情感强度,视觉,0.01446570952733358,0.0065585660450928306,是,是
v0248,零参考,情感极性,文本,4.717858354250589,0.8484893776016484,是,是
v0248,零参考,情感极性,语音,-0.2289515932401021,0.04117609734386734,是,是
v0248,零参考,情感极性,视觉,-0.6134934326012929,0.11033452505448432,是,是
v0248,零参考,情感强度,文本,-1.8245971594005819,0.912855007640161,是,是
v0248,零参考,情感强度,语音,-0.10137723200023173,0.050719531933565064,是,是
v0248,零参考,情感强度,视觉,0.07280651479959488,0.036425460426273905,是,是
v0249,训练均值参考,情感极性,文本,-0.8370363265275955,0.8442611529419103,是,否
v0249,训练均值参考,情感极性,语音,0.02275099605321884,0.022947369844926492,是,否
v0249,训练均值参考,情感极性,视觉,-0.13165510445833203,0.1327914772131632,是,否
v0249,训练均值参考,情感强度,文本,0.19400041053692496,0.7644099491046942,是,否
v0249,训练均值参考,情感强度,语音,-0.007852462430795036,0.030940658272102337,是,否
v0249,训练均值参考,情感强度,视觉,0.0519381860891978,0.2046493926232035,是,否
v0249,零参考,情感极性,文本,0.6810460202395916,0.7790238521530995,是,否
v0249,零参考,情感极性,语音,0.07391723431646824,0.08455124456561776,是,否
v0249,零参考,情感极性,视觉,0.11926674284040928,0.13642490328128265,是,否
v0249,零参考,情感强度,文本,0.41849365271627903,0.7467951771638782,是,否
v0249,零参考,情感强度,语音,0.023371653631329536,0.04170633915457375,是,否
v0249,零参考,情感强度,视觉,0.1185208149254322,0.21149848368154803,是,否
v0250,训练均值参考,情感极性,文本,4.769246801733971,0.9093137495140681,是,是
v0250,训练均值参考,情感极性,语音,0.4563120901584625,0.08700133897447607,是,是
v0250,训练均值参考,情感极性,视觉,-0.019326940178871155,0.003684911511455833,是,是
v0250,训练均值参考,情感强度,文本,-1.5041201909383135,0.8676740393377529,是,是
v0250,训练均值参考,情感强度,语音,-0.21787849565347034,0.1256864415140564,是,是
v0250,训练均值参考,情感强度,视觉,-0.011509661873181663,0.006639519148190751,是,是
v0250,零参考,情感极性,文本,3.195383394757906,0.8206952683104843,是,是
v0250,零参考,情感极性,语音,0.4433837334314982,0.1138777064029391,是,是
v0250,零参考,情感极性,视觉,-0.254740630586942,0.06542702528657655,是,是
v0250,零参考,情感强度,文本,-1.2659838733573754,0.8438766916852133,是,是
v0250,零参考,情感强度,语音,-0.18903345925112564,0.12600549941256653,是,是
v0250,零参考,情感强度,视觉,0.04518273907403151,0.030117808902220166,是,是
v0251,训练均值参考,情感极性,文本,0.7881984288493791,0.32457680374668973,是,否
v0251,训练均值参考,情感极性,语音,-0.7096490537126858,0.29223050085518826,是,否
v0251,训练均值参考,情感极性,视觉,-0.9305405591924985,0.38319269539812206,是,否
v0251,训练均值参考,情感强度,文本,0.2550395478804906,0.38999098116894626,是,否
v0251,训练均值参考,情感强度,语音,-0.14716782669226328,0.22504009909518663,是,否
v0251,训练均值参考,情感强度,视觉,-0.2517553071180979,0.38496891973586705,是,否
v0251,零参考,情感极性,文本,2.1033588560918965,0.58538271201432,是,否
v0251,零参考,情感极性,语音,-0.7561943860103686,0.2104553482210993,是,否
v0251,零参考,情感极性,视觉,-0.7335813225557406,0.2041619397645807,是,否
v0251,零参考,情感强度,文本,0.46577134169638146,0.6180587608404939,是,否
v0251,零参考,情感强度,语音,-0.1185334101319313,0.15728879393377385,是,否
v0251,零参考,情感强度,视觉,-0.16929890401661396,0.22465244522573222,是,否
v0252,训练均值参考,情感极性,文本,0.3856932980318864,0.15829025647996217,是,否
v0252,训练均值参考,情感极性,语音,0.9529516485830147,0.3910956234835523,是,否
v0252,训练均值参考,情感极性,视觉,1.0979756427307923,0.45061412003648543,是,否
v0252,训练均值参考,情感强度,文本,-0.05001220976312955,0.12605996628360044,是,否
v0252,训练均值参考,情感强度,语音,-0.15988215555747348,0.4029963729733679,是,否
v0252,训练均值参考,情感强度,视觉,-0.18683911984165508,0.4709436607430317,是,否
v0252,零参考,情感极性,文本,-0.7060702008505662,0.2953101478747821,是,否
v0252,零参考,情感极性,语音,0.9300243916610876,0.38897781027685163,是,否
v0252,零参考,情感极性,视觉,0.7548499989012877,0.3157120418483663,是,否
v0252,零参考,情感强度,文本,0.10913099286456902,0.35026221456300827,是,否
v0252,零参考,情感强度,语音,-0.10820714260141054,0.3472970638702066,是,否
v0252,零参考,情感强度,视觉,-0.0942312783251206,0.3024407215667852,是,否
v0253,训练均值参考,情感极性,文本,-1.8715610013653832,0.7869459830879809,是,否
v0253,训练均值参考,情感极性,语音,-0.44573494357367355,0.18742072692867032,是,否
v0253,训练均值参考,情感极性,视觉,-0.06096259069939455,0.025633289983348653,是,否
v0253,训练均值参考,情感强度,文本,-0.2785800409813722,0.5463973923124442,是,否
v0253,训练均值参考,情感强度,语音,-0.15054728028674919,0.29527830162790014,是,否
v0253,训练均值参考,情感强度,视觉,0.0807214534531037,0.15832430605965575,是,否
v0253,零参考,情感极性,文本,-0.3696418416996796,0.3838500302093947,是,否
v0253,零参考,情感极性,语音,-0.3898424909760554,0.4048271463262602,是,否
v0253,零参考,情感极性,视觉,0.20350072036186853,0.21132282346434514,是,否
v0253,零参考,情感强度,文本,-0.06468002808590728,0.18831544817177634,是,否
v0253,零参考,情感强度,语音,-0.11939634506901105,0.3476216213431393,是,否
v0253,零参考,情感强度,视觉,0.15939002173642317,0.46406293048508446,是,否
v0254,训练均值参考,情感极性,文本,2.6500941291451454,0.7526828175475375,是,否
v0254,训练均值参考,情感极性,语音,-0.29675244539976114,0.08428397476947906,是,否
v0254,训练均值参考,情感极性,视觉,-0.5740178152918816,0.16303320768298335,是,否
v0254,训练均值参考,情感强度,文本,0.9388235434889793,0.927937208062505,是,否
v0254,训练均值参考,情感强度,语音,-0.024310171604156494,0.024028277648478223,是,否
v0254,训练均值参考,情感强度,视觉,-0.04859804362058639,0.048034514289016804,是,否
v0254,零参考,情感极性,文本,3.9490158042560015,0.848678827274075,是,否
v0254,零参考,情感极性,语音,-0.35452149001260597,0.07618984002623946,是,否
v0254,零参考,情感极性,视觉,-0.34959611420830083,0.07513133269968565,是,否
v0254,零参考,情感强度,文本,1.1527576092630625,0.964266527666989,是,否
v0254,零参考,情感强度,语音,-0.0038690902292728424,0.003236442917948947,是,否
v0254,零参考,情感强度,视觉,0.038849422708153725,0.03249702941506215,是,否
v0255,训练均值参考,情感极性,文本,0.46937856574853254,0.3881248533289135,是,是
v0255,训练均值参考,情感极性,语音,-0.2257706547776858,0.18668769446644895,是,是
v0255,训练均值参考,情感极性,视觉,-0.5142001981536547,0.42518745220463755,是,是
v0255,训练均值参考,情感强度,文本,0.10015379885832468,0.46718061975109954,是,是
v0255,训练均值参考,情感强度,语音,-0.039202382167180375,0.1828646881631539,是,是
v0255,训练均值参考,情感强度,视觉,-0.07502300043900807,0.34995469208574653,是,是
v0255,零参考,情感极性,文本,1.617905894915263,0.7930351135879058,是,是
v0255,零参考,情感极性,语音,-0.1574954738219579,0.07719821119665242,是,是
v0255,零参考,情感极性,视觉,-0.2647427146633466,0.12976667521544177,是,是
v0255,零参考,情感强度,文本,0.34718439479668933,0.8999763306606322,是,是
v0255,零参考,情感强度,语音,-0.020836281279722847,0.054012104955693724,是,是
v0255,零参考,情感强度,视觉,-0.01774990806976954,0.04601156438367392,是,是
v0256,训练均值参考,情感极性,文本,1.1845464619497457,0.4261376189840791,是,是
v0256,训练均值参考,情感极性,语音,-0.6546809499462445,0.23551982988081693,是,是
v0256,训练均值参考,情感极性,视觉,-0.9405000967284043,0.338342551135104,是,是
v0256,训练均值参考,情感强度,文本,0.34857205301523203,0.4258715786871617,是,是
v0256,训练均值参考,情感强度,语音,-0.15162817388772964,0.18525331915865645,是,是
v0256,训练均值参考,情感强度,视觉,-0.3182907700538635,0.3888751021541818,是,是
v0256,零参考,情感极性,文本,2.462565393497546,0.6362655612115166,是,是
v0256,零参考,情感极性,语音,-0.7331640540311734,0.18943133024204092,是,是
v0256,零参考,情感极性,视觉,-0.674612660581867,0.1743031085464426,是,是
v0256,零参考,情感强度,文本,0.5538273534427086,0.6103650981693478,是,是
v0256,零参考,情感强度,语音,-0.12777254668374854,0.14081627156041385,是,是
v0256,零参考,情感强度,视觉,-0.22577071314056713,0.24881863027023832,是,是
v0257,训练均值参考,情感极性,文本,0.5588578854997952,0.2634296814646885,是,是
v0257,训练均值参考,情感极性,语音,-0.5448738659421603,0.2568380131474932,是,是
v0257,训练均值参考,情感极性,视觉,-1.01773718247811,0.4797323053878182,是,是
v0257,训练均值参考,情感强度,文本,0.14393387734889984,0.2693208834454398,是,是
v0257,训练均值参考,情感强度,语音,-0.13050372153520584,0.24419113987724414,是,是
v0257,训练均值参考,情感强度,视觉,-0.25999506562948227,0.4864879766773161,是,是
v0257,零参考,情感极性,文本,1.7471902277320623,0.5763061634939294,是,是
v0257,零参考,情感极性,语音,-0.568729817867279,0.18759405484149508,是,是
v0257,零参考,情感极性,视觉,-0.7157848682254553,0.23609978166457554,是,是
v0257,零参考,情感强度,文本,0.351909597714742,0.5608025526564225,是,是
v0257,零参考,情感强度,语音,-0.09537975738445917,0.15199702355464978,是,是
v0257,零参考,情感强度,视觉,-0.18022133658329645,0.2872004237889277,是,是
v0258,训练均值参考,情感极性,文本,2.4315666332840915,0.6626209491977945,是,是
v0258,训练均值参考,情感极性,语音,-0.3371581360697746,0.09187823236847788,是,是
v0258,训练均值参考,情感极性,视觉,-0.9008945450186729,0.24550081843372767,是,是
v0258,训练均值参考,情感强度,文本,0.8626846050222714,0.7060191739380595,是,是
v0258,训练均值参考,情感强度,语音,-0.1212123284737269,0.09919990170442426,是,是
v0258,训练均值参考,情感强度,视觉,-0.23800274978081384,0.1947809243575163,是,是
v0258,零参考,情感极性,文本,3.683875219896435,0.7824597013138598,是,是
v0258,零参考,情感极性,语音,-0.39618244022130966,0.08414964550565777,是,是
v0258,零参考,情感极性,视觉,-0.6280125621706247,0.13339065318048243,是,是
v0258,零参考,情感强度,文本,1.086845712736249,0.8064654015823658,是,是
v0258,零参考,情感强度,语音,-0.10471171326935291,0.07769858490727591,是,是
v0258,零参考,情感强度,视觉,-0.15610821545124054,0.11583601351035834,是,是
v0259,训练均值参考,情感极性,文本,1.9552691206336021,0.6354806119540675,是,是
v0259,训练均值参考,情感极性,语音,-0.3214735612273216,0.10448189114222382,是,是
v0259,训练均值参考,情感极性,视觉,-0.800092525780201,0.2600374969037087,是,是
v0259,训练均值参考,情感强度,文本,0.66298142572244,0.6891400616637685,是,是
v0259,训练均值参考,情感强度,语音,-0.11564002434412637,0.12020272426255636,是,是
v0259,训练均值参考,情感强度,视觉,-0.18342017630736032,0.19065721407367514,是,是
v0259,零参考,情感极性,文本,3.192013007899125,0.7815405920636211,是,是
v0259,零参考,情感极性,语音,-0.3841107587019602,0.09404665614803273,是,是
v0259,零参考,情感极性,视觉,-0.5081337119142214,0.12441275178834617,是,是
v0259,零参考,情感强度,文本,0.9059826706846554,0.804880916053932,是,是
v0259,零参考,情感强度,语音,-0.10916763047377268,0.09698523521732025,是,是
v0259,零参考,情感强度,视觉,-0.11046052227417627,0.09813384872874763,是,是
v0260,训练均值参考,情感极性,文本,1.1180387983719506,0.4871277405993147,是,是
v0260,训练均值参考,情感极性,语音,-0.3919320156176885,0.17076416088099303,是,是
v0260,训练均值参考,情感极性,视觉,-0.785194714864095,0.3421080985196923,是,是
v0260,训练均值参考,情感强度,文本,0.32288801670074463,0.5922100416666394,是,是
v0260,训练均值参考,情感强度,语音,-0.12360790371894836,0.22670968888748957,是,是
v0260,训练均值参考,情感强度,视觉,-0.09872958064079285,0.18108026944587108,是,是
v0260,零参考,情感极性,文本,2.3770887653032937,0.7103334018123008,是,是
v0260,零参考,情感极性,语音,-0.4310392638047536,0.12880528108256592,是,是
v0260,零参考,情感极性,视觉,-0.5383128946026166,0.16086131710513338,是,是
v0260,零参考,情感强度,文本,0.5746627524495125,0.7921660528649365,是,是
v0260,零参考,情感强度,语音,-0.11174283921718597,0.15403622994754013,是,是
v0260,零参考,情感强度,视觉,-0.03902659565210342,0.05379771718752342,是,是
v0261,训练均值参考,情感极性,文本,1.0637157981594403,0.3985467044099267,是,是
v0261,训练均值参考,情感极性,语音,-0.4275598550836245,0.16019558182403035,是,是
v0261,训练均值参考,情感极性,视觉,-1.1777109081546464,0.4412577137660429,是,是
v0261,训练均值参考,情感强度,文本,0.2053493360678355,0.368737360806431,是,是
v0261,训练均值参考,情感强度,语音,-0.0920340617497762,0.1652617811371835,是,是
v0261,训练均值参考,情感强度,视觉,-0.25951524575551355,0.46600085805638547,是,是
v0261,零参考,情感极性,文本,2.323750212788582,0.6241441794557314,是,是
v0261,零参考,情感极性,语音,-0.48770376294851303,0.130994055758551,是,是
v0261,零参考,情感极性,视觉,-0.9116444513201714,0.24486176478571756,是,是
v0261,零参考,情感强度,文本,0.43410208821296686,0.6272207462532449,是,是
v0261,零参考,情感强度,语音,-0.0801606010645628,0.11582158525613351,是,是
v0261,零参考,情感强度,视觉,-0.17784147150814533,0.25695766849062157,是,是
v0262,训练均值参考,情感极性,文本,2.465419914573431,0.9169933477223196,是,是
v0262,训练均值参考,情感极性,语音,-0.15165993943810463,0.05640870942862243,是,是
v0262,训练均值参考,情感极性,视觉,-0.07151098549365997,0.026597942849057966,是,是
v0262,训练均值参考,情感强度,文本,1.0873852570851643,0.8328061318755449,是,是
v0262,训练均值参考,情感强度,语音,-0.034648011128107704,0.026536203187202376,是,是
v0262,训练均值参考,情感强度,视觉,0.1836550732453664,0.14065766493725274,是,是
v0262,零参考,情感极性,文本,3.7478334388385215,0.8848247893439883,是,是
v0262,零参考,情感极性,语音,-0.26342643921573955,0.06219226318097494,是,是
v0262,零参考,情感极性,视觉,0.22441873761514822,0.05298294747503663,是,是
v0262,零参考,情感强度,文本,1.3588133311520019,0.8356090052007092,是,是
v0262,零参考,情感强度,语音,-0.03334637110431989,0.020506516492527254,是,是
v0262,零参考,情感强度,视觉,0.2339756345997254,0.14388447830676346,是,是
v0263,训练均值参考,情感极性,文本,4.938714762528737,0.903601384402978,是,是
v0263,训练均值参考,情感极性,语音,0.0892995794614156,0.016338506576683343,是,是
v0263,训练均值参考,情感极性,视觉,-0.43757573763529456,0.08006010902033862,是,是
v0263,训练均值参考,情感强度,文本,-1.2794262667496998,0.7417106428782242,是,是
v0263,训练均值参考,情感强度,语音,-0.07164460917313893,0.041533905086664866,是,是
v0263,训练均值参考,情感强度,视觉,0.37389596800009406,0.216755452035111,是,是
v0263,零参考,情感极性,文本,3.3924117852002382,0.7747380995689236,是,是
v0263,零参考,情感极性,语音,0.18273742124438286,0.04173244624152919,是,是
v0263,零参考,情感极性,视觉,-0.803636072203517,0.18352945418954716,是,是
v0263,零参考,情感强度,文本,-1.0064546540379524,0.6664322334255911,是,是
v0263,零参考,情感强度,语音,-0.0765298381447792,0.05067486225425211,是,是
v0263,零参考,情感强度,视觉,0.4272285550832748,0.2828929043201568,是,是
v0264,训练均值参考,情感极性,文本,1.675560506681601,0.6158579292112063,是,是
v0264,训练均值参考,情感极性,语音,-0.40228672077258426,0.1478618443298327,是,是
v0264,训练均值参考,情感极性,视觉,-0.642846015592416,0.23628022645896102,是,是
v0264,训练均值参考,情感强度,文本,0.5772828559080759,0.7290677303668643,是,是
v0264,训练均值参考,情感强度,语音,-0.15442944069703418,0.19503354495727354,是,是
v0264,训练均值参考,情感强度,视觉,-0.06009734173615773,0.07589872467586196,是,是
v0264,零参考,情感极性,文本,2.9628074293335276,0.7739098351175419,是,是
v0264,零参考,情感极性,语音,-0.47518090407053626,0.12412118704689375,是,是
v0264,零参考,情感极性,视觉,-0.3903742159406344,0.10196897783556441,是,是
v0264,零参考,情感强度,文本,0.8352784613768259,0.8484652540194648,是,是
v0264,零参考,情感强度,语音,-0.14439595242341358,0.14667557481413734,是,是
v0264,零参考,情感强度,视觉,-0.0047836502393086774,0.0048591711663977044,是,是
v0265,训练均值参考,情感极性,文本,2.2519339583814144,0.8927368047165037,是,是
v0265,训练均值参考,情感极性,语音,-0.22189456596970555,0.08796592150070455,是,是
v0265,训练均值参考,情感极性,视觉,0.048677489161491394,0.019297273782791727,是,是
v0265,训练均值参考,情感强度,文本,0.9854051371415455,0.8087036286698394,是,是
v0265,训练均值参考,情感强度,语音,-0.07217642168203989,0.05923384394766539,是,是
v0265,训练均值参考,情感强度,视觉,0.16091815133889514,0.13206252738249527,是,是
v0265,零参考,情感极性,文本,3.546266506115595,0.8929102194879688,是,是
v0265,零参考,情感极性,语音,-0.212878276904424,0.0536003677747151,是,是
v0265,零参考,情感极性,视觉,0.2124376098314921,0.05348941273731613,是,是
v0265,零参考,情感强度,文本,1.2579968174298601,0.8307272960417249,是,是
v0265,零参考,情感强度,语音,-0.05825562278429667,0.03846952180188939,是,是
v0265,零参考,情感强度,视觉,0.19807942708333331,0.1308031821563857,是,是
v0266,训练均值参考,情感极性,文本,1.223976608365774,0.5283309057423033,是,否
v0266,训练均值参考,情感极性,语音,0.49941810593008995,0.21557439778399634,是,否
v0266,训练均值参考,情感极性,视觉,0.5932908989489079,0.2560946964737002,是,否
v0266,训练均值参考,情感强度,文本,-0.1960430008669694,0.4959527938803469,是,否
v0266,训练均值参考,情感强度,语音,-0.0887023520966371,0.2244006628726193,是,否
v0266,训练均值参考,情感强度,视觉,-0.11054025342067082,0.2796465432470339,是,否
v0266,零参考,情感极性,文本,-0.002742437645792961,0.003198103535583518,是,否
v0266,零参考,情感极性,语音,0.5244352407753468,0.6115720444113424,是,否
v0266,零参考,情感极性,视觉,0.3303422909229994,0.38522985205307414,是,否
v0266,零参考,情感强度,文本,0.010884404803315798,0.11286782320913888,是,否
v0266,零参考,情感强度,语音,-0.060987272610267,0.6324186602179847,是,否
v0266,零参考,情感强度,视觉,-0.02456328955789407,0.2547135165728765,是,否
v0267,训练均值参考,情感极性,文本,1.0778388157486916,0.41838081991913767,是,是
v0267,训练均值参考,情感极性,语音,-0.26246047765016556,0.1018783404635222,是,是
v0267,训练均值参考,情感极性,视觉,-1.2359154000878334,0.4797408396173401,是,是
v0267,训练均值参考,情感强度,文本,0.3376626869042714,0.4568915380316786,是,是
v0267,训练均值参考,情感强度,语音,-0.04380196581284205,0.0592684602273336,是,是
v0267,训练均值参考,情感强度,视觉,-0.35757877180973685,0.4838400017409878,是,是
v0267,零参考,情感极性,文本,2.3767650152246156,0.6411139764847086,是,是
v0267,零参考,情感极性,语音,-0.33718809982140857,0.0909538814796954,是,是
v0267,零参考,情感极性,视觉,-0.9932894383867581,0.26793214203559607,是,是
v0267,零参考,情感强度,文本,0.5627040782322486,0.6499363050507968,是,是
v0267,零参考,情感强度,语音,-0.04375044132272402,0.05053277784472851,是,是
v0267,零参考,情感强度,视觉,-0.25932890238861245,0.29953091710447477,是,是
v0268,训练均值参考,情感极性,文本,0.7404764940341314,0.34903051000874913,是,否
v0268,训练均值参考,情感极性,语音,0.33650406946738554,0.1586143354076644,是,否
v0268,训练均值参考,情感极性,视觉,1.0445431222518284,0.4923551545835864,是,否
v0268,训练均值参考,情感强度,文本,-0.12339817980925241,0.319379462159151,是,否
v0268,训练均值参考,情感强度,语音,-0.05289586881796519,0.13690521334785544,是,否
v0268,训练均值参考,情感强度,视觉,-0.21007450173298517,0.5437153244929935,是,否
v0268,零参考,情感极性,文本,-0.492996834218502,0.30012405935962494,是,否
v0268,零参考,情感极性,语音,0.4162557423114776,0.25340601489320097,是,否
v0268,零参考,情感极性,视觉,0.7333909198641777,0.446469925747174,是,否
v0268,零参考,情感强度,文本,0.08382134636243184,0.35960414292168413,是,否
v0268,零参考,情感强度,语音,-0.04562501671413581,0.19573707346972183,是,否
v0268,零参考,情感强度,视觉,-0.10364702033499876,0.44465878360859407,是,否
v0269,训练均值参考,情感极性,文本,0.01073423773050309,0.005546786183288165,是,否
v0269,训练均值参考,情感极性,语音,0.4902956187725067,0.2533542699735421,是,否
v0269,训练均值参考,情感极性,视觉,1.434187650680542,0.7410989438431698,是,否
v0269,训练均值参考,情感强度,文本,0.008609835058450699,0.022143146040083363,是,否
v0269,训练均值参考,情感强度,语音,-0.09257715567946434,0.2380939314480655,是,否
v0269,训练均值参考,情感强度,视觉,-0.2876391969621181,0.7397629225118512,是,否
v0269,零参考,情感极性,文本,-1.2070325246701636,0.4185236460224816,是,否
v0269,零参考,情感极性,语音,0.6107021955152352,0.2117534567436902,是,否
v0269,零参考,情感极性,视觉,1.0662899607171614,0.3697228972338282,是,否
v0269,零参考,情感强度,文本,0.20382472376028696,0.4451905947020254,是,否
v0269,零参考,情感强度,语音,-0.08341690463324387,0.18219782515467148,是,否
v0269,零参考,情感强度,视觉,-0.1705953658868869,0.37261158014330314,是,否
v0270,训练均值参考,情感极性,文本,3.9567760452628136,0.8256864537180284,是,是
v0270,训练均值参考,情感极性,语音,-0.3623395189642906,0.07561176802354241,是,是
v0270,训练均值参考,情感极性,视觉,-0.4729892686009407,0.09870177825842921,是,是
v0270,训练均值参考,情感强度,文本,-1.2600885505477586,0.8673169644173845,是,是
v0270,训练均值参考,情感强度,语音,0.1015024979909261,0.06986400947774908,是,是
v0270,训练均值参考,情感强度,视觉,0.09126713623603185,0.06281902610486649,是,是
v0270,零参考,情感极性,文本,3.774987811843554,0.7896254486450904,是,是
v0270,零参考,情感极性,语音,-0.48596397538979846,0.10165053272188528,是,是
v0270,零参考,情感极性,视觉,-0.519780417283376,0.10872401863302428,是,是
v0270,零参考,情感强度,文本,-1.03397700873514,0.7835860953396858,是,是
v0270,零参考,情感强度,语音,0.11249450656274954,0.0852525060034962,是,是
v0270,零参考,情感强度,视觉,0.1730733501414458,0.13116139865681786,是,是
v0271,训练均值参考,情感极性,文本,0.10858974605798721,0.06952510460665201,是,是
v0271,训练均值参考,情感极性,语音,0.0764610692858696,0.048954565540634126,是,是
v0271,训练均值参考,情感极性,视觉,1.376827396452427,0.8815203298527139,是,是
v0271,训练均值参考,情感强度,文本,-0.09216172993183136,0.2786244355877388,是,是
v0271,训练均值参考,情感强度,语音,-0.008023537695407867,0.0242568543738656,是,是
v0271,训练均值参考,情感强度,视觉,-0.23058877140283585,0.6971187100383955,是,是
v0271,零参考,情感极性,文本,-1.1580319721251726,0.4798061157651246,是,是
v0271,零参考,情感极性,语音,0.1462600231170654,0.060599754819145056,是,是
v0271,零参考,情感极性,视觉,1.1092495042830706,0.45959412941573036,是,是
v0271,零参考,情感强度,文本,0.13040596060454845,0.48065979697340006,是,是
v0271,零参考,情感强度,语音,-0.013316260650753973,0.04908204434186755,是,是
v0271,零参考,情感强度,视觉,-0.12758393213152885,0.4702581586847324,是,是
v0272,训练均值参考,情感极性,文本,2.5889045223593707,0.6812309102111392,是,是
v0272,训练均值参考,情感极性,语音,-0.058091156184673316,0.015285805583451016,是,是
v0272,训练均值参考,情感极性,视觉,-1.1533376350998878,0.3034832842054097,是,是
v0272,训练均值参考,情感强度,文本,-0.6274316261212031,0.754449751974125,是,是
v0272,训练均值参考,情感强度,语音,-0.07713786015907922,0.09275375521728962,是,是
v0272,训练均值参考,情感强度,视觉,0.1270718847711881,0.1527964928085854,是,是
v0272,零参考,情感极性,文本,2.3507154037555056,0.6395800269348737,是,是
v0272,零参考,情感极性,语音,-0.09528156618277231,0.025924102325707462,是,是
v0272,零参考,情感极性,视觉,-1.2294076780478158,0.3344958707394189,是,是
v0272,零参考,情感强度,文本,-0.42182959740360576,0.5700095711862471,是,是
v0272,零参考,情感强度,语音,-0.07817904589076835,0.10564172049148365,是,是
v0272,零参考,情感强度,视觉,0.24003085556129614,0.3243487083222693,是,是
v0273,训练均值参考,情感极性,文本,0.8401833027601242,0.37491941563589076,是,是
v0273,训练均值参考,情感极性,语音,0.025575652718544006,0.01141275807343751,是,是
v0273,训练均值参考,情感极性,视觉,-1.3752114176750183,0.6136678262906717,是,是
v0273,训练均值参考,情感强度,文本,0.6484639644622803,0.5998051025681435,是,是
v0273,训练均值参考,情感强度,语音,0.008937746286392212,0.008267083634297085,是,是
v0273,训练均值参考,情感强度,视觉,-0.4237227439880371,0.3919278137975595,是,是
v0273,零参考,情感极性,文本,2.2606227348248162,0.6884725050000858,是,是
v0273,零参考,情感极性,语音,0.03616307179133097,0.011013461132250778,是,是
v0273,零参考,情感极性,视觉,-0.9867479850848515,0.30051403386766357,是,是
v0273,零参考,情感强度,文本,0.8665963442375262,0.7358434976511214,是,是
v0273,零参考,情感强度,语音,-3.5601357618968266e-05,3.022979231988272e-05,是,是
v0273,零参考,情感强度,视觉,-0.31105916264156497,0.2641262725565587,是,是
v0274,训练均值参考,情感极性,文本,1.9266643291339276,0.6028592976669781,是,是
v0274,训练均值参考,情感极性,语音,-0.07262893114238977,0.022725819831047902,是,是
v0274,训练均值参考,情感极性,视觉,1.1965840142220259,0.3744148825019739,是,是
v0274,训练均值参考,情感强度,文本,-0.3381343732277552,0.46818232873530263,是,是
v0274,训练均值参考,情感强度,语音,0.05491867413123449,0.07604063585838976,是,是
v0274,训练均值参考,情感强度,视觉,-0.32917492340008414,0.4557770354063077,是,是
v0274,零参考,情感极性,文本,0.49253258015960455,0.33509751201760585,是,是
v0274,零参考,情感极性,语音,-0.12073709163814783,0.08214420861879722,是,是
v0274,零参考,情感极性,视觉,0.8565490003675222,0.5827582793635969,是,是
v0274,零参考,情感强度,文本,-0.129141374801596,0.30445853216299357,是,是
v0274,零参考,情感强度,语音,0.06774813185135524,0.15972028183792927,是,是
v0274,零参考,情感强度,视觉,-0.2272778631498416,0.5358211859990771,是,是
v0275,训练均值参考,情感极性,文本,0.5457346650461355,0.3145413977762217,是,否
v0275,训练均值参考,情感极性,语音,-0.37813304861386615,0.2179419876989756,是,否
v0275,训练均值参考,情感极性,视觉,-0.8111492631336052,0.46751661452480264,是,否
v0275,训练均值参考,情感强度,文本,0.0836977461973826,0.24197649801506424,是,否
v0275,训练均值参考,情感强度,语音,-0.09130950768788655,0.2639826746790623,是,否
v0275,训练均值参考,情感强度,视觉,-0.17088479300340015,0.4940408273058734,是,否
v0275,零参考,情感极性,文本,1.992568405345082,0.6298766081146369,是,否
v0275,零参考,情感极性,语音,-0.5417114160954952,0.1712419751472044,是,否
v0275,零参考,情感极性,视觉,-0.6291467603296041,0.19888141673815862,是,否
v0275,零参考,情感强度,文本,0.3430944600452979,0.63153987530971,是,否
v0275,零参考,情感强度,语音,-0.09381869497398534,0.17269368592476764,是,否
v0275,零参考,情感强度,视觉,-0.10635334874192874,0.19576643876552238,是,否
v0276,训练均值参考,情感极性,文本,1.8852903048197427,0.6326499341673096,是,是
v0276,训练均值参考,情感极性,语音,-0.4397131105264028,0.1475552437286997,是,是
v0276,训练均值参考,情感极性,视觉,-0.6549863119920094,0.21979482210399068,是,是
v0276,训练均值参考,情感强度,文本,0.6853851974010468,0.6992868722853757,是,是
v0276,训练均值参考,情感强度,语音,-0.1508415937423706,0.1539011153124191,是,是
v0276,训练均值参考,情感强度,视觉,-0.14389342069625854,0.14681201240220526,是,是
v0276,零参考,情感极性,文本,3.308454672495524,0.75887664331522,是,是
v0276,零参考,情感极性,语音,-0.5262419482072194,0.12070672345827546,是,是
v0276,零参考,情感极性,视觉,-0.5249772494037945,0.12041663322650453,是,是
v0276,零参考,情感强度,文本,0.9310599789023398,0.8107881365343297,是,是
v0276,零参考,情感强度,语音,-0.13864637538790703,0.12073640676783018,是,是
v0276,零参考,情感强度,视觉,-0.07863306626677513,0.06847545669784008,是,是
v0277,训练均值参考,情感极性,文本,1.7844384697576363,0.7912434608146723,是,是
v0277,训练均值参考,情感极性,语音,-0.04500926534334819,0.019957699569116406,是,是
v0277,训练均值参考,情感极性,视觉,-0.425785398731629,0.18879883961621122,是,是
v0277,训练均值参考,情感强度,文本,0.7190579374631245,0.8993891766005147,是,是
v0277,训练均值参考,情感强度,语音,0.06212647755940755,0.07770706446045092,是,是
v0277,训练均值参考,情感强度,视觉,0.01831146081288656,0.02290375893903434,是,是
v0277,零参考,情感极性,文本,2.9654286056756973,0.94112105698852,是,是
v0277,零参考,情感极性,语音,-0.0793064683675766,0.02516903869925193,是,是
v0277,零参考,情感极性,视觉,-0.10621833801269531,0.03370990431222808,是,是
v0277,零参考,情感强度,文本,0.9989953140417733,0.8902387099988835,是,是
v0277,零参考,情感强度,语音,0.036155405143896736,0.03221931152466219,是,是
v0277,零参考,情感强度,视觉,0.0870149458448092,0.07754197847645407,是,是
v0278,训练均值参考,情感极性,文本,0.5790513368944327,0.410043465825008,是,是
v0278,训练均值参考,情感极性,语音,-0.2605192599197229,0.1844814327250651,是,是
v0278,训练均值参考,情感极性,视觉,-0.5726000269254048,0.4054751014499269,是,是
v0278,训练均值参考,情感强度,文本,0.21844980120658875,0.6006265233403707,是,是
v0278,训练均值参考,情感强度,语音,-0.041792064905166626,0.11490705191105598,是,是
v0278,训练均值参考,情感强度,视觉,-0.10346135497093199,0.28446642474857325,是,是
v0278,零参考,情感极性,文本,1.8397175185382364,0.7453544666357631,是,是
v0278,零参考,情感极性,语音,-0.2369316257536411,0.09599193558969146,是,是
v0278,零参考,情感极性,视觉,-0.3915959671139717,0.15865359777454546,是,是
v0278,零参考,情感强度,文本,0.48585571348667145,0.8418974494646829,是,是
v0278,零参考,情感强度,语音,-0.04068221151828766,0.07049469454632382,是,是
v0278,零参考,情感强度,视觉,-0.050558149814605706,0.08760785598899325,是,是
v0279,训练均值参考,情感极性,文本,1.3153874228398004,0.9193094639457067,是,否
v0279,训练均值参考,情感极性,语音,-0.045268741746743515,0.03163781406610255,是,否
v0279,训练均值参考,情感极性,视觉,-0.07018673916657765,0.0490527219881909,是,否
v0279,训练均值参考,情感强度,文本,0.5193815926710764,0.7115882311261312,是,否
v0279,训练均值参考,情感强度,语音,0.026851008335749306,0.0367877140722798,是,否
v0279,训练均值参考,情感强度,视觉,0.18365804354349768,0.251624054801589,是,否
v0279,零参考,情感极性,文本,2.4499999433755875,0.8685387863938867,是,否
v0279,零参考,情感极性,语音,-0.07736571133136749,0.027426580645412126,是,否
v0279,零参考,情感极性,视觉,0.29346397519111633,0.10403463296070116,是,否
v0279,零参考,情感强度,文本,0.780930370092392,0.7420140329721779,是,否
v0279,零参考,情感强度,语音,0.009616374969482422,0.009137159274307844,是,否
v0279,零参考,情感强度,视觉,0.2619001567363739,0.24884880775351417,是,否
v0280,训练均值参考,情感极性,文本,1.7643923113743463,0.710287295669781,是,否
v0280,训练均值参考,情感极性,语音,0.25329347575704253,0.10196776348800225,是,否
v0280,训练均值参考,情感极性,视觉,-0.46636865412195516,0.1877449408422169,是,否
v0280,训练均值参考,情感强度,文本,-0.44094995843867457,0.6362258881972135,是,否
v0280,训练均值参考,情感强度,语音,-0.02809066946307818,0.040530701471166636,是,否
v0280,训练均值参考,情感强度,视觉,0.22403075856467086,0.32324341033161985,是,否
v0280,零参考,情感极性,文本,0.57599987834692,0.3412884929395374,是,否
v0280,零参考,情感极性,语音,0.3105997592210769,0.18403497590341347,是,否
v0280,零参考,情感极性,视觉,-0.8011217191815375,0.474676531157049,是,否
v0280,零参考,情感强度,文本,-0.17451314317683378,0.35796762823803135,是,否
v0280,零参考,情感强度,语音,-0.03066981087128321,0.06291101779639284,是,否
v0280,零参考,情感强度,视觉,0.282328008984526,0.5791213539655758,是,否
v0281,训练均值参考,情感极性,文本,1.6174833563466864,0.934461568854514,是,是
v0281,训练均值参考,情感极性,语音,-0.013294118146101631,0.00768035259874459,是,是
v0281,训练均值参考,情感极性,视觉,0.10014802341659865,0.05785807854674133,是,是
v0281,训练均值参考,情感强度,文本,0.7132342457771301,0.7280364504806399,是,是
v0281,训练均值参考,情感强度,语音,0.017496943473815918,0.017860068689014984,是,是
v0281,训练均值参考,情感强度,视觉,0.24893712997436523,0.25410348083034506,是,是
v0281,零参考,情感极性,文本,2.745860586563746,0.8657963190148383,是,是
v0281,零参考,情感极性,语音,0.010044674078623455,0.0031671825895061897,是,是
v0281,零参考,情感极性,视觉,0.41558037201563514,0.13103649839565554,是,是
v0281,零参考,情感强度,文本,0.970365618666013,0.7444949171273038,是,是
v0281,零参考,情感强度,语音,0.009628703196843464,0.0073874428882096345,是,是
v0281,零参考,情感强度,视觉,0.32339351375897724,0.2481176399844865,是,是
v0282,训练均值参考,情感极性,文本,1.065849244594574,0.8791583267839082,是,是
v0282,训练均值参考,情感极性,语音,-0.000837676227092742,0.0006909514023042178,是,是
v0282,训练均值参考,情感极性,视觉,-0.14566495269536972,0.12015072181378765,是,是
v0282,训练均值参考,情感强度,文本,0.46949731310208637,0.6836941584178712,是,是
v0282,训练均值参考,情感强度,语音,0.0756732126077016,0.11019729392434147,是,是
v0282,训练均值参考,情感强度,视觉,0.14153610666592914,0.20610854765778733,是,是
v0282,零参考,情感极性,文本,2.1745512684186297,0.9071386110131002,是,是
v0282,零参考,情感极性,语音,-0.005242685476938882,0.002187045433510252,是,是
v0282,零参考,情感极性,视觉,0.2173603971799215,0.09067434355338952,是,是
v0282,零参考,情感强度,文本,0.7440130834778149,0.7361903553558955,是,是
v0282,零参考,情感强度,语音,0.04328831036885579,0.04283316691722464,是,是
v0282,零参考,情感强度,视觉,0.22332456459601718,0.22097647772687978,是,是
v0283,训练均值参考,情感极性,文本,0.47674581035971636,0.5794649781733939,是,是
v0283,训练均值参考,情感极性,语音,-0.0686289556324482,0.08341568066977542,是,是
v0283,训练均值参考,情感极性,视觉,-0.277359701693058,0.3371193411568306,是,是
v0283,训练均值参考,情感强度,文本,0.2010927100976308,0.6778025670079343,是,是
v0283,训练均值参考,情感强度,语音,0.02724876006444295,0.09184459998821368,是,是
v0283,训练均值参考,情感强度,视觉,0.06834184130032857,0.23035283300385198,是,是
v0283,零参考,情感极性,文本,1.6284647819896538,0.9051893686033088,是,是
v0283,零参考,情感极性,语音,-0.10072523231307665,0.05598856693019641,是,是
v0283,零参考,情感极性,视觉,0.06984214236338934,0.03882206446649484,是,是
v0283,零参考,情感强度,文本,0.4789497181773185,0.7581164166297987,是,是
v0283,零参考,情感强度,语音,-0.0058683305978775024,0.009288820090326928,是,是
v0283,零参考,情感强度,视觉,0.14694470912218094,0.2325947632798743,是,是
v0284,训练均值参考,情感极性,文本,0.7057700753211975,0.617391988809433,是,是
v0284,训练均值参考,情感极性,语音,0.06994689255952835,0.06118798829592415,是,是
v0284,训练均值参考,情感极性,视觉,-0.3674304783344269,0.32142002289464283,是,是
v0284,训练均值参考,情感强度,文本,0.2833448449770609,0.6970227490145128,是,是
v0284,训练均值参考,情感强度,语音,0.08183745543162027,0.20131853170619246,是,是
v0284,训练均值参考,情感强度,视觉,0.04132501284281413,0.10165871927929485,是,是
v0284,零参考,情感极性,文本,1.858935624361038,0.9851479641787918,是,是
v0284,零参考,情感极性,语音,0.021976411342620846,0.011646458656458466,是,是
v0284,零参考,情感极性,视觉,-0.006048798561096164,0.0032055771647497115,是,是
v0284,零参考,情感强度,文本,0.5653562620282173,0.7749302738915438,是,是
v0284,零参考,情感强度,语音,0.04344154894351959,0.05954505801404626,是,是
v0284,零参考,情感强度,视觉,0.12075977772474288,0.16552466809440997,是,是
v0285,训练均值参考,情感极性,文本,0.6693903928001721,0.33724967307421905,是,否
v0285,训练均值参考,情感极性,语音,-0.5695152009526888,0.28693094104418865,是,否
v0285,训练均值参考,情感极性,视觉,-0.7459455306331315,0.3758193858815922,是,否
v0285,训练均值参考,情感强度,文本,0.22377046942710874,0.386012645251666,是,否
v0285,训练均值参考,情感强度,语音,-0.15622906386852264,0.26950112927534514,是,否
v0285,训练均值参考,情感强度,视觉,-0.19969771802425385,0.3444862254729888,是,否
v0285,零参考,情感极性,文本,1.9843494997670252,0.6301662538759273,是,否
v0285,零参考,情感极性,语音,-0.679843886444966,0.21589678390413283,是,否
v0285,零参考,情感极性,视觉,-0.4847367374847332,0.15393696221993985,是,否
v0285,零参考,情感强度,文本,0.4610104436675707,0.6297765233106849,是,否
v0285,零参考,情感强度,语音,-0.13728596207996208,0.18754342138163352,是,否
v0285,零参考,情感强度,视觉,-0.13372586977978546,0.18268005530768164,是,否
v0286,训练均值参考,情感极性,文本,2.1533550036450224,0.8633984641755357,是,是
v0286,训练均值参考,情感极性,语音,-0.2745163279275099,0.11006869537188105,是,是
v0286,训练均值参考,情感极性,视觉,0.06617410977681477,0.026532840452583237,是,是
v0286,训练均值参考,情感强度,文本,0.9311984032392502,0.7885279971832295,是,是
v0286,训练均值参考,情感强度,语音,-0.06139986217021942,0.051992690468531874,是,是
v0286,训练均值参考,情感强度,视觉,0.1883343160152435,0.15947931234823856,是,是
v0286,零参考,情感极性,文本,3.4533710901935892,0.8414826819654289,是,是
v0286,零参考,情感极性,语音,-0.34682079652945197,0.08450979822403892,是,是
v0286,零参考,情感极性,视觉,0.3037203674515088,0.07400751981053219,是,是
v0286,零参考,情感强度,文本,1.2097929312537112,0.8128955002170825,是,是
v0286,零参考,情感强度,语音,-0.054349826027949646,0.0365192487692228,是,是
v0286,零参考,情感强度,视觉,0.22410872268180052,0.15058525101369474,是,是
v0287,训练均值参考,情感极性,文本,1.7253916772703328,0.8059023992084874,是,是
v0287,训练均值参考,情感极性,语音,-0.3604742077489694,0.1683716414682559,是,是
v0287,训练均值参考,情感极性,视觉,0.05507783095041911,0.02572595932325671,是,是
v0287,训练均值参考,情感强度,文本,0.5634113152821858,0.7540318147680489,是,是
v0287,训练均值参考,情感强度,语音,-0.1103417674700419,0.14767400105991527,是,是
v0287,训练均值参考,情感强度,视觉,0.07344525059064229,0.09829418417203584,是,是
v0287,零参考,情感极性,文本,2.9654668023188906,0.8194060872283819,是,是
v0287,零参考,情感极性,语音,-0.3667372564474741,0.10133539182145312,是,是
v0287,零参考,情感极性,视觉,0.2868400861819585,0.07925852095016496,是,是
v0287,零参考,情感强度,文本,0.8335387495656807,0.8017182704163771,是,是
v0287,零参考,情感强度,语音,-0.09567646930615106,0.09202400432090388,是,是
v0287,零参考,情感强度,视觉,0.1104751316209634,0.10625772526271894,是,是
v0288,训练均值参考,情感极性,文本,2.3787838978072005,0.9029049443719441,是,是
v0288,训练均值参考,情感极性,语音,-0.20168495054046312,0.07655270376441504,是,是
v0288,训练均值参考,情感极性,视觉,0.05412066479523976,0.02054235186364085,是,是
v0288,训练均值参考,情感强度,文本,1.0448091626167297,0.8906786651508505,是,是
v0288,训练均值参考,情感强度,语音,-0.02870330214500427,0.024468984150086536,是,是
v0288,训练均值参考,情感强度,视觉,0.09953591227531433,0.08485235069906302,是,是
v0288,零参考,情感极性,文本,3.7000420813759165,0.8805446278935382,是,是
v0288,零参考,情感极性,语音,-0.25203255812327063,0.05997929489147468,是,是
v0288,零参考,情感极性,视觉,0.24991804112990693,0.05947607721498717,是,是
v0288,零参考,情感强度,文本,1.3300812362382808,0.8944544907280454,是,是
v0288,零参考,情感强度,语音,-0.024091647317012153,0.016201177450395485,是,是
v0288,零参考,情感强度,视觉,0.13285775917271772,0.08934433182155913,是,是
v0289,训练均值参考,情感极性,文本,1.2873481238881745,0.4392663378895835,是,否
v0289,训练均值参考,情感极性,语音,-0.513622594376405,0.17525726872358316,是,否
v0289,训练均值参考,情感极性,视觉,-1.1297071253259976,0.3854763933868333,是,否
v0289,训练均值参考,情感强度,文本,0.3361912916103999,0.41675704353715964,是,否
v0289,训练均值参考,情感强度,语音,-0.1304762636621793,0.1617439334467956,是,否
v0289,训练均值参考,情感强度,视觉,-0.34001657118399936,0.4214990230160448,是,否
v0289,零参考,情感极性,文本,2.4700670000165696,0.6449788377310703,是,否
v0289,零参考,情感极性,语音,-0.5326176285743713,0.13907602467085814,是,否
v0289,零参考,情感极性,视觉,-0.8270022626966238,0.2159451375980715,是,否
v0289,零参考,情感强度,文本,0.5511303556462128,0.6031926088359278,是,否
v0289,零参考,情感强度,语音,-0.1070657360057036,0.11717964716803904,是,否
v0289,零参考,情感强度,视觉,-0.2554927493135134,0.2796277439960331,是,否
v0290,训练均值参考,情感极性,文本,0.7546422630548476,0.30961331557741717,是,是
v0290,训练均值参考,情感极性,语音,-0.5066480040550232,0.2078666621866041,是,是
v0290,训练均值参考,情感极性,视觉,-1.1760799139738083,0.4825200222359787,是,是
v0290,训练均值参考,情感强度,文本,-0.12190211315949756,0.36136459768993867,是,是
v0290,训练均值参考,情感强度,语音,-0.05908965071042378,0.1751643782308597,是,是
v0290,训练均值参考,情感强度,视觉,-0.15634651978810626,0.46347102407920165,是,是
v0290,零参考,情感极性,文本,1.9970352568974095,0.5778777863458241,是,是
v0290,零参考,情感极性,语音,-0.5509396648655336,0.1594242229039225,是,是
v0290,零参考,情感极性,视觉,-0.9078340816001097,0.2626979907502534,是,是
v0290,零参考,情感强度,文本,0.08894440345466136,0.46216449598869697,是,是
v0290,零参考,情感强度,语音,-0.03971308842301369,0.20635339360651805,是,是
v0290,零参考,情感强度,视觉,-0.06379433907568455,0.33148211040478487,是,是
v0291,训练均值参考,情感极性,文本,2.620911060522,0.7460378487428435,是,是
v0291,训练均值参考,情感极性,语音,-0.15196083982785544,0.04325539303716387,是,是
v0291,训练均值参考,情感极性,视觉,-0.7402354640265305,0.2107067582199926,是,是
v0291,训练均值参考,情感强度,文本,-0.6420852417747179,0.716826653575613,是,是
v0291,训练均值参考,情感强度,语音,-0.11206582436958948,0.12511075576353212,是,是
v0291,训练均值参考,情感强度,视觉,0.14158186813195545,0.15806259066085498,是,是
v0291,零参考,情感极性,文本,2.3461804116765657,0.7071189091549063,是,是
v0291,零参考,情感极性,语音,-0.1600879629453023,0.04824915644309737,是,是
v0291,零参考,情感极性,视觉,-0.8116748755176861,0.2446319344019964,是,是
v0291,零参考,情感强度,文本,-0.40411656536161894,0.578192083132855,是,是
v0291,零参考,情感强度,语音,-0.09041705541312695,0.1293647182546796,是,是
v0291,零参考,情感强度,视觉,0.20439771562814713,0.2924431986124654,是,是
v0292,训练均值参考,情感极性,文本,3.0024679328004518,0.6601696114237116,是,否
v0292,训练均值参考,情感极性,语音,-0.462064338227113,0.10159670026371638,是,否
v0292,训练均值参考,情感极性,视觉,-1.083492783208688,0.23823368831257205,是,否
v0292,训练均值参考,情感强度,文本,-0.5984302355597416,0.6150125276790118,是,否
v0292,训练均值参考,情感强度,语音,-0.14799470330278078,0.15209558466947176,是,否
v0292,训练均值参考,情感强度,视觉,0.22661253375311693,0.2328918876515164,是,否
v0292,零参考,情感极性,文本,2.789167468746503,0.6231888551366265,是,否
v0292,零参考,情感极性,语音,-0.49985356132189435,0.11168320730348666,是,否
v0292,零参考,情感极性,视觉,-1.1866165647904077,0.26512793755988695,是,否
v0292,零参考,情感强度,文本,-0.38474633917212486,0.5051621131473369,是,否
v0292,零参考,情感强度,语音,-0.09482459165155888,0.12450226609071093,是,否
v0292,零参考,情感强度,视觉,0.28205851279199123,0.37033562076195214,是,否
v0293,训练均值参考,情感极性,文本,1.2486822027713058,0.5609860775357743,是,否
v0293,训练均值参考,情感极性,语音,0.4108882546424865,0.18459668101766413,是,否
v0293,训练均值参考,情感极性,视觉,0.5662997607141732,0.2544172414465615,是,否
v0293,训练均值参考,情感强度,文本,-0.1958290177086989,0.4985983004956875,是,否
v0293,训练均值参考,情感强度,语音,-0.06756554233531156,0.1720279505796618,是,否
v0293,训练均值参考,情感强度,视觉,-0.1293645358333985,0.32937374892465066,是,否
v0293,零参考,情感极性,文本,0.06288834537069003,0.0826152363878832,是,否
v0293,零参考,情感极性,语音,0.4866518570731083,0.6393053907478892,是,否
v0293,零参考,情感极性,视觉,0.21167949649194875,0.2780793728642277,是,否
v0293,零参考,情感强度,文本,0.015398808444539704,0.14959411085939284,是,否
v0293,零参考,情感强度,语音,-0.048135285576184586,0.4676176908535816,是,否
v0293,零参考,情感强度,视觉,-0.03940316972633203,0.38278819828702537,是,否
v0294,训练均值参考,情感极性,文本,4.482217751443385,0.8979594173471386,是,是
v0294,训练均值参考,情感极性,语音,-0.24770972877740857,0.04962572013654412,是,是
v0294,训练均值参考,情感极性,视觉,-0.26163189858198166,0.0524148625163173,是,是
v0294,训练均值参考,情感强度,文本,-1.6210405578215916,0.8916681876675663,是,是
v0294,训练均值参考,情感强度,语音,-0.17033792783816654,0.09369593541238391,是,是
v0294,训练均值参考,情感强度,视觉,-0.026607823868592576,0.014635876920049843,是,是
v0294,零参考,情感极性,文本,4.210754916071892,0.876677910592193,是,是
v0294,零参考,情感极性,语音,-0.2721416652202606,0.056659813075263014,是,是
v0294,零参考,情感极性,视觉,-0.32018430531024933,0.06666227633254392,是,是
v0294,零参考,情感强度,文本,-1.3934487830847502,0.883758392390932,是,是
v0294,零参考,情感强度,语音,-0.14257471077144146,0.09042427588047756,是,是
v0294,零参考,情感强度,视觉,0.040706973522901535,0.025817331728590465,是,是
v0295,训练均值参考,情感极性,文本,-1.6137037904312213,0.6855445516852112,是,否
v0295,训练均值参考,情感极性,语音,-0.39774113365759445,0.16897107683387133,是,否
v0295,训练均值参考,情感极性,视觉,-0.34245576181759435,0.14548437148091736,是,否
v0295,训练均值参考,情感强度,文本,-0.20171131069461504,0.38811896624988784,是,否
v0295,训练均值参考,情感强度,语音,-0.18873376275102297,0.36314846521561056,是,否
v0295,训练均值参考,情感强度,视觉,-0.12927008668581644,0.24873256853450154,是,否
v0295,零参考,情感极性,文本,-0.05415160208940506,0.1010171563514231,是,否
v0295,零参考,情感极性,语音,-0.43713501188904047,0.815453913436775,是,否
v0295,零参考,情感极性,视觉,-0.044776803813874715,0.08352893021180188,是,否
v0295,零参考,情感强度,文本,0.009173250446716935,0.04218707288760819,是,否
v0295,零参考,情感强度,语音,-0.15202557047208148,0.6991538996497456,是,否
v0295,零参考,情感强度,视觉,-0.05624339108665784,0.25865902746264613,是,否
v0296,训练均值参考,情感极性,文本,3.480763840178648,0.8340653130780047,是,是
v0296,训练均值参考,情感极性,语音,-0.04311045755942662,0.010330185824785438,是,是
v0296,训练均值参考,情感极性,视觉,-0.6493766282995541,0.1556045010972098,是,是
v0296,训练均值参考,情感强度,文本,-0.9347311009963353,0.7025607806686072,是,是
v0296,训练均值参考,情感强度,语音,-0.19677535941203433,0.1478999147214709,是,是
v0296,训练均值参考,情感强度,视觉,0.19895650694767633,0.1495393046099219,是,是
v0296,零参考,情感极性,文本,3.1837024365862208,0.8094328560810947,是,是
v0296,零参考,情感极性,语音,-0.021829525629679367,0.005549995839521135,是,是
v0296,零参考,情感极性,视觉,-0.7277188474933307,0.18501714807938424,是,是
v0296,零参考,情感强度,文本,-0.7026420229425032,0.6159713667776404,是,是
v0296,零参考,情感强度,语音,-0.17290832040210563,0.151580137492042,是,是
v0296,零参考,情感强度,视觉,0.26515531415740645,0.23244849573031773,是,是
v0297,训练均值参考,情感极性,文本,0.9760140180587767,0.4268300507976058,是,否
v0297,训练均值参考,情感极性,语音,-0.697969276458025,0.3052356382322023,是,否
v0297,训练均值参考,情感极性,视觉,-0.6126739270985126,0.2679343109701919,是,否
v0297,训练均值参考,情感强度,文本,0.32202022771040595,0.48910201434068373,是,否
v0297,训练均值参考,情感强度,语音,-0.1712278698881467,0.2600702964189935,是,否
v0297,训练均值参考,情感强度,视觉,-0.16514262308677036,0.2508276892403228,是,否
v0297,零参考,情感极性,文本,2.3622767192622023,0.6572638866595415,是,否
v0297,零参考,情感极性,语音,-0.8582007928440967,0.23877998036368167,是,否
v0297,零参考,情感极性,视觉,-0.37362946259478724,0.10395613297677685,是,否
v0297,零参考,情感强度,文本,0.5676474266995986,0.6851817666908971,是,否
v0297,零参考,情感强度,语音,-0.15230675848821795,0.18384266174987451,是,否
v0297,零参考,情感强度,视觉,-0.10850835467378298,0.13097557155922834,是,否
v0298,训练均值参考,情感极性,文本,2.896243574718634,0.7206164637045916,是,是
v0298,训练均值参考,情感极性,语音,0.6483378584186236,0.1613134126209757,是,是
v0298,训练均值参考,情感极性,视觉,0.47453791896502173,0.11807012367443263,是,是
v0298,训练均值参考,情感强度,文本,-0.8361541032791138,0.6093684713451467,是,是
v0298,训练均值参考,情感强度,语音,-0.3321092203259468,0.24203300218942536,是,是
v0298,训练均值参考,情感强度,视觉,-0.20390170067548752,0.14859852646542787,是,是
v0298,零参考,情感极性,文本,1.2960222034404674,0.5898434813421424,是,是
v0298,零参考,情感极性,语音,0.7076132806638876,0.32204778575762594,是,是
v0298,零参考,情感极性,视觉,0.19359521257380646,0.08810873290023186,是,是
v0298,零参考,情感强度,文本,-0.5923582532753546,0.564850077053277,是,是
v0298,零参考,情感强度,语音,-0.3087420978893836,0.2944046053517939,是,是
v0298,零参考,情感强度,视觉,-0.14759960894783336,0.14074531759492911,是,是
v0299,训练均值参考,情感极性,文本,-0.11555717637141544,0.09264982266355212,是,否
v0299,训练均值参考,情感极性,语音,-0.11754737546046573,0.0942454967571542,是,否
v0299,训练均值参考,情感极性,视觉,-1.0141420488556225,0.8131046805792936,是,否
v0299,训练均值参考,情感强度,文本,-0.09930333495140076,0.3340963317120829,是,否
v0299,训练均值参考,情感强度,语音,-0.0018062591552734377,0.006076981787102698,是,否
v0299,训练均值参考,情感强度,视觉,-0.19612005352973935,0.6598266865008143,是,否
v0299,零参考,情感极性,文本,1.1452052487681308,0.5527200213463885,是,否
v0299,零参考,情感极性,语音,-0.13268420596917468,0.06403849199477377,是,否
v0299,零参考,情感极性,视觉,-0.7940551185359557,0.3832414866588377,是,否
v0299,零参考,情感强度,文本,0.13476432549456754,0.5505937755346696,是,否
v0299,零参考,情感强度,语音,-0.0033896726866563163,0.013848863009729392,是,否
v0299,零参考,情感强度,视觉,-0.10660780531664689,0.4355573614556011,是,否
v0300,训练均值参考,情感极性,文本,5.05177288254102,0.8702043026484519,是,是
v0300,训练均值参考,情感极性,语音,-0.09032840530077615,0.015559719087088308,是,是
v0300,训练均值参考,情感极性,视觉,0.6631709535916647,0.11423597826445979,是,是
v0300,训练均值参考,情感强度,文本,-1.8792803809046743,0.8610038439889333,是,是
v0300,训练均值参考,情感强度,语音,0.012995332479476927,0.005953891357795975,是,是
v0300,训练均值参考,情感强度,视觉,-0.29038629680871964,0.13304226465327063,是,是
v0300,零参考,情感极性,文本,3.540089398001631,0.8612338262570483,是,是
v0300,零参考,情感极性,语音,-0.15396289030710855,0.03745613011796722,是,是
v0300,零参考,情感极性,视觉,0.416433493917187,0.10131004362498446,是,是
v0300,零参考,情感强度,文本,-1.6359958096096912,0.8924766331462386,是,是
v0300,零参考,情感强度,语音,-0.0009139130512873343,0.0004985624279782961,是,是
v0300,零参考,情感强度,视觉,-0.19618679645160833,0.10702480442578306,是,是
v0301,训练均值参考,情感极性,文本,5.025501638650894,0.9365280953619559,是,是
v0301,训练均值参考,情感极性,语音,-0.00954851508140564,0.001779414929237662,是,是
v0301,训练均值参考,情感极性,视觉,0.3310479521751404,0.06169248970880642,是,是
v0301,训练均值参考,情感强度,文本,-1.7774729579687116,0.8937688383187617,是,是
v0301,训练均值参考,情感强度,语音,-0.0031299740076065055,0.0015738485472900391,是,是
v0301,训练均值参考,情感强度,视觉,-0.20813608169555664,0.10465731313394817,是,是
v0301,零参考,情感极性,文本,3.4848495200276375,0.9458626274654505,是,是
v0301,零参考,情感极性,语音,-0.07991622388362885,0.021690970891359143,是,是
v0301,零参考,情感极性,视觉,0.11954254657030106,0.032446401643190376,是,是
v0301,零参考,情感强度,文本,-1.5218966454267502,0.9115779495626003,是,是
v0301,零参考,情感强度,语音,0.0023313984274864197,0.001396449229668685,是,是
v0301,零参考,情感强度,视觉,-0.14529088884592056,0.087025601207731,是,是
v0302,训练均值参考,情感极性,文本,5.024423648913701,0.9070361852340623,是,是
v0302,训练均值参考,情感极性,语音,-0.030510465304056794,0.005507914537638786,是,是
v0302,训练均值参考,情感极性,视觉,0.4844519992669423,0.0874559002282989,是,是
v0302,训练均值参考,情感强度,文本,-1.9025817612806954,0.8988548344063318,是,是
v0302,训练均值参考,情感强度,语音,0.009386156996091206,0.00443439160625312,是,是
v0302,训练均值参考,情感强度,视觉,-0.20470508436361945,0.09671077398741502,是,是
v0302,零参考,情感极性,文本,3.4761687517166138,0.8901849966037146,是,是
v0302,零参考,情感极性,语音,-0.12434306740760803,0.031842048227168636,是,是
v0302,零参考,情感极性,视觉,0.3044840693473816,0.07797295516911676,是,是
v0302,零参考,情感强度,文本,-1.6511476412415504,0.9178703134947227,是,是
v0302,零参考,情感强度,语音,0.012282021343708037,0.006827555876603146,是,是
v0302,零参考,情感强度,视觉,-0.1354602426290512,0.07530213062867415,是,是
v0303,训练均值参考,情感极性,文本,2.5374788120388985,0.838872356133929,是,是
v0303,训练均值参考,情感极性,语音,-0.22881943732500074,0.07564607026760889,是,是
v0303,训练均值参考,情感极性,视觉,-0.25857054442167277,0.08548157359846213,是,是
v0303,训练均值参考,情感强度,文本,0.8968919068574905,0.8396127810460712,是,是
v0303,训练均值参考,情感强度,语音,-0.0574335753917694,0.053765636183586187,是,是
v0303,训练均值参考,情感强度,视觉,-0.11389540135860443,0.10662158277034262,是,是
v0303,零参考,情感极性,文本,3.8813704811036587,0.9142749245541455,是,是
v0303,零参考,情感极性,语音,-0.305032005533576,0.07185171196708595,是,是
v0303,零参考,情感极性,视觉,-0.05889657698571682,0.013873363478768512,是,是
v0303,零参考,情感强度,文本,1.1364150612304607,0.9289652082152677,是,是
v0303,零参考,情感强度,语音,-0.046288709466656044,0.03783881619902942,是,是
v0303,零参考,情感强度,视觉,-0.04060906295975049,0.03319597558570298,是,是
v0304,训练均值参考,情感极性,文本,0.9876463090380032,0.4922574757667664,是,是
v0304,训练均值参考,情感极性,语音,-0.3673161442081133,0.18307577955957302,是,是
v0304,训练均值参考,情感极性,视觉,-0.6513987655440966,0.3246667446736606,是,是
v0304,训练均值参考,情感强度,文本,0.1716881344715754,0.3932668441249447,是,是
v0304,训练均值参考,情感强度,语音,-0.09460642685492833,0.21670438110174012,是,是
v0304,训练均值参考,情感强度,视觉,-0.17027449359496433,0.39002877477331516,是,是
v0304,零参考,情感极性,文本,2.2907902486622334,0.7279994835179365,是,是
v0304,零参考,情感极性,语音,-0.46461706422269344,0.14765253300046366,是,是
v0304,零参考,情感极性,视觉,-0.39128482155501837,0.12434798348159981,是,是
v0304,零参考,情感强度,文本,0.4241289229442676,0.6850173322337583,是,是
v0304,零参考,情感强度,语音,-0.07661618354419866,0.12374400994170232,是,是
v0304,零参考,情感强度,视觉,-0.11840553830067316,0.1912386578245394,是,是
v0305,训练均值参考,情感极性,文本,1.2823366882900396,0.7236606067322181,是,是
v0305,训练均值参考,情感极性,语音,0.1304809662202994,0.07363427720991093,是,是
v0305,训练均值参考,情感极性,视觉,0.359196292857329,0.20270511605787084,是,是
v0305,训练均值参考,情感强度,文本,-0.44561370834708214,0.7452198386805222,是,是
v0305,训练均值参考,情感强度,语音,-0.039257388561964035,0.06565189585321018,是,是
v0305,训练均值参考,情感强度,视觉,0.11309165880084036,0.18912826546626763,是,是
v0305,零参考,情感极性,文本,-0.10377803569038709,0.20200859060232934,是,是
v0305,零参考,情感极性,语音,0.19450697178641954,0.3786165248890065,是,是
v0305,零参考,情感极性,视觉,0.2154457966486613,0.41937488450866417,是,是
v0305,零参考,情感强度,文本,-0.15090949026246867,0.4312879950094985,是,是
v0305,零参考,情感强度,语音,-0.04885487755139669,0.13962357270526607,是,是
v0305,零参考,情感强度,视觉,0.15013985397915044,0.42908843228523535,是,是
v0306,训练均值参考,情感极性,文本,3.325342944512764,0.8741303536478724,是,否
v0306,训练均值参考,情感极性,语音,-0.3590706375737985,0.09438862356283707,是,否
v0306,训练均值参考,情感极性,视觉,-0.1197592516740163,0.031481022789290415,是,否
v0306,训练均值参考,情感强度,文本,-0.9256212910016376,0.8405353500292627,是,否
v0306,训练均值参考,情感强度,语音,-0.0982380782564481,0.08920773354741213,是,否
v0306,训练均值参考,情感强度,视觉,0.07736890266338983,0.07025691642332509,是,否
v0306,零参考,情感极性,文本,3.0290632198254266,0.8493832592929187,是,否
v0306,零参考,情感极性,语音,-0.4259596814711888,0.11944386640970259,是,否
v0306,零参考,情感极性,视觉,-0.11116843422253928,0.031172874297378583,是,否
v0306,零参考,情感强度,文本,-0.6738307364284992,0.7708497429529354,是,否
v0306,零参考,情感强度,语音,-0.07504788227379322,0.08585337182233782,是,否
v0306,零参考,情感强度,视觉,0.12526156567037106,0.14329688522472678,是,否
v0307,训练均值参考,情感极性,文本,1.9570787573854127,0.537762602118188,是,是
v0307,训练均值参考,情感极性,语音,-0.553112951417764,0.15198338794349875,是,是
v0307,训练均值参考,情感极性,视觉,-1.129107025762399,0.31025400993831326,是,是
v0307,训练均值参考,情感强度,文本,0.631680853664875,0.5573965293672962,是,是
v0307,训练均值参考,情感强度,语音,-0.14266961067914963,0.12589196803633196,是,是
v0307,训练均值参考,情感强度,视觉,-0.358919695019722,0.3167115025963719,是,是
v0307,零参考,情感极性,文本,3.21895287806789,0.6853767311024035,是,是
v0307,零参考,情感极性,语音,-0.6056377546240885,0.12895187976333675,是,是
v0307,零参考,情感极性,视觉,-0.8720276386787493,0.18567138913425987,是,是
v0307,零参考,情感强度,文本,0.8542163899789252,0.6803968826917278,是,是
v0307,零参考,情感强度,语音,-0.12202073944111665,0.09719145138566543,是,是
v0307,零参考,情感强度,视觉,-0.27923068900903064,0.2224116659226066,是,是
v0308,训练均值参考,情感极性,文本,-3.4431483248869577,0.7105514529364557,是,是
v0308,训练均值参考,情感极性,语音,0.24212998648484546,0.049967587063487834,是,是
v0308,训练均值参考,情感极性,视觉,1.1604627122481663,0.23948096000005642,是,是
v0308,训练均值参考,情感强度,文本,-0.6722498163580893,0.5303979801153199,是,是
v0308,训练均值参考,情感强度,语音,0.10393255949020386,0.08200168788511132,是,是
v0308,训练均值参考,情感强度,视觉,0.4912617728114128,0.3876003319995687,是,是
v0308,零参考,情感极性,文本,-2.0975850597023964,0.5280328587254298,是,是
v0308,零参考,情感极性,语音,0.33117642998695374,0.08336826974411422,是,是
v0308,零参考,情感极性,视觉,1.5436902716755865,0.3885988715304559,是,是
v0308,零参考,情感强度,文本,-0.41815209264556563,0.3872251372051073,是,是
v0308,零参考,情感强度,语音,0.11944707234700519,0.11061264499642809,是,是
v0308,零参考,情感强度,视觉,0.5422689852615197,0.5021622177984646,是,是
v0309,训练均值参考,情感极性,文本,3.0256323814392085,0.7276745431017754,是,否
v0309,训练均值参考,情感极性,语音,-0.5312548577785492,0.12776854130597282,是,否
v0309,训练均值参考,情感极性,视觉,-0.6010600328445435,0.14455691559225173,是,否
v0309,训练均值参考,情感强度,文本,-0.7250321495036284,0.7555319272513212,是,否
v0309,训练均值参考,情感强度,语音,0.0821768951912721,0.08563381367556988,是,否
v0309,训练均值参考,情感强度,视觉,0.15242233996589977,0.1588342590731089,是,否
v0309,零参考,情感极性,文本,2.863060541450977,0.6837167202406568,是,否
v0309,零参考,情感极性,语音,-0.6360972449183464,0.1519039907655185,是,否
v0309,零参考,情感极性,视觉,-0.6883374974131584,0.16437928899382465,是,否
v0309,零参考,情感强度,文本,-0.46093841269612307,0.6109237432828906,是,否
v0309,零参考,情感强度,语音,0.09410015866160393,0.1247195277928819,是,否
v0309,零参考,情感强度,视觉,0.1994556151330471,0.26435672892422746,是,否
v0310,训练均值参考,情感极性,文本,2.245902221649885,0.8637349979286857,是,是
v0310,训练均值参考,情感极性,语音,-0.22865043953061104,0.08793498889247403,是,是
v0310,训练均值参考,情感极性,视觉,0.1256687343120575,0.048330013178840246,是,是
v0310,训练均值参考,情感强度,文本,0.8971971025069554,0.7875362473195461,是,是
v0310,训练均值参考,情感强度,语音,-0.06412066022555032,0.056283445397428834,是,是
v0310,训练均值参考,情感强度,视觉,0.1779277076323827,0.15618030728302507,是,是
v0310,零参考,情感极性,文本,3.5255238811175027,0.8516828394302705,是,是
v0310,零参考,情感极性,语音,-0.2653600176175435,0.06410467802706782,是,是
v0310,零参考,情感极性,视觉,0.34859586755434663,0.08421248254266164,是,是
v0310,零参考,情感强度,文本,1.1752632210652032,0.8109452844935617,是,是
v0310,零参考,情感强度,语音,-0.05804593612750371,0.04005237068845709,是,是
v0310,零参考,情感强度,视觉,0.21594178924957907,0.1490023448179812,是,是
v0311,训练均值参考,情感极性,文本,4.149792379389206,0.8156248567339247,是,是
v0311,训练均值参考,情感极性,语音,-0.2949296397467454,0.057967224182052524,是,是
v0311,训练均值参考,情感极性,视觉,-0.6431469259162743,0.12640791908402282,是,是
v0311,训练均值参考,情感强度,文本,-0.9777064224084218,0.6951205019124084,是,是
v0311,训练均值参考,情感强度,语音,0.10523533324400583,0.07481922588101307,是,是
v0311,训练均值参考,情感强度,视觉,0.3235862056414286,0.2300602722065786,是,是
v0311,零参考,情感极性,文本,2.786211360245943,0.6664178674156302,是,是
v0311,零参考,情感极性,语音,-0.39956675097346306,0.09557007263455515,是,是
v0311,零参考,情感极性,视觉,-0.9950992278754711,0.23801205994981456,是,是
v0311,零参考,情感强度,文本,-0.7172962476809819,0.5937845493060101,是,是
v0311,零参考,情感强度,语音,0.11282565693060556,0.09339813510426984,是,是
v0311,零参考,情感强度,视觉,0.377885694305102,0.31281731558972004,是,是
v0312,训练均值参考,情感极性,文本,-1.3108322086433568,0.8172368681546563,是,否
v0312,训练均值参考,情感极性,语音,0.21820105736454326,0.13603720413094503,是,否
v0312,训练均值参考,情感极性,视觉,0.07494748880465825,0.04672592771439869,是,否
v0312,训练均值参考,情感强度,文本,-0.262874078626434,0.5085592140353294,是,否
v0312,训练均值参考,情感强度,语音,0.030170464267333347,0.05836812695663457,是,否
v0312,训练均值参考,情感强度,视觉,-0.2238551049182812,0.433072659008036,是,否
v0312,零参考,情感极性,文本,-1.017539740850528,0.7420192563736032,是,否
v0312,零参考,情感极性,语音,0.3091521623233954,0.22544265190247215,是,否
v0312,零参考,情感极性,视觉,0.04461986819903055,0.03253809172392449,是,否
v0312,零参考,情感强度,文本,-0.02217705671985944,0.16459624232299092,是,否
v0312,零参考,情感强度,语音,-0.004371107866366703,0.032441993483659434,是,否
v0312,零参考,情感强度,视觉,-0.10818794121344882,0.8029617641933497,是,否
v0313,训练均值参考,情感极性,文本,1.7658401653170583,0.7866834083845136,是,是
v0313,训练均值参考,情感极性,语音,-0.25814175978302956,0.11500239003569587,是,是
v0313,训练均值参考,情感极性,视觉,-0.22068237885832787,0.09831420157979051,是,是
v0313,训练均值参考,情感强度,文本,-0.4591038798292478,0.7717882648743085,是,是
v0313,训练均值参考,情感强度,语音,0.04630745450655619,0.07784632527534599,是,是
v0313,训练均值参考,情感强度,视觉,-0.08944596101840338,0.15036540985034544,是,是
v0313,零参考,情感极性,文本,1.5102498717606068,0.7234703849875471,是,是
v0313,零参考,情感极性,语音,-0.36817125603556633,0.17636882831506803,是,是
v0313,零参考,情感极性,视觉,-0.20908639580011368,0.10016078669738482,是,是
v0313,零参考,情感强度,文本,-0.21416222117841244,0.8632839082271597,是,是
v0313,零参考,情感强度,语音,0.030433714389801025,0.12267773352242806,是,是
v0313,零参考,情感强度,视觉,0.003482615575194359,0.014038358250412178,是,是
v0314,训练均值参考,情感极性,文本,-1.4090040754526854,0.6114997399292331,是,否
v0314,训练均值参考,情感极性,语音,0.19416415505111217,0.08426613690183142,是,否
v0314,训练均值参考,情感极性,视觉,0.7010094877332449,0.3042341231689354,是,否
v0314,训练均值参考,情感强度,文本,-0.37871269447108113,0.8286503968242378,是,否
v0314,训练均值参考,情感强度,语音,0.013020406166712442,0.028489577704617727,是,否
v0314,训练均值参考,情感强度,视觉,-0.06529038709898789,0.1428600254711445,是,否
v0314,零参考,情感极性,文本,-1.2380446760604777,0.5344525936834227,是,否
v0314,零参考,情感极性,语音,0.2924905152370532,0.126265487440784,是,否
v0314,零参考,情感极性,视觉,0.785937196885546,0.33928191887579334,是,否
v0314,零参考,情感强度,文本,-0.12103492704530557,0.7364288181186116,是,否
v0314,零参考,情感强度,语音,-0.015483352666099867,0.09420741089174581,是,否
v0314,零参考,情感强度,视觉,0.027835591385761898,0.16936377098964267,是,否
v0315,训练均值参考,情感极性,文本,-1.8240071485439935,0.6887708555372909,是,否
v0315,训练均值参考,情感极性,语音,0.236049418648084,0.08913559366316243,是,否
v0315,训练均值参考,情感极性,视觉,0.5881494854887326,0.22209355079954674,是,否
v0315,训练均值参考,情感强度,文本,-0.4068294049551089,0.8587518218105838,是,否
v0315,训练均值参考,情感强度,语音,0.008456307152907053,0.01784991223569522,是,否
v0315,训练均值参考,情感强度,视觉,-0.058459314828117684,0.12339826595372089,是,否
v0315,零参考,情感极性,文本,-1.6187979280948637,0.6250205682730193,是,否
v0315,零参考,情感极性,语音,0.3361839056015014,0.12980116423214255,是,否
v0315,零参考,情感极性,视觉,0.6350096166133881,0.24517826749483798,是,否
v0315,零参考,情感强度,文本,-0.1777519198755423,0.816945245694916,是,否
v0315,零参考,情感强度,语音,0.00030527388056119254,0.0014030343274712435,是,否
v0315,零参考,情感强度,视觉,0.03952399765451749,0.18165171997761276,是,否
v0316,训练均值参考,情感极性,文本,2.516355315844218,0.9223314328622957,是,否
v0316,训练均值参考,情感极性,语音,0.1262914246569077,0.046290184032674,是,否
v0316,训练均值参考,情感极性,视觉,0.08560822966198126,0.031378383105030404,是,否
v0316,训练均值参考,情感强度,文本,-0.41024383778373397,0.8502354635279,是,否
v0316,训练均值参考,情感强度,语音,-0.053749321649471916,0.11139613858390274,是,否
v0316,训练均值参考,情感强度,视觉,0.018512987842162446,0.03836839788819727,是,否
v0316,零参考,情感极性,文本,0.8744099245717127,0.6553341966816796,是,否
v0316,零参考,情感极性,语音,0.24794702356060344,0.18582607417715263,是,否
v0316,零参考,情感极性,视觉,-0.2119392460832993,0.15883972914116773,是,否
v0316,零参考,情感强度,文本,-0.14341507914165655,0.37938553885957277,是,否
v0316,零参考,情感强度,语音,-0.1080249628672997,0.28576568791078977,是,否
v0316,零参考,情感强度,视觉,0.12657931943734485,0.3348487732296375,是,否
v0317,训练均值参考,情感极性,文本,1.111224749435981,0.5325903764627693,是,是
v0317,训练均值参考,情感极性,语音,-0.039979125062624604,0.01916128782999362,是,是
v0317,训练均值参考,情感极性,视觉,-0.9352490517000357,0.44824833570723704,是,是
v0317,训练均值参考,情感强度,文本,0.2944907968242963,0.5343155847173603,是,是
v0317,训练均值参考,情感强度,语音,0.02584571888049443,0.04689372484638731,是,是
v0317,训练均值参考,情感强度,视觉,-0.23081865410010016,0.4187906904362524,是,是
v0317,零参考,情感极性,文本,2.449359980722268,0.7431882771418505,是,是
v0317,零参考,情感极性,语音,-0.033590356508890785,0.010192033583835117,是,是
v0317,零参考,情感极性,视觉,-0.8127959171930949,0.24661968927431438,是,是
v0317,零参考,情感强度,文本,0.5545016862452029,0.7612058383450034,是,是
v0317,零参考,情感强度,语音,0.016243834048509598,0.02229912301721126,是,是
v0317,零参考,情感强度,视觉,-0.15770617872476578,0.21649503863778527,是,是
v0318,训练均值参考,情感极性,文本,0.17249931891759235,0.3345413186637623,是,是
v0318,训练均值参考,情感极性,语音,-0.10796607906619707,0.20938699751630138,是,是
v0318,训练均值参考,情感极性,视觉,-0.23516394073764482,0.45607168381993635,是,是
v0318,训练均值参考,情感强度,文本,0.01595279574394226,0.4896398365937144,是,是
v0318,训练均值参考,情感强度,语音,-0.0024511218070983887,0.07523238561834424,是,是
v0318,训练均值参考,情感强度,视觉,0.014176756143569946,0.43512777778794137,是,是
v0318,零参考,情感极性,文本,1.4927426675955453,0.8834431316087856,是,是
v0318,零参考,情感极性,语音,-0.14762407665451366,0.08736768862552219,是,是
v0318,零参考,情感极性,视觉,-0.0493205872674783,0.029189179765692293,是,是
v0318,零参考,情感强度,文本,0.30789662028352416,0.8214864952796295,是,是
v0318,零参考,情感强度,语音,-0.012126197417577108,0.032353415924024555,是,是
v0318,零参考,情感强度,视觉,0.05478142077724139,0.14616008879634595,是,是
v0319,训练均值参考,情感极性,文本,1.4187641081710654,0.8706558138085243,是,是
v0319,训练均值参考,情感极性,语音,-0.05526659886042277,0.03391556449033659,是,是
v0319,训练均值参考,情感极性,视觉,-0.15550427759687105,0.095428621701139,是,是
v0319,训练均值参考,情感强度,文本,0.5563039282957712,0.8282290497242515,是,是
v0319,训练均值参考,情感强度,语音,0.0273669163386027,0.040744050077879526,是,是
v0319,训练均值参考,情感强度,视觉,0.0880079964796702,0.13102690019786906,是,是
v0319,零参考,情感极性,文本,2.7337616086006165,0.9666229888777649,是,是
v0319,零参考,情感极性,语音,-0.076998770236969,0.027225776085307803,是,是
v0319,零参考,情感极性,视觉,0.017396658658981323,0.006151235036927273,是,是
v0319,零参考,情感强度,文本,0.8518663669625917,0.8568057679376501,是,是
v0319,零参考,情感强度,语音,0.01780614505211512,0.017909390929219116,是,是
v0319,零参考,情感强度,视觉,0.12456258634726206,0.12528484113313093,是,是
v0320,训练均值参考,情感极性,文本,1.1369092588623364,0.5564374411555998,是,是
v0320,训练均值参考,情感极性,语音,-0.11742478857437769,0.057471208342473115,是,是
v0320,训练均值参考,情感极性,视觉,-0.788859265546004,0.38609135050192694,是,是
v0320,训练均值参考,情感强度,文本,0.3907265365123749,0.6495312469268215,是,是
v0320,训练均值参考,情感强度,语音,-0.013645365834236143,0.022683617970245908,是,是
v0320,训练均值参考,情感强度,视觉,-0.1971796602010727,0.32778513510293256,是,是
v0320,零参考,情感极性,文本,2.512388315051794,0.7548802643343778,是,是
v0320,零参考,情感极性,语音,-0.13689669966697693,0.04113242217056763,是,是
v0320,零参考,情感极性,视觉,-0.6789094470441341,0.20398731349505458,是,是
v0320,零参考,情感强度,文本,0.6587086195747057,0.8080175418180895,是,是
v0320,零参考,情感强度,语音,-0.020988132183750473,0.025745494245113413,是,是
v0320,零参考,情感强度,视觉,-0.13551898983617622,0.1662369639367971,是,是
v0321,训练均值参考,情感极性,文本,-1.0641879197210073,0.6806848005908432,是,否
v0321,训练均值参考,情感极性,语音,0.20741781126707792,0.1326703196728019,是,否
v0321,训练均值参考,情感极性,视觉,0.2918020589277148,0.18664487973635485,是,否
v0321,训练均值参考,情感强度,文本,0.10164633889993031,0.29159511838449653,是,否
v0321,训练均值参考,情感强度,语音,0.026514542599519096,0.07606285943883463,是,否
v0321,训练均值参考,情感强度,视觉,0.22042636324961978,0.6323420221766688,是,否
v0321,零参考,情感极性,文本,0.32930098908642924,0.26182417227787186,是,否
v0321,零参考,情感极性,语音,0.3150105082119504,0.2504619430395286,是,否
v0321,零参考,情感极性,视觉,0.6134065591419736,0.48771388468259946,是,否
v0321,零参考,情感强度,文本,0.3518712023893992,0.5231702911302116,是,否
v0321,零参考,情感强度,语音,0.04187756280104319,0.06226453478906673,是,否
v0321,零参考,情感强度,视觉,0.2788261274496714,0.4145651740807215,是,否
v0322,训练均值参考,情感极性,文本,4.202682234346866,0.8212518410519823,是,否
v0322,训练均值参考,情感极性,语音,-0.21666982024908066,0.042339743729783344,是,否
v0322,训练均值参考,情感极性,视觉,-0.6980577632784843,0.13640841521823435,是,否
v0322,训练均值参考,情感强度,文本,-1.4642293974757192,0.8906941887940507,是,否
v0322,训练均值参考,情感强度,语音,-0.10570238530635832,0.06429900977015744,是,否
v0322,训练均值参考,情感强度,视觉,0.07398755103349684,0.04500680143579189,是,否
v0322,零参考,情感极性,文本,3.9402477592229843,0.7965798353828611,是,否
v0322,零参考,情感极性,语音,-0.24774345755577085,0.050085033910627394,是,否
v0322,零参考,情感极性,视觉,-0.7584656029939651,0.15333513070651147,是,否
v0322,零参考,情感强度,文本,-1.2688118803004422,0.8392935215897996,是,否
v0322,零参考,情感强度,语音,-0.07412982607881227,0.04903538794875834,是,否
v0322,零参考,情感强度,视觉,0.16882008810838062,0.11167109046144201,是,否
v0323,训练均值参考,情感极性,文本,2.9083457539478936,0.9048037903905506,是,否
v0323,训练均值参考,情感极性,语音,-0.026327816148598988,0.008190741355845238,是,否
v0323,训练均值参考,情感极性,视觉,-0.2796650355060895,0.08700546825360408,是,否
v0323,训练均值参考,情感强度,文本,-0.4861919010678927,0.6790867649545586,是,否
v0323,训练均值参考,情感强度,语音,-0.002217883865038553,0.003097821201146714,是,否
v0323,训练均值参考,情感强度,视觉,0.227539819975694,0.3178154138442947,是,否
v0323,零参考,情感极性,文本,1.4658059477806091,0.6817318730341926,是,否
v0323,零参考,情感极性,语音,-0.06386913359165192,0.029704903393545864,是,否
v0323,零参考,情感极性,视觉,-0.6204458177089691,0.2885632235722616,是,否
v0323,零参考,情感强度,文本,-0.2195259059468905,0.4178596767259508,是,否
v0323,零参考,情感强度,语音,-0.012200425068537392,0.023223070885727656,是,否
v0323,零参考,情感强度,视觉,0.29363162567218143,0.5589172523883216,是,否
v0324,训练均值参考,情感极性,文本,1.013437993824482,0.5796598591114889,是,是
v0324,训练均值参考,情感极性,语音,-0.2455960288643837,0.14047446450337603,是,是
v0324,训练均值参考,情感极性,视觉,-0.48929817229509354,0.27986567638513504,是,是
v0324,训练均值参考,情感强度,文本,0.3072644273440043,0.7782788139549472,是,是
v0324,训练均值参考,情感强度,语音,-0.03357093532880147,0.08503277765312613,是,是
v0324,训练均值参考,情感强度,视觉,-0.05396457513173421,0.1366884083919267,是,是
v0324,零参考,情感极性,文本,2.3336910655101137,0.7983546431044447,是,是
v0324,零参考,情感极性,语音,-0.3277627180020014,0.11212747549180543,是,是
v0324,零参考,情感极性,视觉,-0.2616720298926035,0.08951788140374989,是,是
v0324,零参考,情感强度,文本,0.5817248057574034,0.9313993969709454,是,是
v0324,零参考,情感强度,语音,-0.041422661393880844,0.06632180966214758,是,是
v0324,零参考,情感强度,视觉,0.0014232676476240123,0.0022787933669070467,是,是
v0325,训练均值参考,情感极性,文本,1.689718497296174,0.708825273848414,是,否
v0325,训练均值参考,情感极性,语音,-0.12052414069573084,0.05055904706653744,是,否
v0325,训练均值参考,情感极性,视觉,-0.5735867197314898,0.24061567908504855,是,否
v0325,训练均值参考,情感强度,文本,0.6072034984827042,0.843623484903599,是,否
v0325,训练均值参考,情感强度,语音,0.008156687021255493,0.011332564366533406,是,否
v0325,训练均值参考,情感强度,视觉,-0.10439632833003998,0.1450439507298677,是,否
v0325,零参考,情感极性,文本,2.97139069934686,0.8536451377393375,是,否
v0325,零参考,情感极性,语音,-0.18472530941168466,0.053069380015001395,是,否
v0325,零参考,情感极性,视觉,-0.32471058766047156,0.09328548224566124,是,否
v0325,零参考,情感强度,文本,0.8839715172847111,0.9462297261436353,是,否
v0325,零参考,情感强度,语音,-0.009722831348578135,0.010407611404228852,是,否
v0325,零参考,情感强度,视觉,-0.04050956914822261,0.043362662452135894,是,否
v0326,训练均值参考,情感极性,文本,0.3960808888077736,0.19939645012569618,是,是
v0326,训练均值参考,情感极性,语音,-0.265896312892437,0.13385846777877347,是,是
v0326,训练均值参考,情感极性,视觉,-1.3244216963648796,0.6667450820955304,是,是
v0326,训练均值参考,情感强度,文本,0.11765503386656442,0.2419882017623137,是,是
v0326,训练均值参考,情感强度,语音,-0.051147763927777604,0.10519868985022336,是,是
v0326,训练均值参考,情感强度,视觉,-0.31739873190720874,0.6528131083874629,是,是
v0326,零参考,情感极性,文本,1.6548621381322541,0.5448757219919779,是,是
v0326,零参考,情感极性,语音,-0.26115847130616504,0.08598837771941073,是,是
v0326,零参考,情感极性,视觉,-1.1211162482698758,0.36913590028861143,是,是
v0326,零参考,情感强度,文本,0.3292481234918038,0.5618137964678477,是,是
v0326,零参考,情感强度,语音,-0.036167309929927186,0.061714227811741795,是,是
v0326,零参考,情感强度,视觉,-0.22062949029107887,0.3764719757204107,是,是
v0327,训练均值参考,情感极性,文本,1.0481191867341597,0.4602884510822576,是,否
v0327,训练均值参考,情感极性,语音,0.4122758035858472,0.18105363727050444,是,否
v0327,训练均值参考,情感极性,视觉,0.8166970902432997,0.3586579116472379,是,否
v0327,训练均值参考,情感强度,文本,-0.17873325447241464,0.4524707877170503,是,否
v0327,训练均值参考,情感强度,语音,-0.06774878750244775,0.17150891891155443,是,否
v0327,训练均值参考,情感强度,视觉,-0.14853407690922418,0.37602029337139525,是,否
v0327,零参考,情感极性,文本,-0.2047560370216767,0.16771024720625113,是,否
v0327,零参考,情感极性,语音,0.4530613472064336,0.371090550710083,是,否
v0327,零参考,情感极性,视觉,0.5630742454280455,0.4611992020836658,是,否
v0327,零参考,情感强度,文本,0.022243890290458996,0.18929777587975483,是,否
v0327,零参考,情感强度,语音,-0.04173314260939757,0.3551533015706388,是,否
v0327,零参考,情感强度,视觉,-0.053530371437470116,0.45554892254960644,是,否
v0328,训练均值参考,情感极性,文本,1.260889468093713,0.48258060328562863,是,否
v0328,训练均值参考,情感极性,语音,-0.252996082107226,0.09682926618206267,是,否
v0328,训练均值参考,情感极性,视觉,-1.0989203924934068,0.42059013053230865,是,否
v0328,训练均值参考,情感强度,文本,0.393924410144488,0.5225901801374867,是,否
v0328,训练均值参考,情感强度,语音,-0.042590585847695664,0.056501758604257456,是,否
v0328,训练均值参考,情感强度,视觉,-0.3172772203882535,0.42090806125825586,是,否
v0328,零参考,情感极性,文本,2.5654153308520713,0.6833052899589679,是,否
v0328,零参考,情感极性,语音,-0.2903584086646636,0.07733774497977104,是,否
v0328,零参考,情感极性,视觉,-0.898646676292022,0.2393569650612611,是,否
v0328,零参考,情感强度,文本,0.6312407615284125,0.6979862942471227,是,否
v0328,零参考,情感强度,语音,-0.04483431515594323,0.049574963148820476,是,否
v0328,零参考,情感强度,视觉,-0.22829907325406867,0.2524387426040569,是,否
v0329,训练均值参考,情感极性,文本,1.1755224242806435,0.5776398858097661,是,是
v0329,训练均值参考,情感极性,语音,0.19307521730661392,0.09487521817879176,是,是
v0329,训练均值参考,情感极性,视觉,0.6664460822939872,0.32748489601144204,是,是
v0329,训练均值参考,情感强度,文本,-0.20902533332506815,0.5621732855622359,是,是
v0329,训练均值参考,情感强度,语音,-0.015455315510431925,0.0415670453034914,是,是
v0329,训练均值参考,情感强度,视觉,-0.14733590433994928,0.3962596691342727,是,是
v0329,零参考,情感极性,文本,-0.04603198977808158,0.06939781605020683,是,是
v0329,零参考,情感极性,语音,0.19046057139833766,0.2871383088682544,是,是
v0329,零参考,情感极性,视觉,0.4268134677161773,0.6434638750815388,是,是
v0329,零参考,情感强度,文本,0.026062391077478722,0.2493949280531689,是,是
v0329,零参考,情感强度,语音,-0.01008803645769755,0.09653393347854768,是,是
v0329,零参考,情感强度,视觉,-0.06835206287602583,0.6540711384682834,是,是
v0330,训练均值参考,情感极性,文本,2.214673213660717,0.8029363793320091,是,是
v0330,训练均值参考,情感极性,语音,-0.23786938935518265,0.08624025660520142,是,是
v0330,训练均值参考,情感极性,视觉,-0.3056749477982521,0.11082336406278942,是,是
v0330,训练均值参考,情感强度,文本,0.9101316531499226,0.8647501312932507,是,是
v0330,训练均值参考,情感强度,语音,-0.05387375752131143,0.05118747241520306,是,是
v0330,训练均值参考,情感强度,视觉,0.0884739359219869,0.08406239629154615,是,是
v0330,零参考,情感极性,文本,3.483272008597851,0.9099309109210455,是,是
v0330,零参考,情感极性,语音,-0.27896951138973236,0.07287486621529726,是,是
v0330,零参考,情感极性,视觉,-0.06582055240869521,0.01719422286365724,是,是
v0330,零参考,情感强度,文本,1.1745082288980484,0.859378644349517,是,是
v0330,零参考,情感强度,语音,-0.049004249274730675,0.03585603256998503,是,是
v0330,零参考,情感强度,视觉,0.143182210624218,0.10476532308049794,是,是
v0331,训练均值参考,情感极性,文本,1.8109912388026714,0.8718731136491076,是,是
v0331,训练均值参考,情感极性,语音,-0.240226898342371,0.11565344401031216,是,是
v0331,训练均值参考,情感极性,视觉,0.025908924639225006,0.012473442340580286,是,是
v0331,训练均值参考,情感强度,文本,0.745080292224884,0.7456754648774966,是,是
v0331,训练均值参考,情感强度,语音,-0.052277326583862305,0.05231908588881118,是,是
v0331,训练均值参考,情感强度,视觉,0.20184421539306638,0.20200544923369215,是,是
v0331,零参考,情感极性,文本,3.110558375716209,0.8719949127498962,是,是
v0331,零参考,情感极性,语音,-0.2515321969985962,0.07051299788742223,是,是
v0331,零参考,情感极性,视觉,0.20508433878421783,0.05749208936268165,是,是
v0331,零参考,情感强度,文本,1.0249608407417932,0.7783425677582074,是,是
v0331,零参考,情感强度,语音,-0.04907630135615666,0.037267935413007075,是,是
v0331,零参考,情感强度,视觉,0.24281341085831323,0.18438949682878544,是,是
v0332,训练均值参考,情感极性,文本,1.7479202300310135,0.543938082443519,是,否
v0332,训练均值参考,情感极性,语音,-0.4879700541496277,0.15185217894028216,是,否
v0332,训练均值参考,情感极性,视觉,-0.9775641262531279,0.3042097386161987,是,否
v0332,训练均值参考,情感强度,文本,0.569498839477698,0.5750803035335712,是,否
v0332,训练均值参考,情感强度,语音,-0.13311291982730228,0.13441751419323603,是,否
v0332,训练均值参考,情感强度,视觉,-0.287682702143987,0.2905021822731928,是,否
v0332,零参考,情感极性,文本,3.0420606626818576,0.7016812763391806,是,否
v0332,零参考,情感极性,语音,-0.4752535199125607,0.10962190876987425,是,否
v0332,零参考,情感极性,视觉,-0.8180739277352889,0.18869681489094506,是,否
v0332,零参考,情感强度,文本,0.7876720906545718,0.7135578971841052,是,否
v0332,零参考,情感强度,语音,-0.10915724250177541,0.09888634286541001,是,否
v0332,零参考,情感强度,视觉,-0.20703637103239694,0.1875557599504848,是,否
v0333,训练均值参考,情感极性,文本,0.8273427287737527,0.4445690885120176,是,否
v0333,训练均值参考,情感极性,语音,-0.44228264813621837,0.23765869561460742,是,否
v0333,训练均值参考,情感极性,视觉,-0.5913738471766312,0.31777221587337506,是,否
v0333,训练均值参考,情感强度,文本,0.28471890091896057,0.6132314762144461,是,否
v0333,训练均值参考,情感强度,语音,-0.08130583167076111,0.17511761607458412,是,否
v0333,训练均值参考,情感强度,视觉,-0.09826797246932982,0.21165090771096978,是,否
v0333,零参考,情感极性,文本,2.2404019851237535,0.6952924946902879,是,否
v0333,零参考,情感极性,语音,-0.5776977017521858,0.179284288665695,是,否
v0333,零参考,情感极性,视觉,-0.4041441921144724,0.1254232166440171,是,否
v0333,零参考,情感强度,文本,0.5660522741576035,0.8017265281272133,是,否
v0333,零参考,情感强度,语音,-0.09260267267624536,0.13115753199740007,是,否
v0333,零参考,情感强度,视觉,-0.04738664502898851,0.06711593987538671,是,否
v0334,训练均值参考,情感极性,文本,1.9917080799738565,0.6814951511131154,是,是
v0334,训练均值参考,情感极性,语音,-0.20598093171914417,0.07047970915004827,是,是
v0334,训练均值参考,情感极性,视觉,-0.7248674829800923,0.2480251397368363,是,是
v0334,训练均值参考,情感强度,文本,0.7134783267974854,0.7691714053745445,是,是
v0334,训练均值参考,情感强度,语音,-0.0321323499083519,0.034640554321993956,是,是
v0334,训练均值参考,情感强度,视觉,-0.18198273330926895,0.19618804030346151,是,是
v0334,零参考,情感极性,文本,3.2247967459261417,0.8223802216756102,是,是
v0334,零参考,情感极性,语音,-0.21542402915656567,0.05493693860731995,是,是
v0334,零参考,情感极性,视觉,-0.4810757990926504,0.12268283971706982,是,是
v0334,零参考,情感强度,文本,0.9592039423684279,0.8759902378839449,是,是
v0334,零参考,情感强度,语音,-0.031640298043688134,0.02889541106510946,是,是
v0334,零参考,情感强度,视觉,-0.10414963153501351,0.09511435105094566,是,是
v0335,训练均值参考,情感极性,文本,0.5311369225382804,0.2588376044248455,是,是
v0335,训练均值参考,情感极性,语音,0.7272870913147925,0.35442696686458874,是,是
v0335,训练均值参考,情感极性,视觉,0.7935843244194984,0.38673542871056565,是,是
v0335,训练均值参考,情感强度,文本,-0.09923415382703143,0.2596495069551159,是,是
v0335,训练均值参考,情感强度,语音,-0.143545260032018,0.37559100930132194,是,是
v0335,训练均值参考,情感强度,视觉,-0.13940561314423877,0.36475948374356215,是,是
v0335,零参考,情感极性,文本,-0.8300593172510463,0.3694565126077298,是,是
v0335,零参考,情感极性,语音,0.823525364200274,0.3665482728500272,是,是
v0335,零参考,情感极性,视觉,0.5931190277139345,0.263995214542243,是,是
v0335,零参考,情感强度,文本,0.12690756283700466,0.40368959714108543,是,是
v0335,零参考,情感强度,语音,-0.11776487343013287,0.3746069442168741,是,是
v0335,零参考,情感强度,视觉,-0.06969673186540604,0.22170345864204047,是,是
v0336,训练均值参考,情感极性,文本,0.039226680994033813,0.06823294864456228,是,否
v0336,训练均值参考,情感极性,语音,-0.1600652039051056,0.2784258204128868,是,否
v0336,训练均值参考,情感极性,视觉,0.3756016492843628,0.6533412309425509,是,否
v0336,训练均值参考,情感强度,文本,0.5495359351237614,0.6646846220191198,是,否
v0336,训练均值参考,情感强度,语音,-0.09003647665182749,0.10890254417625178,是,否
v0336,训练均值参考,情感强度,视觉,0.1871895094712575,0.2264128338046284,是,否
v0336,零参考,情感极性,文本,1.5974814140548308,0.6411525781218766,是,否
v0336,零参考,情感极性,语音,-0.20866210448245207,0.08374698138470399,是,否
v0336,零参考,情感极性,视觉,0.685434100528558,0.2751004404934194,是,否
v0336,零参考,情感强度,文本,0.7946497326095898,0.7104525399785147,是,否
v0336,零参考,情感强度,语音,-0.07500023829440275,0.06705358047534975,是,否
v0336,零参考,情感强度,视觉,0.24886208710571128,0.2224938795461356,是,否
v0337,训练均值参考,情感极性,文本,0.7864366620779036,0.3169756484095616,是,否
v0337,训练均值参考,情感极性,语音,-0.6091197617352008,0.2455075414782316,是,否
v0337,训练均值参考,情感极性,视觉,-1.0855069197714329,0.4375168101122068,是,否
v0337,训练均值参考,情感强度,文本,0.18441955000162125,0.3298528157934645,是,否
v0337,训练均值参考,情感强度,语音,-0.1350940316915512,0.24162919142768732,是,否
v0337,训练均值参考,情感强度,视觉,-0.23958290368318555,0.4285179927788481,是,否
v0337,零参考,情感极性,文本,2.1747111187626915,0.5734186228778301,是,否
v0337,零参考,情感极性,语音,-0.758261481920878,0.19993517805332875,是,否
v0337,零参考,情感极性,视觉,-0.8595640069494644,0.22664619906884126,是,否
v0337,零参考,情感强度,文本,0.4185507788012425,0.5927000676256192,是,否
v0337,零参考,情感强度,语音,-0.12695922640462715,0.17978402116760184,是,否
v0337,零参考,情感强度,视觉,-0.1606663589676221,0.2275159112067789,是,否
v0338,训练均值参考,情感极性,文本,0.024991186956564587,0.017443323768695774,是,是
v0338,训练均值参考,情感极性,语音,0.7132852400342623,0.49785812106380506,是,是
v0338,训练均值参考,情感极性,视觉,0.694431426624457,0.48469855516749916,是,是
v0338,训练均值参考,情感强度,文本,0.03075437247753143,0.09080399525242489,是,是
v0338,训练均值参考,情感强度,语音,-0.16106918454170227,0.47556572578816114,是,是
v0338,训练均值参考,情感强度,视觉,-0.1468660831451416,0.433630278959414,是,是
v0338,零参考,情感极性,文本,-1.3594296276569364,0.5060241761778237,是,是
v0338,零参考,情感极性,语音,0.8344848453998565,0.3106225565748109,是,是
v0338,零参考,情感极性,视觉,0.4925769865512848,0.18335326724736548,是,是
v0338,零参考,情感强度,文本,0.2628523173431555,0.5456730475627231,是,是
v0338,零参考,情感强度,语音,-0.13804594178994495,0.28657898291170236,是,是
v0338,零参考,情感强度,视觉,-0.08080469196041425,0.16774796952557458,是,是
v0339,训练均值参考,情感极性,文本,2.7165882289409637,0.8846300327512325,是,是
v0339,训练均值参考,情感极性,语音,-0.13821533322334292,0.045008453417231344,是,是
v0339,训练均值参考,情感极性,视觉,-0.21607141196727753,0.0703615138315361,是,是
v0339,训练均值参考,情感强度,文本,1.1813035607337952,0.9387823137711853,是,是
v0339,训练均值参考,情感强度,语音,-0.006975635886192322,0.005543540047570091,是,是
v0339,训练均值参考,情感强度,视觉,0.07005678117275238,0.05567414618124462,是,是
v0339,零参考,情感极性,文本,4.1433240249753,0.9296406395679095,是,是
v0339,零参考,情感极性,语音,-0.22302498668432233,0.05004027925671923,是,是
v0339,零参考,情感极性,视觉,-0.09056030213832855,0.02031908117537121,是,是
v0339,零参考,情感强度,文本,1.4555659455557663,0.9221028557156515,是,是
v0339,零参考,情感强度,语音,-0.0050466793278853075,0.0031970776963645975,是,是
v0339,零参考,情感强度,视觉,0.11791620900233586,0.07470006658798391,是,是
v0340,训练均值参考,情感极性,文本,1.8754830931623776,0.689481756979727,是,否
v0340,训练均值参考,情感极性,语音,-0.6431753958264986,0.2364498531484184,是,否
v0340,训练均值参考,情感极性,视觉,-0.20147598038117087,0.07406838987185456,是,否
v0340,训练均值参考,情感强度,文本,0.5839787274599075,0.6749774462973864,是,否
v0340,训练均值参考,情感强度,语音,-0.2387912571430206,0.2760010003200059,是,否
v0340,训练均值参考,情感强度,视觉,0.042412593960762024,0.04902155338260759,是,否
v0340,零参考,情感极性,文本,3.2622347443054114,0.8100485199437485,是,否
v0340,零参考,情感极性,语音,-0.7649357685198386,0.18994190660962398,是,否
v0340,零参考,情感极性,视觉,-3.855427106221748e-05,9.573446627645728e-06,是,否
v0340,零参考,情感强度,文本,0.8370380544414122,0.7345206616358071,是,否
v0340,零参考,情感强度,语音,-0.21454849528769648,0.18827137174408606,是,否
v0340,零参考,情感强度,视觉,0.08798391868670781,0.07720796662010677,是,否
v0341,训练均值参考,情感极性,文本,1.368245427807172,0.45205742823255807,是,否
v0341,训练均值参考,情感极性,语音,-0.6147721658150355,0.2031158435315971,是,否
v0341,训练均值参考,情感极性,视觉,-1.043689506749312,0.3448267282358448,是,否
v0341,训练均值参考,情感强度,文本,0.4253157551089922,0.46705815137574447,是,否
v0341,训练均值参考,情感强度,语音,-0.15567152698834735,0.17094982902381461,是,否
v0341,训练均值参考,情感强度,视觉,-0.32963970055182773,0.3619920196004409,是,否
v0341,零参考,情感极性,文本,2.587121646851301,0.6467708909318763,是,否
v0341,零参考,情感极性,语音,-0.6805210914462804,0.17012776849837144,是,否
v0341,零参考,情感极性,视觉,-0.7324161436408758,0.18310134056975222,是,否
v0341,零参考,情感强度,文本,0.6299848947674036,0.6301831156438938,是,否
v0341,零参考,情感强度,语音,-0.12534392066299915,0.12538335935751851,是,否
v0341,零参考,情感强度,视觉,-0.2443566396832466,0.2444335249985876,是,否
v0342,训练均值参考,情感极性,文本,1.0205537465711434,0.37886471070218813,是,否
v0342,训练均值参考,情感极性,语音,-0.8618680300811926,0.31995510572300184,是,否
v0342,训练均值参考,情感极性,视觉,-0.8112937311331431,0.30118018357480997,是,否
v0342,训练均值参考,情感强度,文本,0.28884124259154004,0.4187269388091387,是,否
v0342,训练均值参考,情感强度,语音,-0.21597372492154437,0.313092465217964,是,否
v0342,训练均值参考,情感强度,视觉,-0.18499315281709033,0.26818059597289734,是,否
v0342,零参考,情感极性,文本,2.3461138928929963,0.6046744601058878,是,否
v0342,零参考,情感极性,语音,-0.9417374034722645,0.2427182063629184,是,否
v0342,零参考,情感极性,视觉,-0.5921106462677319,0.15260733353119385,是,否
v0342,零参考,情感强度,文本,0.5159087727467219,0.6268443504758022,是,否
v0342,零参考,情感强度,语音,-0.18202311856051284,0.22116344895274825,是,否
v0342,零参考,情感强度,视觉,-0.1250934296598037,0.1519922005714495,是,否
v0343,训练均值参考,情感极性,文本,-0.9627854699889818,0.8691701853008216,是,是
v0343,训练均值参考,情感极性,语音,0.01373868187268575,0.01240281770061192,是,是
v0343,训练均值参考,情感极性,视觉,0.13118235518534976,0.11842699699856656,是,是
v0343,训练均值参考,情感强度,文本,-0.3083408592889706,0.6005839075777729,是,是
v0343,训练均值参考,情感强度,语音,0.013607348625858624,0.02650428693860599,是,是
v0343,训练均值参考,情感强度,视觉,0.19145359223087627,0.3729118054836212,是,是
v0343,零参考,情感极性,文本,0.16227050125598905,0.2505295991215236,是,是
v0343,零参考,情感极性,语音,0.007922440767288208,0.012231464709421274,是,是
v0343,零参考,情感极性,视觉,0.4775169566273688,0.7372389361690551,是,是
v0343,零参考,情感强度,文本,-0.016566389550765354,0.050310892096526866,是,是
v0343,零参考,情感强度,语音,-0.03880245176454385,0.11784015809989597,是,是
v0343,零参考,情感强度,视觉,0.27391153636078036,0.8318489498035773,是,是
v0344,训练均值参考,情感极性,文本,0.5606441920002301,0.5159111783554241,是,是
v0344,训练均值参考,情感极性,语音,-0.025643477837244667,0.023597420711599325,是,是
v0344,训练均值参考,情感极性,视觉,-0.5004191423455874,0.46049140093297664,是,是
v0344,训练均值参考,情感强度,文本,0.17466038465499878,0.6451086318804833,是,是
v0344,训练均值参考,情感强度,语音,0.031184509396553043,0.11518007493463199,是,是
v0344,训练均值参考,情感强度,视觉,-0.06490080058574677,0.23971129318488477,是,是
v0344,零参考,情感极性,文本,1.7479956038296223,0.8756827204543356,是,是
v0344,零参考,情感极性,语音,-0.01402430236339569,0.007025669411952092,是,是
v0344,零参考,情感极性,视觉,-0.2341318540275097,0.1172916101337123,是,是
v0344,零参考,情感强度,文本,0.46463135381539655,0.9672158768470622,是,是
v0344,零参考,情感强度,语音,-0.009008566538492838,0.018752993124793126,是,是
v0344,零参考,情感强度,视觉,0.006740277012189232,0.014031130028144633,是,是
v0345,训练均值参考,情感极性,文本,1.0266772819062073,0.436953917235036,是,是
v0345,训练均值参考,情感极性,语音,-0.25255420307318366,0.1074870850771215,是,是
v0345,训练均值参考,情感极性,视觉,-1.0703922199706235,0.45555899768784247,是,是
v0345,训练均值参考,情感强度,文本,0.281831848124663,0.44206566042808554,是,是
v0345,训练均值参考,情感强度,语音,-0.04389360298713048,0.06884904854504269,是,是
v0345,训练均值参考,情感强度,视觉,-0.31180845697720844,0.4890852910268718,是,是
v0345,零参考,情感极性,文本,2.3094679092367487,0.6694212557503654,是,是
v0345,零参考,情感极性,语音,-0.3479521392534176,0.1008572394829371,是,是
v0345,零参考,情感极性,视觉,-0.7925270354996123,0.2297215047666976,是,是
v0345,零参考,情感强度,文本,0.5253553570558628,0.6541088677090819,是,是
v0345,零参考,情感强度,语音,-0.05885696473220983,0.07328156464136984,是,是
v0345,零参考,情感强度,视觉,-0.21894963334004086,0.2726095676495482,是,是
v0346,训练均值参考,情感极性,文本,0.7529190629720688,0.3065957111157214,是,是
v0346,训练均值参考,情感极性,语音,-0.1782839000225067,0.0725988778821933,是,是
v0346,训练均值参考,情感极性,视觉,-1.524536095559597,0.6208054110020853,是,是
v0346,训练均值参考,情感强度,文本,0.25510984659194946,0.3813959009078712,是,是
v0346,训练均值参考,情感强度,语音,-0.021194979548454285,0.031687049432225736,是,是
v0346,训练均值参考,情感强度,视觉,-0.3925797790288925,0.5869170496599031,是,是
v0346,零参考,情感极性,文本,1.9895400473227103,0.5745274563484647,是,是
v0346,零参考,情感极性,语音,-0.24484168241421378,0.0707039143016054,是,是
v0346,零参考,情感极性,视觉,-1.2285337938616672,0.3547686293499299,是,是
v0346,零参考,情感强度,文本,0.4931195545941591,0.599558789902025,是,是
v0346,零参考,情感强度,语音,-0.03179195895791054,0.03865421329135314,是,是
v0346,零参考,情感强度,视觉,-0.29755921475589275,0.36178699680662185,是,是
v0347,训练均值参考,情感极性,文本,0.8580338445802528,0.4530992673727483,是,是
v0347,训练均值参考,情感极性,语音,0.08008389671643575,0.042289654609513505,是,是
v0347,训练均值参考,情感极性,视觉,0.9555817333360512,0.5046110780177382,是,是
v0347,训练均值参考,情感强度,文本,-0.17464911441008246,0.5008583953685182,是,是
v0347,训练均值参考,情感强度,语音,-0.015662180880705513,0.04491597229323703,是,是
v0347,训练均值参考,情感强度,视觉,-0.15838828931252158,0.45422563233824487,是,是
v0347,零参考,情感极性,文本,-0.37092331796884537,0.31728861976524925,是,是
v0347,零参考,情感极性,语音,0.05147790163755417,0.0440343099712127,是,是
v0347,零参考,情感极性,视觉,0.7466395050287247,0.638677070263538,是,是
v0347,零参考,情感强度,文本,0.06729860852162042,0.41974529461758814,是,是
v0347,零参考,情感强度,语音,-0.01226928395529588,0.07652423016900906,是,是
v0347,零参考,情感强度,视觉,-0.08076412168641885,0.5037304752134029,是,是
v0348,训练均值参考,情感极性,文本,0.731910191476345,0.3589158707655305,是,是
v0348,训练均值参考,情感极性,语音,0.37027167528867716,0.1815747099900063,是,是
v0348,训练均值参考,情感极性,视觉,0.9370430633425713,0.45950941924446315,是,是
v0348,训练均值参考,情感强度,文本,-0.13320935145020485,0.35585182181117175,是,是
v0348,训练均值参考,情感强度,语音,-0.06542840972542763,0.17478366605293916,是,是
v0348,训练均值参考,情感强度,视觉,-0.17570162191987038,0.4693645121358891,是,是
v0348,零参考,情感极性,文本,-0.5104034213970104,0.3200109481702857,是,是
v0348,零参考,情感极性,语音,0.4326594968636831,0.27126733486084925,是,是
v0348,零参考,情感极性,视觉,0.6518932053198416,0.40872171696886506,是,是
v0348,零参考,情感强度,文本,0.0927004919697841,0.38858715389856796,是,是
v0348,零参考,情感强度,语音,-0.05840253705779711,0.24481505085369268,是,是
v0348,零参考,情感强度,视觉,-0.08745475920538107,0.36659779524773933,是,是
v0349,训练均值参考,情感极性,文本,1.5506725870072842,0.7025473173244835,是,否
v0349,训练均值参考,情感极性,语音,-0.35051699355244637,0.15880513756432177,是,否
v0349,训练均值参考,情感极性,视觉,-0.30602486431598663,0.13864754511119473,是,否
v0349,训练均值参考,情感强度,文本,0.47338352600733435,0.7855156592955901,是,否
v0349,训练均值参考,情感强度,语音,-0.11121581991513568,0.18454754613362673,是,否
v0349,训练均值参考,情感强度,视觉,-0.018041123946507774,0.029936794570783066,是,否
v0349,零参考,情感极性,文本,2.803635222216447,0.8631175356982929,是,否
v0349,零参考,情感极性,语音,-0.4285724560419718,0.13193884824812416,是,否
v0349,零参考,情感极性,视觉,-0.016058179239432008,0.0049436160535830265,是,否
v0349,零参考,情感强度,文本,0.7355326333393652,0.841268113058775,是,否
v0349,零参考,情感强度,语音,-0.10463486487666765,0.11967650563009084,是,否
v0349,零参考,情感强度,视觉,0.03414667335649331,0.03905538131113407,是,否
v0350,训练均值参考,情感极性,文本,1.242880335698525,0.6676477950638269,是,否
v0350,训练均值参考,情感极性,语音,-0.15904172634085018,0.08543369370707407,是,否
v0350,训练均值参考,情感极性,视觉,0.4596587667862574,0.246918511229099,是,否
v0350,训练均值参考,情感强度,文本,0.36719220876693726,0.4637894957466322,是,否
v0350,训练均值参考,情感强度,语音,-0.011754095554351807,0.014846246516005633,是,否
v0350,训练均值参考,情感强度,视觉,0.41277539730072016,0.5213642577373622,是,否
v0350,零参考,情感极性,文本,2.463247612118721,0.6997035628843035,是,否
v0350,零参考,情感极性,语音,-0.2550470381975174,0.07244798308213721,是,否
v0350,零参考,情感极性,视觉,0.802121341228485,0.2278484540335593,是,否
v0350,零参考,情感强度,文本,0.6523554076751072,0.5600662137571263,是,否
v0350,零参考,情感强度,语音,-0.03661317626635233,0.031433483594774984,是,否
v0350,零参考,情感强度,视觉,0.4758140643437703,0.4085003026480987,是,否
v0351,训练均值参考,情感极性,文本,0.10989509771267575,0.07558066487827864,是,是
v0351,训练均值参考,情感极性,语音,-0.30202875037988025,0.20772112897838554,是,是
v0351,训练均值参考,情感极性,视觉,-1.04208688189586,0.7166982061433358,是,是
v0351,训练均值参考,情感强度,文本,-0.06422741959492365,0.20164062023165946,是,是
v0351,训练均值参考,情感强度,语音,-0.0511580357948939,0.16060956726231537,是,是
v0351,训练均值参考,情感强度,视觉,-0.20313875625530878,0.6377498125060251,是,是
v0351,零参考,情感极性,文本,1.3772450722754002,0.5461501176971916,是,是
v0351,零参考,情感极性,语音,-0.3567114118486643,0.14145483871161216,是,是
v0351,零参考,情感极性,视觉,-0.7877770606428385,0.31239504359119624,是,是
v0351,零参考,情感强度,文本,0.18693515534202257,0.5067736968349483,是,是
v0351,零参考,情感强度,语音,-0.04933755410214265,0.13375212725177804,是,是
v0351,零参考,情感强度,视觉,-0.13260033292074996,0.35947417591327363,是,是
v0352,训练均值参考,情感极性,文本,1.0078518508623042,0.3827133373551855,是,是
v0352,训练均值参考,情感极性,语音,0.6951356350133816,0.26396506447139945,是,是
v0352,训练均值参考,情感极性,视觉,0.9304505276183287,0.35332159817341513,是,是
v0352,训练均值参考,情感强度,文本,-0.1547540376583735,0.3833241610387878,是,是
v0352,训练均值参考,情感强度,语音,-0.10981232362488903,0.27200399719556406,是,是
v0352,训练均值参考,情感强度,视觉,-0.1391494839141766,0.344671841765648,是,是
v0352,零参考,情感极性,文本,-0.14295192373295623,0.09829831882833903,是,是
v0352,零参考,情感极性,语音,0.7458794532964628,0.5128905886192,是,是
v0352,零参考,情感极性,视觉,0.565434834609429,0.38881109255246105,是,是
v0352,零参考,情感强度,文本,0.017365170021851856,0.14808661057921738,是,是
v0352,零参考,情感强度,语音,-0.07099182220796743,0.6054037084803152,是,是
v0352,零参考,情感强度,视觉,-0.028906614209214847,0.24650968094046743,是,是
v0353,训练均值参考,情感极性,文本,-0.5637988783419132,0.45469874489915224,是,是
v0353,训练均值参考,情感极性,语音,0.37547049671411514,0.3028135921530398,是,是
v0353,训练均值参考,情感极性,视觉,0.30067000165581703,0.24248766294780794,是,是
v0353,训练均值参考,情感强度,文本,-0.19217332576711973,0.46946880673239544,是,是
v0353,训练均值参考,情感强度,语音,-0.10161167134841281,0.24823169348607704,是,是
v0353,训练均值参考,情感强度,视觉,-0.1155570571621259,0.28229949978152763,是,是
v0353,零参考,情感极性,文本,-0.3088056941827138,0.2850554982221972,是,是
v0353,零参考,情感极性,语音,0.4127732912699381,0.3810269642442197,是,是
v0353,零参考,情感极性,视觉,0.36173881093660987,0.3339175375335831,是,是
v0353,零参考,情感强度,文本,-0.015612168858448662,0.17655992150495037,是,是
v0353,零参考,情感强度,语音,-0.05212569857637087,0.5894958818648885,是,是
v0353,零参考,情感强度,视觉,-0.02068632716933886,0.23394419663016106,是,是
v0354,训练均值参考,情感极性,文本,0.467664398252964,0.21738581942318325,是,否
v0354,训练均值参考,情感极性,语音,0.47867351025342936,0.22250321737411352,是,否
v0354,训练均值参考,情感极性,视觉,1.2049726024270058,0.5601109632027031,是,否
v0354,训练均值参考,情感强度,文本,-0.0701626551647981,0.1808785481821056,是,否
v0354,训练均值参考,情感强度,语音,-0.08732542519768079,0.22512397930268688,是,否
v0354,训练均值参考,情感强度,视觉,-0.23041118060549098,0.5939974725152075,是,否
v0354,零参考,情感极性,文本,-0.8266301384816567,0.35336450038127365,是,否
v0354,零参考,情感极性,语音,0.6035681137194236,0.2580108503450902,是,否
v0354,零参考,情感极性,视觉,0.9091146600743134,0.38862464927363627,是,否
v0354,零参考,情感强度,文本,0.14218680622677007,0.40525929788386683,是,否
v0354,零参考,情感强度,语音,-0.08384245013197263,0.2389668449205886,是,否
v0354,零参考,情感强度,视觉,-0.12482464623947936,0.35577385719554455,是,否
v0355,训练均值参考,情感极性,文本,0.41445861880977947,0.17009432793120902,是,是
v0355,训练均值参考,情感极性,语音,0.9957644095023472,0.40866294082270016,是,是
v0355,训练均值参考,情感极性,视觉,1.0264168282349904,0.42124273124609074,是,是
v0355,训练均值参考,情感强度,文本,-0.05438634132345517,0.1326962971891994,是,是
v0355,训练均值参考,情感强度,语音,-0.1851390612622102,0.4517176058685257,是,是
v0355,训练均值参考,情感强度,视觉,-0.1703303543229898,0.41558609694227483,是,是
v0355,零参考,情感极性,文本,-0.7796948788066704,0.3081964403969103,是,是
v0355,零参考,情感极性,语音,1.021488624314467,0.4037722530658261,是,是
v0355,零参考,情感极性,视觉,0.7286798457304636,0.28803130653726355,是,是
v0355,零参考,情感强度,文本,0.12699829787015915,0.37210592087473654,是,是
v0355,零参考,情感强度,语音,-0.13330069556832314,0.3905719911963387,是,是
v0355,零参考,情感强度,视觉,-0.08099710196256636,0.23732208792892476,是,是
v0356,训练均值参考,情感极性,文本,2.470760417481263,0.8869109344844937,是,否
v0356,训练均值参考,情感极性,语音,-0.07367526243130366,0.0264466742258847,是,否
v0356,训练均值参考,情感极性,视觉,-0.24136875818173092,0.08664239128962173,是,否
v0356,训练均值参考,情感强度,文本,0.8503067841132481,0.9596913671829242,是,否
v0356,训练均值参考,情感强度,语音,0.019877937932809193,0.022435062012834933,是,否
v0356,训练均值参考,情感强度,视觉,-0.015836360553900405,0.017873570804240773,是,否
v0356,零参考,情感极性,文本,3.853803090751171,0.9433311611159815,是,否
v0356,零参考,情感极性,语音,-0.16894424706697464,0.04135405182792836,是,否
v0356,零参考,情感极性,视觉,-0.06256569921970367,0.015314787056090169,是,否
v0356,零参考,情感强度,文本,1.0994668509811163,0.9338101951954394,是,否
v0356,零参考,情感强度,语音,0.01686534285545349,0.014324241872172214,是,否
v0356,零参考,情感强度,视觉,0.06106644310057163,0.0518655629323884,是,否
v0357,训练均值参考,情感极性,文本,-1.2500843840340772,0.8191637046457148,是,否
v0357,训练均值参考,情感极性,语音,-0.12671112144986788,0.08303211606542023,是,否
v0357,训练均值参考,情感极性,视觉,0.1492540215452512,0.09780417928886503,是,否
v0357,训练均值参考,情感强度,文本,-0.32820948834220565,0.7819001081584954,是,否
v0357,训练均值参考,情感强度,语音,-0.008652870232860247,0.02061390791938549,是,否
v0357,训练均值参考,情感强度,视觉,0.08289648902912933,0.19748598392211905,是,否
v0357,零参考,情感极性,文本,-0.11746457964181899,0.17910330276161518,是,否
v0357,零参考,情感极性,语音,-0.09110026806592941,0.13890450161937679,是,否
v0357,零参考,情感极性,视觉,0.4472833573818207,0.681992195619008,是,否
v0357,零参考,情感强度,文本,-0.07092159117261568,0.33684429992542475,是,否
v0357,零参考,情感强度,语音,0.006589263056715329,0.03129590953425699,是,否
v0357,零参考,情感强度,视觉,0.13303624776502448,0.6318597905403183,是,否
v0358,训练均值参考,情感极性,文本,0.6381844865779082,0.42351412385080245,是,否
v0358,训练均值参考,情感极性,语音,0.4053280341128508,0.2689851459097103,是,否
v0358,训练均值参考,情感极性,视觉,0.463366354505221,0.3075007302394872,是,否
v0358,训练均值参考,情感强度,文本,-0.2324263285845518,0.697785577716409,是,否
v0358,训练均值参考,情感强度,语音,-0.06422093324363232,0.19280277444383023,是,否
v0358,训练均值参考,情感强度,视觉,-0.036444071680307395,0.10941164783976082,是,否
v0358,零参考,情感极性,文本,-0.6340463149050871,0.48388625517680683,是,否
v0358,零参考,情感极性,语音,0.4347029042740663,0.3317529895196182,是,否
v0358,零参考,情感极性,视觉,0.24157176663478216,0.184360755303575,是,否
v0358,零参考,情感强度,文本,0.006448155889908472,0.09201545624896028,是,否
v0358,零参考,情感强度,语音,-0.041274381180604294,0.5889871585875559,是,否
v0358,零参考,情感强度,视觉,0.022354340801636376,0.3189973851634838,是,否
v0359,训练均值参考,情感极性,文本,0.4329514106114705,0.3761640828399192,是,是
v0359,训练均值参考,情感极性,语音,-0.22598820800582567,0.19634685305006394,是,是
v0359,训练均值参考,情感极性,视觉,-0.4920246290663878,0.42748906411001697,是,是
v0359,训练均值参考,情感强度,文本,0.152681956688563,0.6198977266512316,是,是
v0359,训练均值参考,情感强度,语音,-0.043504123886426285,0.1766293023880883,是,是
v0359,训练均值参考,情感强度,视觉,-0.05011576910813649,0.20347297096068032,是,是
v0359,零参考,情感极性,文本,1.6392907897631326,0.7814318939223736,是,是
v0359,零参考,情感极性,语音,-0.23930157100160915,0.11407242754862718,是,是
v0359,零参考,情感极性,视觉,-0.2192114305992921,0.10449567852899935,是,是
v0359,零参考,情感强度,文本,0.41783161958058673,0.9065812379968047,是,是
v0359,零参考,情感强度,语音,-0.03983506808678309,0.08643128870441458,是,是
v0359,零参考,情感强度,视觉,0.0032204364736874887,0.006987473298780754,是,是
v0360,训练均值参考,情感极性,文本,1.3488466503719487,0.7865826081022251,是,是
v0360,训练均值参考,情感极性,语音,0.1533289427558581,0.0894140780623225,是,是
v0360,训练均值参考,情感极性,视觉,-0.21264321481188136,0.12400331383545231,是,是
v0360,训练均值参考,情感强度,文本,0.2387360135714213,0.5637482971634811,是,是
v0360,训练均值参考,情感强度,语音,0.14139009515444437,0.3338768382142506,是,是
v0360,训练均值参考,情感强度,视觉,0.043353686730066926,0.10237486462226819,是,是
v0360,零参考,情感极性,文本,2.6925196746985116,0.9311379513730745,是,是
v0360,零参考,情感极性,语音,0.13169718782107034,0.04554404962074696,是,是
v0360,零参考,情感极性,视觉,-0.06742735703786214,0.02331799900617845,是,是
v0360,零参考,情感强度,文本,0.5286748756965001,0.7074233540812161,是,是
v0360,零参考,情感强度,语音,0.11531425764163335,0.15430277220334687,是,是
v0360,零参考,情感强度,视觉,0.1033354674776395,0.13827387371543692,是,是
v0361,训练均值参考,情感极性,文本,2.4155505622426667,0.7465007537501557,是,是
v0361,训练均值参考,情感极性,语音,-0.4390234326322873,0.1356756213248991,是,是
v0361,训练均值参考,情感极性,视觉,-0.3812573825319608,0.11782362492494508,是,是
v0361,训练均值参考,情感强度,文本,0.8992036779721577,0.853576818645793,是,是
v0361,训练均值参考,情感强度,语音,-0.12702741722265876,0.12058186741209721,是,是
v0361,训练均值参考,情感强度,视觉,-0.027222628394762673,0.025841313942109603,是,是
v0361,零参考,情感极性,文本,3.7074027905861535,0.8518012813718935,是,是
v0361,零参考,情感极性,语音,-0.4777787451942761,0.10977295167445132,是,是
v0361,零参考,情感极性,视觉,-0.1672453408439954,0.03842576695365516,是,是
v0361,零参考,情感强度,文本,1.139593394473195,0.9017735607091336,是,是
v0361,零参考,情感强度,语音,-0.09754858538508415,0.07719133474401285,是,是
v0361,零参考,情感强度,视觉,0.02658257819712162,0.021035104546853523,是,是
v0362,训练均值参考,情感极性,文本,2.1938489861786366,0.7657701379377699,是,是
v0362,训练均值参考,情感极性,语音,-0.5529209189116955,0.19299884860407202,是,是
v0362,训练均值参考,情感极性,视觉,-0.11812241375446318,0.04123101345815798,是,是
v0362,训练均值参考,情感强度,文本,0.7621595884362856,0.7266737607219464,是,是
v0362,训练均值参考,情感强度,语音,-0.15077110131581622,0.1437512626799588,是,是
v0362,训练均值参考,情感强度,视觉,0.13590254137913385,0.1295749765980946,是,是
v0362,零参考,情感极性,文本,3.5441286570082107,0.8265006745686898,是,是
v0362,零参考,情感极性,语音,-0.6495707643528779,0.1514817115502106,是,是
v0362,零参考,情感极性,视觉,0.09441402616600196,0.02201761388109951,是,是
v0362,零参考,情感强度,文本,1.0181256141513586,0.7811620425127387,是,是
v0362,零参考,情感强度,语音,-0.11675011925399303,0.08957712128289186,是,是
v0362,零参考,情感强度,视觉,0.1684717908501625,0.12926083620436948,是,是
v0363,训练均值参考,情感极性,文本,2.00416570280989,0.7060922217205085,是,否
v0363,训练均值参考,情感极性,语音,-0.6426205101112524,0.22640310782259818,是,否
v0363,训练均值参考,情感极性,视觉,-0.19160463909308115,0.06750467045689344,是,否
v0363,训练均值参考,情感强度,文本,0.7315269137422243,0.7803373757860428,是,否
v0363,训练均值参考,情感强度,语音,-0.19172097494204837,0.20451338106493544,是,否
v0363,训练均值参考,情感强度,视觉,0.014201651016871134,0.015149243149021736,是,否
v0363,零参考,情感极性,文本,3.3836693949997425,0.8004803648017556,是,否
v0363,零参考,情感极性,语音,-0.7961170878261328,0.18833875964055954,是,否
v0363,零参考,情感极性,视觉,0.047262104228138924,0.011180875557684948,是,否
v0363,零参考,情感强度,文本,0.9861269344886143,0.8219453808851066,是,否
v0363,零参考,情感强度,语音,-0.1624110365907351,0.13537101225182896,是,否
v0363,零参考,情感强度,视觉,0.0512095515926679,0.04268360686306446,是,否
v0364,训练均值参考,情感极性,文本,0.2821362540125847,0.1977767904176844,是,否
v0364,训练均值参考,情感极性,语音,0.3919131234288215,0.27473009431416323,是,否
v0364,训练均值参考,情感极性,视觉,0.7524893656373023,0.5274931152681522,是,否
v0364,训练均值参考,情感强度,文本,-0.1287358080347379,0.4198810939030432,是,否
v0364,训练均值参考,情感强度,语音,-0.07077128191788991,0.2308256243716269,是,否
v0364,训练均值参考,情感强度,视觉,-0.10709354033072789,0.34929328172533,是,否
v0364,零参考,情感极性,文本,-1.0781808514147997,0.5092181332480511,是,否
v0364,零参考,情感极性,语音,0.5042456034570931,0.23815207305344044,是,否
v0364,零参考,情感极性,视觉,0.5348996594548225,0.2526297936985084,是,否
v0364,零参考,情感强度,文本,0.10832921601831913,0.5377835870365971,是,否
v0364,零参考,情感强度,语音,-0.06038402579724788,0.2997671282644832,是,否
v0364,零参考,情感强度,视觉,-0.03272320702672005,0.16244928469891962,是,否
v0365,训练均值参考,情感极性,文本,0.7185516233245531,0.5088806079214512,是,否
v0365,训练均值参考,情感极性,语音,0.1417932982246081,0.10041847719427538,是,否
v0365,训练均值参考,情感极性,视觉,0.5516790623466172,0.39070091488427344,是,否
v0365,训练均值参考,情感强度,文本,-0.31494736857712263,0.8934227617988829,是,否
v0365,训练均值参考,情感强度,语音,-0.00821011886000633,0.023289945554213355,是,否
v0365,训练均值参考,情感强度,视觉,0.02936024777591228,0.08328729264690371,是,否
v0365,零参考,情感极性,文本,-0.5891596873601277,0.5243879115122374,是,否
v0365,零参考,情感极性,语音,0.1818928594390551,0.16189569437043294,是,否
v0365,零参考,情感极性,视觉,0.3524662728110949,0.31371639411732966,是,否
v0365,零参考,情感强度,文本,-0.05418666762610276,0.34885894352926666,是,否
v0365,零参考,情感强度,语音,-0.008703277756770452,0.05603253376677665,是,否
v0365,零参考,情感强度,视觉,0.09243549096087614,0.5951085227039566,是,否
v0366,训练均值参考,情感极性,文本,1.0132378867516914,0.5554054022660382,是,否
v0366,训练均值参考,情感极性,语音,0.09829211297134557,0.053878730018124175,是,否
v0366,训练均值参考,情感极性,视觉,0.7127912665406863,0.3907158677158376,是,否
v0366,训练均值参考,情感强度,文本,-0.30434289512534934,0.8458526787031906,是,否
v0366,训练均值参考,情感强度,语音,-0.029407006998856858,0.08173016699595279,是,否
v0366,训练均值参考,情感强度,视觉,-0.026056128864487008,0.07241715430085666,是,否
v0366,零参考,情感极性,文本,-0.2916176536430915,0.30966579396538246,是,否
v0366,零参考,情感极性,语音,0.13655911634365717,0.14501072434224163,是,否
v0366,零参考,情感极性,视觉,0.5135405889401834,0.5453234816923759,是,否
v0366,零参考,情感强度,文本,-0.0598350508759419,0.39771049373853484,是,否
v0366,零参考,情感强度,语音,-0.03421488280097643,0.22741884117714864,是,否
v0366,零参考,情感强度,视觉,0.05639882696171601,0.37487066508431666,是,否
v0367,训练均值参考,情感极性,文本,2.0624552803734937,0.774164410933508,是,是
v0367,训练均值参考,情感极性,语音,-0.08318624397118886,0.031224836812007977,是,是
v0367,训练均值参考,情感极性,视觉,-0.5184634787340958,0.19461075225448413,是,是
v0367,训练均值参考,情感强度,文本,0.7849652618169783,0.8088865054108109,是,是
v0367,训练均值参考,情感强度,语音,-0.016788184642791748,0.017299792320065108,是,是
v0367,训练均值参考,情感强度,视觉,-0.16867350041866302,0.17381370226912404,是,是
v0367,零参考,情感极性,文本,3.4790232181549072,0.8630897924029045,是,是
v0367,零参考,情感极性,语音,-0.15209372341632843,0.03773201037698241,是,是
v0367,零参考,情感极性,视觉,-0.39977677166461945,0.09917819722011305,是,是
v0367,零参考,情感强度,文本,1.0534269822140534,0.8892867638885187,是,是
v0367,零参考,情感强度,语音,-0.028855186576644577,0.02435910217356625,是,是
v0367,零参考,情感强度,视觉,-0.10229295926789442,0.08635413393791491,是,是
v0368,训练均值参考,情感极性,文本,3.584390563269456,0.7737502610462949,是,否
v0368,训练均值参考,情感极性,语音,-0.17933008323113123,0.03871137820064352,是,否
v0368,训练均值参考,情感极性,视觉,-0.8687696332732836,0.18753836075306166,是,否
v0368,训练均值参考,情感强度,文本,-0.96416916201512,0.8440925915643422,是,否
v0368,训练均值参考,情感强度,语音,-0.040431554118792214,0.03539625269260591,是,否
v0368,训练均值参考,情感强度,视觉,0.1376544957359632,0.12051115574305181,是,否
v0368,零参考,情感极性,文本,3.3645316263039904,0.7400153607582292,是,否
v0368,零参考,情感极性,语音,-0.23177009324232734,0.050976910968169566,是,否
v0368,零参考,情感极性,视觉,-0.9502682636181512,0.20900772827360126,是,否
v0368,零参考,情感强度,文本,-0.7480030159155527,0.7445547275992848,是,否
v0368,零参考,情感强度,语音,-0.026970273504654564,0.02684594074524875,是,否
v0368,零参考,情感强度,视觉,0.22965805356701213,0.22859933165546656,是,否
v0369,训练均值参考,情感极性,文本,0.5732251852750777,0.24998499754994366,是,否
v0369,训练均值参考,情感极性,语音,-0.7804133370518684,0.34034029062633503,是,否
v0369,训练均值参考,情感极性,视觉,-0.9393998235464095,0.4096747118237212,是,否
v0369,训练均值参考,情感强度,文本,0.012924589216709135,0.04315494522706344,是,否
v0369,训练均值参考,情感强度,语音,-0.17075951397418976,0.5701626062536059,是,否
v0369,训练均值参考,情感强度,视觉,-0.11580855399370193,0.3866824485193306,是,否
v0369,零参考,情感极性,文本,1.877177447080612,0.5458578261503999,是,否
v0369,零参考,情感极性,语音,-0.9083820134401321,0.2641452101087706,是,否
v0369,零参考,情感极性,视觉,-0.6533899456262589,0.18999696374082936,是,否
v0369,零参考,情感强度,文本,0.2361550734688838,0.5500008686255469,是,否
v0369,零参考,情感强度,语音,-0.1381273909161488,0.3216961798403721,是,否
v0369,零参考,情感强度,视觉,-0.05508971835176149,0.12830295153408106,是,否
v0370,训练均值参考,情感极性,文本,2.4809316570560136,0.8493702954920781,是,是
v0370,训练均值参考,情感极性,语音,-0.20132477333148321,0.06892543038342018,是,是
v0370,训练均值参考,情感极性,视觉,-0.23865058769782388,0.0817042741245017,是,是
v0370,训练均值参考,情感强度,文本,0.8646717965602875,0.8348156296634744,是,是
v0370,训练均值参考,情感强度,语音,-0.044702447950839996,0.04315892154923229,是,是
v0370,训练均值参考,情感强度,视觉,0.1263895407319069,0.12202544878729325,是,是
v0370,零参考,情感极性,文本,3.82388228798906,0.9232972956193157,是,是
v0370,零参考,情感极性,语音,-0.3049703122427066,0.07363675012233402,是,是
v0370,零参考,情感极性,视觉,-0.012697804098327957,0.003065954258350227,是,是
v0370,零参考,情感强度,文本,1.1192158764849105,0.8404700497975086,是,是
v0370,零参考,情感强度,语音,-0.03193841067453226,0.023984003599362192,是,是
v0370,零参考,情感强度,视觉,0.18050039435426393,0.1355459466031292,是,是
v0371,训练均值参考,情感极性,文本,-1.7333903349936008,0.7198086965220263,是,否
v0371,训练均值参考,情感极性,语音,0.03315854072570801,0.013769435248658242,是,否
v0371,训练均值参考,情感极性,视觉,0.6415775381028652,0.26642186822931546,是,否
v0371,训练均值参考,情感强度,文本,-0.4341882349302371,0.7166156454512878,是,否
v0371,训练均值参考,情感强度,语音,-0.11905540650089581,0.19649764804846254,是,否
v0371,训练均值参考,情感强度,视觉,0.052643541867534324,0.08688670650024975,是,否
v0371,零参考,情感极性,文本,-1.4451198689639568,0.6616586363980796,是,否
v0371,零参考,情感极性,语音,0.011677689850330351,0.005346715181619295,是,否
v0371,零参考,情感极性,视觉,0.7272892035543919,0.332994648420301,是,否
v0371,零参考,情感强度,文本,-0.1827090997248888,0.46214222389669973,是,否
v0371,零参考,情感强度,语音,-0.10554779507219791,0.2669713375825587,是,否
v0371,零参考,情感强度,视觉,0.1070956401526928,0.2708864385207416,是,否
v0372,训练均值参考,情感极性,文本,1.7817287271221478,0.7026716231648961,是,是
v0372,训练均值参考,情感极性,语音,-0.3276854331294695,0.12923137606726764,是,是
v0372,训练均值参考,情感极性,视觉,-0.4262350226442019,0.16809700076783624,是,是
v0372,训练均值参考,情感强度,文本,0.5054022868474324,0.7016891750427713,是,是
v0372,训练均值参考,情感强度,语音,-0.09439601997534433,0.13105731237780377,是,是
v0372,训练均值参考,情感强度,视觉,-0.12046688298384349,0.16725351257942503,是,是
v0372,零参考,情感极性,文本,3.1362890228629112,0.8300703840414183,是,是
v0372,零参考,情感极性,语音,-0.4243718981742859,0.1123169905343614,是,是
v0372,零参考,情感极性,视觉,-0.21768014878034592,0.057612625424220305,是,是
v0372,零参考,情感强度,文本,0.7667218359808127,0.8333653328630483,是,是
v0372,零参考,情感强度,语音,-0.09473225971062978,0.10296639203659431,是,是
v0372,零参考,情感强度,视觉,-0.05857677881916364,0.06366827510035737,是,是
v0373,训练均值参考,情感极性,文本,2.7314789667725563,0.8526983679971747,是,是
v0373,训练均值参考,情感极性,语音,-0.15619955211877823,0.04876153351125633,是,是
v0373,训练均值参考,情感极性,视觉,-0.31565699726343155,0.09854009849156896,是,是
v0373,训练均值参考,情感强度,文本,1.107063849767049,0.9132641666524927,是,是
v0373,训练均值参考,情感强度,语音,0.0015456651647885664,0.0012750850901160308,是,是
v0373,训练均值参考,情感强度,视觉,-0.10359598944584528,0.08546074825739136,是,是
v0373,零参考,情感极性,文本,4.1123726802567635,0.9141825929054705,是,是
v0373,零参考,情感极性,语音,-0.2896943831195434,0.06439921254749692,是,是
v0373,零参考,情感极性,视觉,-0.09634792742629844,0.021418194547032685,是,是
v0373,零参考,情感强度,文本,1.36269486322999,0.9753245868724313,是,是
v0373,零参考,情感强度,语音,-0.0026125311851501465,0.0018698726821412095,是,是
v0373,零参考,情感强度,视觉,-0.03186323121190071,0.02280554044542749,是,是
v0374,训练均值参考,情感极性,文本,0.8631180400649705,0.46744526752820725,是,是
v0374,训练均值参考,情感极性,语音,-0.24220396329959232,0.1311722049193268,是,是
v0374,训练均值参考,情感极性,视觉,-0.7411359672745068,0.401382527552466,是,是
v0374,训练均值参考,情感强度,文本,0.11076072851816812,0.567141084072597,是,是
v0374,训练均值参考,情感强度,语音,-0.04097173114617665,0.20979233641246842,是,是
v0374,训练均值参考,情感强度,视觉,-0.04356414576371511,0.22306657951493447,是,是
v0374,零参考,情感极性,文本,2.1610561435421305,0.7264025419981113,是,是
v0374,零参考,情感极性,语音,-0.2350986028711001,0.07902442667031165,是,是
v0374,零参考,情感极性,视觉,-0.5788570667306582,0.19457303133157722,是,是
v0374,零参考,情感强度,文本,0.37264108409484226,0.8848419653275973,是,是
v0374,零参考,情感强度,语音,-0.035497198502222695,0.08428864187808247,是,是
v0374,零参考,情感强度,视觉,0.013000292082627613,0.030869392794320275,是,是
v0375,训练均值参考,情感极性,文本,-0.0296928584575653,0.01704723790707117,是,否
v0375,训练均值参考,情感极性,语音,0.5980083234608173,0.34332801522003503,是,否
v0375,训练均值参考,情感极性,视觉,1.1140976138412952,0.6396247468728938,是,否
v0375,训练均值参考,情感强度,文本,0.041663954655329384,0.1011998768575026,是,否
v0375,训练均值参考,情感强度,语音,-0.12072121848662694,0.2932264242797124,是,否
v0375,训练均值参考,情感强度,视觉,-0.24931448449691132,0.605573698862785,是,否
v0375,零参考,情感极性,文本,-1.3993817300846179,0.46371906588110556,是,否
v0375,零参考,情感极性,语音,0.7471011585245528,0.24757008320292176,是,否
v0375,零参考,情感极性,视觉,0.8712531353036562,0.28871085091597265,是,否
v0375,零参考,情感强度,文本,0.25954921978215373,0.4910492882026049,是,否
v0375,零参考,情感强度,语音,-0.11503986765940984,0.2176475243365739,是,否
v0375,零参考,情感强度,视觉,-0.15397133616109687,0.29130318746082123,是,否
v0376,训练均值参考,情感极性,文本,-0.2582653959592184,0.21206719576268998,是,否
v0376,训练均值参考,情感极性,语音,-0.11150725682576497,0.09156097422344592,是,否
v0376,训练均值参考,情感极性,视觉,-0.8480743368466694,0.696371830013864,是,否
v0376,训练均值参考,情感强度,文本,0.21329808235168457,0.39453562533939834,是,否
v0376,训练均值参考,情感强度,语音,-0.05305904150009155,0.09814285195322282,是,否
v0376,训练均值参考,情感强度,视觉,-0.2742736041545868,0.5073215227073788,是,否
v0376,零参考,情感极性,文本,1.3427299074828625,0.6452015934587303,是,否
v0376,零参考,情感极性,语音,-0.12424049340188502,0.05969939588615157,是,否
v0376,零参考,情感极性,视觉,-0.614130949601531,0.2950990106551181,是,否
v0376,零参考,情感强度,文本,0.4471206367015838,0.6531102498868812,是,否
v0376,零参考,情感强度,语音,-0.04513106867671012,0.0659230666661907,是,否
v0376,零参考,情感强度,视觉,-0.1923503763973713,0.28096668344692804,是,否
v0377,训练均值参考,情感极性,文本,4.777535915374756,0.8408762680848649,是,是
v0377,训练均值参考,情感极性,语音,0.06329455971717834,0.011140239258856661,是,是
v0377,训练均值参考,情感极性,视觉,0.8407853543758392,0.1479834926562784,是,是
v0377,训练均值参考,情感强度,文本,-1.7356901988387106,0.818862291477208,是,是
v0377,训练均值参考,情感强度,语音,0.006177924573421479,0.0029146154516226327,是,是
v0377,训练均值参考,情感强度,视觉,-0.3777681291103363,0.17822309307116924,是,是
v0377,零参考,情感极性,文本,3.3415825590491295,0.8480245803678683,是,是
v0377,零参考,情感极性,语音,-0.04077575355768203,0.010348043386297948,是,是
v0377,零参考,情感极性,视觉,0.5580729395151138,0.14162737624583377,是,是
v0377,零参考,情感强度,文本,-1.5234715758512416,0.8342263452644073,是,是
v0377,零参考,情感强度,语音,0.021474209924538933,0.01175890114837168,是,是
v0377,零参考,情感强度,视觉,-0.28126311364273227,0.15401475358722097,是,是
v0378,训练均值参考,情感极性,文本,2.874600160866976,0.7032044320023215,是,否
v0378,训练均值参考,情感极性,语音,-0.20145730674266812,0.049281869836801655,是,否
v0378,训练均值参考,情感极性,视觉,-1.0118009559810162,0.24751369816087676,是,否
v0378,训练均值参考,情感强度,文本,-0.6877593671282133,0.8304365276406087,是,否
v0378,训练均值参考,情感强度,语音,-0.055928369363149,0.06753082992452579,是,否
v0378,训练均值参考,情感强度,视觉,0.08450243125359216,0.10203264243486544,是,否
v0378,零参考,情感极性,文本,2.6119480294485884,0.6669805727671777,是,否
v0378,零参考,情感极性,语音,-0.2524276847640673,0.06445930771515916,是,否
v0378,零参考,情感极性,视觉,-1.0517024087409177,0.2685601195176632,是,否
v0378,零参考,情感强度,文本,-0.49393445129195845,0.677807266447392,是,否
v0378,零参考,情感强度,语音,-0.03942893321315447,0.054106809861594524,是,否
v0378,零参考,情感强度,视觉,0.19536065806945163,0.2680859236910136,是,否
v0379,训练均值参考,情感极性,文本,3.175870227317015,0.732402802492988,是,否
v0379,训练均值参考,情感极性,语音,-0.38331096371014906,0.08839719634412439,是,否
v0379,训练均值参考,情感极性,视觉,0.7770532096425692,0.1792000011628875,是,否
v0379,训练均值参考,情感强度,文本,-0.7122282311320305,0.5825854515783043,是,否
v0379,训练均值参考,情感强度,语音,0.25598831474781036,0.20939224454650415,是,否
v0379,训练均值参考,情感强度,视觉,-0.25431352108716965,0.20802230387519147,是,否
v0379,零参考,情感极性,文本,1.690107939764857,0.6181490003964896,是,否
v0379,零参考,情感极性,语音,-0.4933313876390457,0.18043362613616082,是,否
v0379,零参考,情感极性,视觉,0.5507039595395326,0.2014173734673495,是,否
v0379,零参考,情感强度,文本,-0.4896266342451175,0.5246386852011853,是,否
v0379,零参考,情感强度,语音,0.27316826644043124,0.2927018877658697,是,否
v0379,零参考,情感强度,视觉,-0.17046954979499182,0.182659427032945,是,否
v0380,训练均值参考,情感极性,文本,2.812191963195801,0.8105988108345903,是,是
v0380,训练均值参考,情感极性,语音,-0.2821729332208633,0.08133479048087822,是,是
v0380,训练均值参考,情感极性,视觉,-0.374912291765213,0.10806639868453147,是,是
v0380,训练均值参考,情感强度,文本,1.094202235341072,0.9124674575292082,是,是
v0380,训练均值参考,情感强度,语音,-0.043959632515907295,0.036658428232149494,是,是
v0380,训练均值参考,情感强度,视觉,-0.061006635427474976,0.05087411423864225,是,是
v0380,零参考,情感极性,文本,4.092943351715803,0.8969124970691736,是,是
v0380,零参考,情感极性,语音,-0.32508276961743837,0.07123743809684298,是,是
v0380,零参考,情感极性,视觉,-0.1453436221927404,0.03185006483398333,是,是
v0380,零参考,情感强度,文本,1.3209909945726395,0.9823552614928637,是,是
v0380,零参考,情感强度,语音,-0.01573115214705467,0.011698474966518133,是,是
v0380,零参考,情感强度,视觉,0.007996048778295517,0.005946263540618143,是,是
v0381,训练均值参考,情感极性,文本,-1.1483132916813092,0.7300004208492531,是,是
v0381,训练均值参考,情感极性,语音,0.34391741982350743,0.21863359331229112,是,是
v0381,训练均值参考,情感极性,视觉,0.08080028804639974,0.051365985838455794,是,是
v0381,训练均值参考,情感强度,文本,-0.19112300500273702,0.4543516893395173,是,是
v0381,训练均值参考,情感强度,语音,-0.10801040567457676,0.25677029452204225,是,是
v0381,训练均值参考,情感强度,视觉,-0.1215165164321661,0.2888780161384404,是,是
v0381,零参考,情感极性,文本,-0.8288969810431202,0.6436205308399026,是,是
v0381,零参考,情感极性,语音,0.3810818434382478,0.2959017875279417,是,是
v0381,零参考,情感极性,视觉,0.07788714828590551,0.06047768163215557,是,是
v0381,零参考,情感强度,文本,0.02260505470136801,0.15650019330410403,是,是
v0381,零参考,情感强度,语音,-0.08572609474261601,0.5935022310569071,是,是
v0381,零参考,情感强度,视觉,-0.03610991624494393,0.24999757563898892,是,是
v0382,训练均值参考,情感极性,文本,0.8251848220825195,0.470800245583386,是,否
v0382,训练均值参考,情感极性,语音,-0.12185025215148924,0.0695203390829962,是,否
v0382,训练均值参考,情感极性,视觉,-0.8056930303573608,0.4596794153336178,是,否
v0382,训练均值参考,情感强度,文本,0.8556279167532921,0.8015847460257036,是,否
v0382,训练均值参考,情感强度,语音,-0.052688181400299065,0.049360290471322364,是,否
v0382,训练均值参考,情感强度,视觉,-0.1591043099761009,0.14905496350297404,是,否
v0382,零参考,情感极性,文本,2.420010609552264,0.7756011154238344,是,否
v0382,零参考,情感极性,语音,-0.139480609446764,0.04470282726856368,是,否
v0382,零参考,情感极性,视觉,-0.5606830064207315,0.1796960573076019,是,否
v0382,零参考,情感强度,文本,1.0838840883225203,0.9030418364951011,是,否
v0382,零参考,情感强度,语音,-0.02252575010061264,0.018767407842261892,是,否
v0382,零参考,情感强度,视觉,-0.09384915791451931,0.07819075566263703,是,否
v0383,训练均值参考,情感极性,文本,-1.9107324468592801,0.7340579392003911,是,否
v0383,训练均值参考,情感极性,语音,0.32495886211593944,0.12484146225800613,是,否
v0383,训练均值参考,情感极性,视觉,0.36728094269831973,0.1411005985416027,是,否
v0383,训练均值参考,情感强度,文本,-0.3421670974542697,0.6965712258164801,是,否
v0383,训练均值参考,情感强度,语音,-0.08624502768119176,0.1755744637617972,是,否
v0383,训练均值参考,情感强度,视觉,-0.06280411345263323,0.12785431042172263,是,否
v0383,零参考,情感极性,文本,-1.6126673904558022,0.6827064752979876,是,否
v0383,零参考,情感极性,语音,0.36811802412072814,0.15583905288125785,是,否
v0383,零参考,情感极性,视觉,0.3813825870553652,0.16145447182075465,是,否
v0383,零参考,情感强度,文本,-0.13224682522316772,0.603035977976374,是,否
v0383,零参考,情感强度,语音,-0.06100219053526719,0.2781655859492912,是,否
v0383,零参考,情感强度,视觉,0.02605270097653071,0.11879843607433489,是,否
v0384,训练均值参考,情感极性,文本,-1.2227082783356307,0.6359950895422563,是,否
v0384,训练均值参考,情感极性,语音,0.306287370622158,0.15931622215698305,是,否
v0384,训练均值参考,情感极性,视觉,0.393516487441957,0.20468868830076065,是,否
v0384,训练均值参考,情感强度,文本,-0.21112824231386182,0.5161967632267761,是,否
v0384,训练均值参考,情感强度,语音,-0.07152176089584827,0.17486671167295703,是,否
v0384,训练均值参考,情感强度,视觉,-0.12635729275643826,0.3089365251002668,是,否
v0384,零参考,情感极性,文本,-0.9756657465671499,0.5474426282153874,是,否
v0384,零参考,情感极性,语音,0.3588172669212023,0.20133110990474423,是,否
v0384,零参考,情感极性,视觉,0.4477416366959611,0.2512262618798684,是,否
v0384,零参考,情感强度,文本,-0.022400551165143646,0.25636869765663745,是,否
v0384,零参考,情感强度,语音,-0.037661888326207794,0.4310308791197859,是,否
v0384,零参考,情感强度,视觉,-0.0273138719300429,0.31260042322357656,是,否
v0385,训练均值参考,情感极性,文本,1.777032452325026,0.6137746196684758,是,是
v0385,训练均值参考,情感极性,语音,-0.55839188148578,0.1928646627901949,是,是
v0385,训练均值参考,情感极性,视觉,-0.5598280852039654,0.19336071754132925,是,是
v0385,训练均值参考,情感强度,文本,0.6130589793125788,0.6803306879725732,是,是
v0385,训练均值参考,情感强度,语音,-0.1964864631493886,0.21804716212070077,是,是
v0385,训练均值参考,情感强度,视觉,-0.09157366057236987,0.10162214990672598,是,是
v0385,零参考,情感极性,文本,2.9686171611150103,0.7778521881654752,是,是
v0385,零参考,情感极性,语音,-0.5368996957937876,0.14068119280214453,是,是
v0385,零参考,情感极性,视觉,-0.3109115163485209,0.08146661903238031,是,是
v0385,零参考,情感强度,文本,0.8412008086840311,0.8082086650892267,是,是
v0385,零参考,情感强度,语音,-0.16224509229262668,0.15588179196384486,是,是
v0385,零参考,情感强度,视觉,-0.037375417848428086,0.035909542946928406,是,是
v0386,训练均值参考,情感极性,文本,1.241180643439293,0.5515329607501792,是,是
v0386,训练均值参考,情感极性,语音,-0.48675744235515594,0.21629629399103223,是,是
v0386,训练均值参考,情感极性,视觉,-0.5224816203117371,0.23217074525878853,是,是
v0386,训练均值参考,情感强度,文本,0.39883744716644287,0.5786243664604327,是,是
v0386,训练均值参考,情感强度,语音,-0.11747969686985016,0.17043689266447623,是,是
v0386,训练均值参考,情感强度,视觉,-0.17296846210956573,0.25093874087509105,是,是
v0386,零参考,情感极性,文本,2.5251689329743385,0.7531473391442726,是,是
v0386,零参考,情感极性,语音,-0.5688080117106438,0.16965052710323722,是,是
v0386,零参考,情感极性,视觉,-0.2588450089097023,0.07720213375249019,是,是
v0386,零参考,情感强度,文本,0.6411685794591904,0.7524346614553378,是,是
v0386,零参考,情感强度,语音,-0.09984731674194336,0.11717445984848027,是,是
v0386,零参考,情感强度,视觉,-0.11110936105251311,0.13039087869618196,是,是
v0387,训练均值参考,情感极性,文本,2.750839514036973,0.816528478279291,是,是
v0387,训练均值参考,情感极性,语音,-0.3853035445014636,0.11436920084286988,是,是
v0387,训练均值参考,情感极性,视觉,-0.23280191669861475,0.0691023208778392,是,是
v0387,训练均值参考,情感强度,文本,1.0681400398413339,0.903574176422862,是,是
v0387,训练均值参考,情感强度,语音,-0.10329109927018482,0.08737727870283107,是,是
v0387,训练均值参考,情感强度,视觉,-0.010696535309155791,0.009048544874307122,是,是
v0387,零参考,情感极性,文本,4.066904598847032,0.8966527205628985,是,是
v0387,零参考,情感极性,语音,-0.4005842972546816,0.08831901295398376,是,是
v0387,零参考,情感极性,视觉,-0.06816298514604568,0.015028266483117754,是,是
v0387,零参考,情感强度,文本,1.2900985988477864,0.9250720926085759,是,是
v0387,零参考,情感强度,语音,-0.059404553224643074,0.04259635225639202,是,是
v0387,零参考,情感强度,视觉,0.04508934418360392,0.032331555135032046,是,是
v0388,训练均值参考,情感极性,文本,-0.27336334312955535,0.3394685960735292,是,否
v0388,训练均值参考,情感极性,语音,-0.20643415550390878,0.2563544627025008,是,否
v0388,训练均值参考,情感极性,视觉,-0.32547093058625853,0.4041769412239701,是,否
v0388,训练均值参考,情感强度,文本,-0.01386985182762146,0.10346776357606574,是,否
v0388,训练均值参考,情感强度,语音,-0.024177193641662598,0.18035954433676873,是,否
v0388,训练均值参考,情感强度,视觉,-0.0960029363632202,0.7161726920871654,是,否
v0388,零参考,情感极性,文本,1.117220232884089,0.7095935149088083,是,否
v0388,零参考,情感极性,语音,-0.34856873502333957,0.22139065028747126,是,否
v0388,零参考,情感极性,视觉,-0.10866205145915349,0.06901583480372057,是,否
v0388,零参考,情感强度,文本,0.2748719323426485,0.7585292214749708,是,否
v0388,零参考,情感强度,语音,-0.0479326881468296,0.1322737622330017,是,否
v0388,零参考,情感强度,视觉,-0.0395702552050352,0.10919701629202748,是,否
v0389,训练均值参考,情感极性,文本,0.5140959024429321,0.3405967445817128,是,是
v0389,训练均值参考,情感极性,语音,0.47244758903980255,0.3130040719013475,是,是
v0389,训练均值参考,情感极性,视觉,0.5228540897369385,0.3463991835169397,是,是
v0389,训练均值参考,情感强度,文本,-0.1356351425250371,0.40927149105924043,是,是
v0389,训练均值参考,情感强度,语音,-0.07747394343217213,0.23377331093135637,是,是
v0389,训练均值参考,情感强度,视觉,-0.11829719444115956,0.3569551980094033,是,是
v0389,零参考,情感极性,文本,-0.8069980343182881,0.4871951147324595,是,是
v0389,零参考,情感极性,语音,0.5326011615494887,0.3215381859349146,是,是
v0389,零参考,情感极性,视觉,0.3168173196415106,0.19126669933262583,是,是
v0389,零参考,情感强度,文本,0.10697379149496555,0.4822280220939601,是,是
v0389,零参考,情感强度,语音,-0.059889404103159904,0.26997593037928247,是,是
v0389,零参考,情感强度,视觉,-0.0549691878259182,0.24779604752675743,是,是
v0390,训练均值参考,情感极性,文本,-0.753184586763382,0.3877059236231474,是,否
v0390,训练均值参考,情感极性,语音,-0.7257335409522057,0.37357534626178807,是,否
v0390,训练均值参考,情感极性,视觉,0.4637516662478447,0.23871873011506456,是,否
v0390,训练均值参考,情感强度,文本,-0.37943948681155837,0.49258817656613174,是,否
v0390,训练均值参考,情感强度,语音,-0.15661890494326747,0.20332259420354656,是,否
v0390,训练均值参考,情感强度,视觉,0.23423920137186843,0.3040892292303218,是,否
v0390,零参考,情感极性,文本,0.5579753437389929,0.2603678202356817,是,否
v0390,零参考,情感极性,语音,-0.8456846053401628,0.3946214824185671,是,否
v0390,零参考,情感极性,视觉,0.7393673391391833,0.3450106973457512,是,否
v0390,零参考,情感强度,文本,-0.09916542656719683,0.199647663473906,是,否
v0390,零参考,情感强度,语音,-0.13842385821044445,0.27868583656050416,是,否
v0390,零参考,情感强度,视觉,0.2591128796339035,0.5216664999655898,是,否
v0391,训练均值参考,情感极性,文本,4.117309595147768,0.716436888860671,是,是
v0391,训练均值参考,情感极性,语音,0.8624424437681832,0.15007022594629438,是,是
v0391,训练均值参考,情感极性,视觉,-0.7671736975510914,0.13349288519303473,是,是
v0391,训练均值参考,情感强度,文本,-1.168833258251349,0.5897753546119524,是,是
v0391,训练均值参考,情感强度,语音,-0.40822827319304145,0.20598573225512778,是,是
v0391,训练均值参考,情感强度,视觉,0.40476637830336887,0.20423891313291995,是,是
v0391,零参考,情感极性,文本,2.5295569219936924,0.5537924297282303,是,是
v0391,零参考,情感极性,语音,0.9496818793316681,0.20791255213559015,是,是
v0391,零参考,情感极性,视觉,-1.0884598276267448,0.23829501813617968,是,是
v0391,零参考,情感强度,文本,-0.8923967611044644,0.525985494876134,是,是
v0391,零参考,情感强度,语音,-0.38035720959305763,0.22418545633211956,是,是
v0391,零参考,情感强度,视觉,0.4238646049052477,0.24982904879174642,是,是
v0392,训练均值参考,情感极性,文本,2.1967605849107104,0.853846518658358,是,是
v0392,训练均值参考,情感极性,语音,-0.18538867558042205,0.07205768181126626,是,是
v0392,训练均值参考,情感极性,视觉,0.19063230728109676,0.07409579953037568,是,是
v0392,训练均值参考,情感强度,文本,1.014614681402842,0.75841306842613,是,是
v0392,训练均值参考,情感强度,语音,-0.07084842522939044,0.05295840140721103,是,是
v0392,训练均值参考,情感强度,视觉,0.2523496548334757,0.18862853016665898,是,是
v0392,零参考,情感极性,文本,3.4277817457914352,0.851570055334784,是,是
v0392,零参考,情感极性,语音,-0.17844894528388977,0.04433239613240009,是,是
v0392,零参考,情感极性,视觉,0.4190185815095901,0.1040975485328159,是,是
v0392,零参考,情感强度,文本,1.295263186097145,0.7910090841112742,是,是
v0392,零参考,情感强度,语音,-0.059295445680618286,0.03621135587210145,是,是
v0392,零参考,情感强度,视觉,0.2829234302043915,0.17277956001662434,是,是
v0393,训练均值参考,情感极性,文本,-1.6952783266703286,0.7187822421303565,是,是
v0393,训练均值参考,情感极性,语音,0.48502769072850543,0.2056472294563465,是,是
v0393,训练均值参考,情感极性,视觉,0.17823628832896551,0.07557052841329691,是,是
v0393,训练均值参考,情感强度,文本,-0.14601763462026915,0.3488731181615452,是,是
v0393,训练均值参考,情感强度,语音,-0.09813741346200307,0.2344751408405927,是,是
v0393,训练均值参考,情感强度,视觉,-0.17438575377066928,0.41665174099786206,是,是
v0393,零参考,情感极性,文本,-1.3994394391775131,0.6594453142196682,是,是
v0393,零参考,情感极性,语音,0.5439335778355598,0.2563129486769454,是,是
v0393,零参考,情感极性,视觉,0.17877329140901566,0.08424173710338645,是,是
v0393,零参考,情感强度,文本,0.05613365272680919,0.27136879608957687,是,是
v0393,零参考,情感强度,语音,-0.07399633650978407,0.35772296613986504,是,是
v0393,零参考,情感强度,视觉,-0.07672375937302907,0.37090823777055826,是,是
v0394,训练均值参考,情感极性,文本,1.2427601913611093,0.6938528846105823,是,是
v0394,训练均值参考,情感极性,语音,-0.3657915045817693,0.20422724543673226,是,是
v0394,训练均值参考,情感极性,视觉,-0.18254872163136798,0.10191986995268555,是,是
v0394,训练均值参考,情感强度,文本,0.48523577551047004,0.8069617874389782,是,是
v0394,训练均值参考,情感强度,语音,-0.10508616765340169,0.17476147877903409,是,是
v0394,训练均值参考,情感强度,视觉,0.01099001864592234,0.018276733781987665,是,是
v0394,零参考,情感极性,文本,2.551159431536992,0.8567467503533216,是,是
v0394,零参考,情感极性,语音,-0.40993413577477134,0.1376667151187568,是,是
v0394,零参考,情感极性,视觉,0.01663518448670706,0.0055865345279216055,是,是
v0394,零参考,情感强度,文本,0.7615551147609949,0.8442447667625737,是,是
v0394,零参考,情感强度,语音,-0.096002746373415,0.10642672427723998,是,是
v0394,零参考,情感强度,视觉,0.04449702240526676,0.04932850896018631,是,是
v0395,训练均值参考,情感极性,文本,2.4631879304846125,0.8893542901073417,是,是
v0395,训练均值参考,情感极性,语音,-0.21804419408241907,0.0787266521730826,是,是
v0395,训练均值参考,情感极性,视觉,-0.08840418110291162,0.03191905771957581,是,是
v0395,训练均值参考,情感强度,文本,0.9749720593293507,0.9005042953925723,是,是
v0395,训练均值参考,情感强度,语音,-0.041742692391077675,0.03855441131848719,是,是
v0395,训练均值参考,情感强度,视觉,0.06598087151845296,0.06094129328894056,是,是
v0395,零参考,情感极性,文本,3.7116203134258585,0.888361642157984,是,是
v0395,零参考,情感极性,语音,-0.27821883062521613,0.06659057672452523,是,是
v0395,零参考,情感极性,视觉,0.18821193029483158,0.045047781117490776,是,是
v0395,零参考,情感强度,文本,1.233096129571398,0.8862822087804035,是,是
v0395,零参考,情感强度,语音,-0.03559254730741183,0.025581980745246882,是,是
v0395,零参考,情感强度,视觉,0.12262451586623985,0.08813581047434954,是,是
v0396,训练均值参考,情感极性,文本,2.71660565584898,0.7477750559429064,是,是
v0396,训练均值参考,情感极性,语音,-0.32893361896276474,0.09054253229275386,是,是
v0396,训练均值参考,情感极性,视觉,-0.5873789861798286,0.16168241176433976,是,是
v0396,训练均值参考,情感强度,文本,1.008951835334301,0.8133779383176328,是,是
v0396,训练均值参考,情感强度,语音,-0.10502529889345169,0.08466733306138893,是,是
v0396,训练均值参考,情感强度,视觉,-0.12646938860416412,0.10195472862097821,是,是
v0396,零参考,情感极性,文本,3.9461427082618075,0.8529840052914968,是,是
v0396,零参考,情感极性,语音,-0.35503177593151725,0.07674239089371704,是,是
v0396,零参考,情感极性,视觉,-0.3251053566733996,0.07027360381478603,是,是
v0396,零参考,情感强度,文本,1.2361115980893373,0.9004509134071392,是,是
v0396,零参考,情感强度,语音,-0.08739363588392735,0.06366227724041297,是,是
v0396,零参考,情感强度,视觉,-0.049264319241046906,0.03588680935244777,是,是
v0397,训练均值参考,情感极性,文本,0.4777063441773255,0.23349795379780192,是,是
v0397,训练均值参考,情感极性,语音,-0.39477418238917983,0.19296156503598105,是,是
v0397,训练均值参考,情感极性,视觉,-1.1733889828125634,0.573540481166217,是,是
v0397,训练均值参考,情感强度,文本,0.11434434354305266,0.254606580967413,是,是
v0397,训练均值参考,情感强度,语音,-0.052902303636074066,0.11779572331017267,是,是
v0397,训练均值参考,情感强度,视觉,-0.2818554267287254,0.6275976957224143,是,是
v0397,零参考,情感极性,文本,1.8158616802344718,0.5574351942974278,是,是
v0397,零参考,情感极性,语音,-0.448180587341388,0.13758296433279135,是,是
v0397,零参考,情感极性,视觉,-0.9934873947252829,0.30498184136978085,是,是
v0397,零参考,情感强度,文本,0.34872543066740036,0.5838902760999012,是,是
v0397,零参考,情感强度,语音,-0.05412927828729152,0.09063164445382557,是,是
v0397,零参考,情感强度,视觉,-0.1943900901824236,0.32547807944627327,是,是
v0398,训练均值参考,情感极性,文本,-0.22542786101500192,0.12854875855189687,是,否
v0398,训练均值参考,情感极性,语音,0.37924332295854885,0.216261016432983,是,否
v0398,训练均值参考,情感极性,视觉,1.1489658293624718,0.6551902250151201,是,否
v0398,训练均值参考,情感强度,文本,0.06529871374368668,0.1587998840380138,是,否
v0398,训练均值参考,情感强度,语音,-0.08203266561031342,0.19949516674065282,是,否
v0398,训练均值参考,情感强度,视觉,-0.26386988908052444,0.6417049492213334,是,否
v0398,零参考,情感极性,文本,-1.4819426381339629,0.5290588503626872,是,否
v0398,零参考,情感极性,语音,0.4330101429174344,0.15458617797497498,是,否
v0398,零参考,情感极性,视觉,0.8861394549409549,0.3163549716623377,是,否
v0398,零参考,情感强度,文本,0.2854231068243583,0.5389129880086403,是,否
v0398,零参考,情感强度,语音,-0.06879699664811292,0.12989696399202283,是,否
v0398,零参考,情感强度,视觉,-0.17540733764568964,0.3311900479993368,是,否
v0399,训练均值参考,情感极性,文本,0.474808690448602,0.2892145676098734,是,否
v0399,训练均值参考,情感极性,语音,0.21881651630004245,0.13328510075884167,是,否
v0399,训练均值参考,情感极性,视觉,0.9480925475557644,0.5775003316312849,是,否
v0399,训练均值参考,情感强度,文本,-0.09539501368999481,0.30570419971038126,是,否
v0399,训练均值参考,情感强度,语音,-0.021769210696220398,0.06976191812122681,是,否
v0399,训练均值参考,情感强度,视觉,-0.19488583505153656,0.6245338821683919,是,否
v0399,零参考,情感极性,文本,-0.8332030121237038,0.45176653812990303,是,否
v0399,零参考,情感极性,语音,0.2376261726021766,0.1288420130550439,是,否
v0399,零参考,情感极性,视觉,0.7734929192811251,0.4193914488150531,是,否
v0399,零参考,情感强度,文本,0.1326351184397936,0.5143259343419113,是,否
v0399,零参考,情感强度,语音,-0.015412336215376852,0.059765198822238214,是,否
v0399,零参考,情感强度,视觉,-0.10983399674296379,0.42590886683585044,是,否
v0400,训练均值参考,情感极性,文本,3.3533099163323636,0.8423388046787849,是,是
v0400,训练均值参考,情感极性,语音,-0.4926989432424307,0.12376411643193759,是,是
v0400,训练均值参考,情感极性,视觉,-0.13494262658059597,0.03389707888927755,是,是
v0400,训练均值参考,情感强度,文本,-0.6670467642446358,0.717106853378509,是,是
v0400,训练均值参考,情感强度,语音,0.14915060872832936,0.16034396602729875,是,是
v0400,训练均值参考,情感强度,视觉,0.113994217167298,0.12254918059419229,是,是
v0400,零参考,情感极性,文本,1.9553930504868426,0.6509910261964815,是,是
v0400,零参考,情感极性,语音,-0.6504487277319033,0.21654791329495768,是,是
v0400,零参考,情感极性,视觉,-0.3978755877663691,0.13246106050856077,是,是
v0400,零参考,情感强度,文本,-0.4108185780545075,0.5559733166069077,是,是
v0400,零参考,情感强度,语音,0.15168733025590578,0.20528309232995254,是,是
v0400,零参考,情感强度,视觉,0.17641188825170198,0.23874359106313983,是,是
v0401,训练均值参考,情感极性,文本,-0.47338851541280746,0.37451517796596007,是,是
v0401,训练均值参考,情感极性,语音,-0.6236408017575741,0.4933853235822562,是,是
v0401,训练均值参考,情感极性,视觉,-0.1669742353260517,0.13209949845178373,是,是
v0401,训练均值参考,情感强度,文本,-0.15714242060979206,0.5565206714425813,是,是
v0401,训练均值参考,情感强度,语音,-0.11667844404776889,0.41321729531951573,是,是
v0401,训练均值参考,情感强度,视觉,-0.008544964094956715,0.030262033237902997,是,是
v0401,零参考,情感极性,文本,0.9401593661556641,0.5440887110508775,是,是
v0401,零参考,情感极性,语音,-0.7625656810899575,0.4413117535726098,是,是
v0401,零参考,情感极性,视觉,0.025227301443616543,0.014599535376512585,是,是
v0401,零参考,情感强度,文本,0.11807292886078356,0.4583244925544771,是,是
v0401,零参考,情感强度,语音,-0.10832083784043789,0.4204697343862012,是,是
v0401,零参考,情感强度,视觉,0.031224865466356274,0.12120577305932159,是,是
v0402,训练均值参考,情感极性,文本,2.5610080622136593,0.8603087958618121,是,是
v0402,训练均值参考,情感极性,语音,-0.09745742380619049,0.032738467386950056,是,是
v0402,训练均值参考,情感极性,视觉,-0.31838198378682137,0.10695273675123786,是,是
v0402,训练均值参考,情感强度,文本,0.9838542789220809,0.9120367785467409,是,是
v0402,训练均值参考,情感强度,语音,-0.0053601711988449105,0.004968899741951223,是,是
v0402,训练均值参考,情感强度,视觉,-0.08952963352203369,0.08299432171130777,是,是
v0402,零参考,情感极性,文本,3.8452886765201884,0.9426694035421683,是,是
v0402,零参考,情感极性,语音,-0.14140227685372034,0.03466465360458387,是,是
v0402,零参考,情感极性,视觉,-0.0924577514330546,0.02266594285324785,是,是
v0402,零参考,情感强度,文本,1.2368250209838152,0.9800392689098796,是,是
v0402,零参考,情感强度,语音,-0.010697947815060614,0.008476873266331862,是,是
v0402,零参考,情感强度,视觉,-0.014492809772491452,0.011483857823788595,是,是
v0403,训练均值参考,情感极性,文本,0.6549604510267575,0.43177548142842437,是,否
v0403,训练均值参考,情感极性,语音,0.080764373143514,0.05324302565389711,是,否
v0403,训练均值参考,情感极性,视觉,0.7811756928761799,0.5149814929176785,是,否
v0403,训练均值参考,情感强度,文本,-0.206438476840655,0.5697486688774857,是,否
v0403,训练均值参考,情感强度,语音,-0.002225349346796671,0.006141732139902581,是,否
v0403,训练均值参考,情感强度,视觉,-0.15366870413223901,0.4241095989826117,是,否
v0403,零参考,情感极性,文本,-0.6154563426971434,0.48016964905112763,是,否
v0403,零参考,情感极性,语音,0.11445906944572926,0.08929921977182273,是,否
v0403,零参考,情感极性,视觉,0.5518322866410017,0.43053113117704955,是,否
v0403,零参考,情感强度,文本,0.025801636899511017,0.28197736374887183,是,否
v0403,零参考,情感强度,语音,-0.0016667706271012626,0.018215572493889914,是,否
v0403,零参考,情感强度,视觉,-0.06403410372634728,0.6998070637572382,是,否
v0404,训练均值参考,情感极性,文本,0.14528755346934,0.16672245741779956,是,是
v0404,训练均值参考,情感极性,语音,-0.5840453704198201,0.6702121212360433,是,是
v0404,训练均值参考,情感极性,视觉,-0.14210068931182224,0.16306542134615706,是,是
v0404,训练均值参考,情感强度,文本,0.06321618457635243,0.24342963153835007,是,是
v0404,训练均值参考,情感强度,语音,-0.16523046294848123,0.6362609667763122,是,是
v0404,训练均值参考,情感强度,视觉,0.031243120630582173,0.12030940168533781,是,是
v0404,零参考,情感极性,文本,1.4219858416666586,0.612718929693774,是,是
v0404,零参考,情感极性,语音,-0.7177361237506071,0.30926504094554896,是,是
v0404,零参考,情感极性,视觉,0.18105804113050303,0.07801602936067704,是,是
v0404,零参考,情感强度,文本,0.32195624336600304,0.578934352080038,是,是
v0404,零参考,情感强度,语音,-0.15216682106256485,0.2736228968226227,是,是
v0404,零参考,情感强度,视觉,0.08199567720293997,0.14744275109733931,是,是
v0405,训练均值参考,情感极性,文本,1.6751290559768677,0.4353225601075679,是,是
v0405,训练均值参考,情感极性,语音,-0.43528521060943604,0.113119327483075,是,是
v0405,训练均值参考,情感极性,视觉,-1.7376037538051605,0.45155811240935706,是,是
v0405,训练均值参考,情感强度,文本,0.3764296074708302,0.41004733265082005,是,是
v0405,训练均值参考,情感强度,语音,-0.067092294494311,0.07308409288965767,是,是
v0405,训练均值参考,情感强度,视觉,-0.47449311117331183,0.5168685744595223,是,是
v0405,零参考,情感极性,文本,2.8575203468402224,0.6017859446506764,是,是
v0405,零参考,情感极性,语音,-0.5311094323794048,0.11185018921413677,是,是
v0405,零参考,情感极性,视觉,-1.3597701663772264,0.28636386613518694,是,是
v0405,零参考,情感强度,文本,0.5656726143012444,0.5794512583244089,是,是
v0405,零参考,情感强度,语音,-0.06369161730011304,0.06524301664286174,是,是
v0405,零参考,情感强度,视觉,-0.34685698834558326,0.35530572503272934,是,是
v0406,训练均值参考,情感极性,文本,3.5948615297675133,0.8279882062160102,是,否
v0406,训练均值参考,情感极性,语音,0.1041208952665329,0.02398169514666037,是,否
v0406,训练均值参考,情感极性,视觉,0.6426996216177939,0.14803009863732935,是,否
v0406,训练均值参考,情感强度,文本,-0.9732048586010933,0.7841013932189338,是,否
v0406,训练均值参考,情感强度,语音,0.06905827671289444,0.05563956088517041,是,否
v0406,训练均值参考,情感强度,视觉,-0.19890907406806946,0.16025904589589576,是,否
v0406,零参考,情感极性,文本,2.071634872506062,0.8192405436859442,是,否
v0406,零参考,情感极性,语音,0.14032533826927343,0.05549250398433675,是,否
v0406,零参考,情感极性,视觉,0.31676580073932803,0.1252669523297191,是,否
v0406,零参考,情感强度,文本,-0.7525187466914455,0.821082289027338,是,否
v0406,零参考,情感强度,语音,0.06501096238692601,0.07093424588186967,是,否
v0406,零参考,情感强度,视觉,-0.09896642869959274,0.10798346509079226,是,否
v0407,训练均值参考,情感极性,文本,2.5130172731975713,0.6991798749823432,是,否
v0407,训练均值参考,情感极性,语音,-0.5031835933526356,0.1399973830843631,是,否
v0407,训练均值参考,情感极性,视觉,-0.57803484176596,0.16082274193329368,是,否
v0407,训练均值参考,情感强度,文本,-0.6108312209447224,0.8587761036150036,是,否
v0407,训练均值参考,情感强度,语音,0.06590760002533594,0.09266041094107098,是,否
v0407,训练均值参考,情感强度,视觉,-0.03454228987296423,0.04856348544392542,是,否
v0407,零参考,情感极性,文本,2.251174197842677,0.657340041474952,是,否
v0407,零参考,情感极性,语音,-0.6048262814680735,0.17660851538115796,是,否
v0407,零参考,情感极性,视觉,-0.568671769152085,0.16605144314389014,是,否
v0407,零参考,情感强度,文本,-0.4178424601753552,0.722443450048068,是,否
v0407,零参考,情感强度,语音,0.07524925532440345,0.1301048524539498,是,否
v0407,零参考,情感强度,视觉,0.08528221833209196,0.1474516974979821,是,否
v0408,训练均值参考,情感极性,文本,1.3758809970070915,0.5222403143462452,是,否
v0408,训练均值参考,情感极性,语音,0.36715531659622985,0.13936038681412355,是,否
v0408,训练均值参考,情感极性,视觉,0.8915381518503029,0.3383992988396313,是,否
v0408,训练均值参考,情感强度,文本,-0.19435489860673746,0.4821484421270385,是,否
v0408,训练均值参考,情感强度,语音,-0.05919765991469223,0.1468553646450034,是,否
v0408,训练均值参考,情感强度,视觉,-0.1495492284496625,0.370996193227958,是,否
v0408,零参考,情感极性,文本,0.15046705802281699,0.1285194353603117,是,否
v0408,零参考,情感极性,语音,0.47410862085719896,0.4049535695898533,是,否
v0408,零参考,情感极性,视觉,0.5461971120287974,0.46652699504983486,是,否
v0408,零参考,情感强度,文本,-0.007624727363387743,0.09113625670322363,是,否
v0408,零参考,情感强度,语音,-0.05106138686339061,0.6103226304392031,是,否
v0408,零参考,情感强度,视觉,-0.024976827825109165,0.2985411128575733,是,否
v0409,训练均值参考,情感极性,文本,1.358904664715131,0.49786434002402435,是,否
v0409,训练均值参考,情感极性,语音,-0.6062805900971094,0.22212410752254624,是,否
v0409,训练均值参考,情感极性,视觉,-0.7642825047175089,0.2800115524534294,是,否
v0409,训练均值参考,情感强度,文本,0.42528127382198966,0.49850412831485463,是,否
v0409,训练均值参考,情感强度,语音,-0.16513462116320926,0.193566694432039,是,否
v0409,训练均值参考,情感强度,视觉,-0.262698953350385,0.3079291772531064,是,否
v0409,零参考,情感极性,文本,2.765922217319409,0.678507565718275,是,否
v0409,零参考,情感极性,语音,-0.707918103163441,0.17365918169992295,是,否
v0409,零参考,情感极性,视觉,-0.6026392312099536,0.14783325258180208,是,否
v0409,零参考,情感强度,文本,0.647152396539847,0.6649174839098057,是,否
v0409,零参考,情感强度,语音,-0.14202395205696422,0.14592267503227724,是,否
v0409,零参考,情感强度,视觉,-0.18410591905315715,0.1891598410579171,是,否
v0410,训练均值参考,情感极性,文本,0.11960670848687488,0.08434407190789794,是,是
v0410,训练均值参考,情感极性,语音,-0.8937855909268061,0.6302783272365201,是,是
v0410,训练均值参考,情感极性,视觉,-0.40468849490086234,0.28537760085558195,是,是
v0410,训练均值参考,情感强度,文本,-0.047960033019383744,0.15026058122229435,是,是
v0410,训练均值参考,情感强度,语音,-0.19741520037253696,0.6185092228377758,是,是
v0410,训练均值参考,情感强度,视觉,-0.07380383958419164,0.2312301959399299,是,是
v0410,零参考,情感极性,文本,1.5861501538505154,0.5498950586334288,是,是
v0410,零参考,情感极性,语音,-1.085296948129932,0.3762565779020407,是,是
v0410,零参考,情感极性,视觉,-0.21301263074080148,0.07384836346453057,是,是
v0410,零参考,情感强度,文本,0.22191150051852065,0.5045776880705574,是,是
v0410,零参考,情感强度,语音,-0.1897948576758305,0.4315515431601455,是,是
v0410,零参考,情感强度,视觉,-0.0280901404718558,0.06387076876929713,是,是
v0411,训练均值参考,情感极性,文本,-0.8333058382074039,0.2781690640981331,是,否
v0411,训练均值参考,情感极性,语音,0.5031063084801037,0.1679438743317011,是,否
v0411,训练均值参考,情感极性,视觉,1.6592690621813138,0.5538870615701659,是,否
v0411,训练均值参考,情感强度,文本,0.22133575876553852,0.29387445690226566,是,否
v0411,训练均值参考,情感强度,语音,-0.09769704441229501,0.12971544240184432,是,否
v0411,训练均值参考,情感强度,视觉,-0.4341315279404322,0.5764101006958899,是,否
v0411,零参考,情感极性,文本,-2.0140818810711303,0.5174449877442232,是,否
v0411,零参考,情感极性,语音,0.6548986894388993,0.1682523672524172,是,否
v0411,零参考,情感极性,视觉,1.2233788662900524,0.31430264500335947,是,否
v0411,零参考,情感强度,文本,0.41564424832661945,0.5063500488900506,是,否
v0411,零参考,情感强度,语音,-0.08647028977672258,0.10534065040537749,是,否
v0411,零参考,情感强度,视觉,-0.3187489124635855,0.3883093007045718,是,否
v0412,训练均值参考,情感极性,文本,-1.825798408438762,0.6813788207899699,是,否
v0412,训练均值参考,情感极性,语音,0.5088354746500651,0.1898948504340285,是,否
v0412,训练均值参考,情感极性,视觉,0.34493048364917434,0.12872632877600154,是,否
v0412,训练均值参考,情感强度,文本,-0.32420411581794417,0.6937174575207804,是,否
v0412,训练均值参考,情感强度,语音,-0.05309993276993434,0.11362085969435551,是,否
v0412,训练均值参考,情感强度,视觉,-0.09003912160793939,0.192661682784864,是,否
v0412,零参考,情感极性,文本,-1.542561785628398,0.6251088539281222,是,否
v0412,零参考,情感极性,语音,0.5831009323398272,0.23629624364827684,是,否
v0412,零参考,情感极性,视觉,0.34200635428229964,0.13859490242360106,是,否
v0412,零参考,情感强度,文本,-0.11888444485763708,0.8013746885853141,是,否
v0412,零参考,情感强度,语音,-0.027525751541058224,0.18554522078735383,是,否
v0412,零参考,情感强度,视觉,0.0019404397656520196,0.013080090627332003,是,否
v0413,训练均值参考,情感极性,文本,1.3842916364471116,0.34740737146285855,是,否
v0413,训练均值参考,情感极性,语音,-0.6366867174704869,0.15978544776116496,是,否
v0413,训练均值参考,情感极性,视觉,-1.96365683277448,0.4928071807759765,是,否
v0413,训练均值参考,情感强度,文本,0.2569808016220728,0.3146860844292326,是,否
v0413,训练均值参考,情感强度,语音,-0.03642396007974943,0.04460299487181035,是,否
v0413,训练均值参考,情感强度,视觉,-0.5232211214800675,0.640710920698957,是,否
v0413,零参考,情感极性,文本,2.5236266137411194,0.5257249690680943,是,否
v0413,零参考,情感极性,语音,-0.7475652086238066,0.1557336945331686,是,否
v0413,零参考,情感极性,视觉,-1.529087339217464,0.31854133639873716,是,否
v0413,零参考,情感强度,文本,0.44048112320403254,0.5090231179017407,是,否
v0413,零参考,情感强度,语音,-0.023944669713576634,0.02767063057339338,是,否
v0413,零参考,情感强度,视觉,-0.4009202153732379,0.46330625152486593,是,否
v0414,训练均值参考,情感极性,文本,1.7768569911519685,0.580212483884484,是,否
v0414,训练均值参考,情感极性,语音,-0.34309924890597654,0.11203516569871867,是,否
v0414,训练均值参考,情感极性,视觉,-0.9424683724840481,0.30775235041679727,是,否
v0414,训练均值参考,情感强度,文本,0.5592396855354309,0.5724106589532492,是,否
v0414,训练均值参考,情感强度,语音,-0.07149940729141235,0.07318333069166841,是,否
v0414,训练均值参考,情感强度,视觉,-0.3462512493133545,0.35440601035508246,是,否
v0414,零参考,情感极性,文本,3.029236249004801,0.7380037598474385,是,否
v0414,零参考,情感极性,语音,-0.4089095449695984,0.09962140844056386,是,否
v0414,零参考,情感极性,视觉,-0.6664894583324591,0.16237483171199765,是,否
v0414,零参考,情感强度,文本,0.7782190063347418,0.7091291425770276,是,否
v0414,零参考,情感强度,语音,-0.06312762635449569,0.05752318972588942,是,否
v0414,零参考,情感强度,视觉,-0.2560825372735659,0.23334766769708304,是,否
v0415,训练均值参考,情感极性,文本,-0.023624615122874577,0.02690356404243996,是,否
v0415,训练均值参考,情感极性,语音,-0.25862524410088855,0.29452081151251785,是,否
v0415,训练均值参考,情感极性,视觉,-0.5958722767730553,0.6785756244450422,是,否
v0415,训练均值参考,情感强度,文本,0.01745931307474772,0.10464375134004117,是,否
v0415,训练均值参考,情感强度,语音,-0.06419745584328967,0.3847724464970423,是,否
v0415,训练均值参考,情感强度,视觉,-0.08518848319848378,0.5105838021629165,是,否
v0415,零参考,情感极性,文本,1.1143062512079873,0.6795555125956303,是,否
v0415,零参考,情感极性,语音,-0.27208346997698146,0.16592908969914258,是,否
v0415,零参考,情感极性,视觉,-0.25336778288086254,0.15451539770522715,是,否
v0415,零参考,情感强度,文本,0.26792029043038684,0.7782821093276453,是,否
v0415,零参考,情感强度,语音,-0.05272232244412104,0.15315316452720945,是,否
v0415,零参考,情感强度,视觉,-0.023603113989035286,0.06856472614514518,是,否
v0416,训练均值参考,情感极性,文本,0.5786393756667773,0.33899946147779664,是,否
v0416,训练均值参考,情感极性,语音,0.37392476449410117,0.21906613882030396,是,否
v0416,训练均值参考,情感极性,视觉,0.7543393845359483,0.44193439970189935,是,否
v0416,训练均值参考,情感强度,文本,-0.10421957572301227,0.33521495990338246,是,否
v0416,训练均值参考,情感强度,语音,-0.07542554785807927,0.242600987631481,是,否
v0416,训练均值参考,情感强度,视觉,-0.1312585895260175,0.4221840524651366,是,否
v0416,零参考,情感极性,文本,-0.5997222947577635,0.41591133682366543,是,否
v0416,零参考,情感极性,语音,0.48539141689737636,0.3366221246886662,是,否
v0416,零参考,情感极性,视觉,0.35683374603589374,0.2474665384876684,是,否
v0416,零参考,情感强度,文本,0.1322268893321355,0.5183788984681423,是,否
v0416,零参考,情感强度,语音,-0.0716373814890782,0.2808453491798611,是,否
v0416,零参考,情感强度,视觉,-0.051213414097825684,0.20077575235199666,是,否
v0417,训练均值参考,情感极性,文本,1.3609366479019323,0.7446008664054774,是,否
v0417,训练均值参考,情感极性,语音,0.32073081719378627,0.17547947197512673,是,否
v0417,训练均值参考,情感极性,视觉,0.14607234733800095,0.07991966161939588,是,否
v0417,训练均值参考,情感强度,文本,-0.2944198021044333,0.7941278421270318,是,否
v0417,训练均值参考,情感强度,语音,-0.0632460576792558,0.17059129497700629,是,否
v0417,训练均值参考,情感强度,视觉,-0.013080242400368055,0.03528086289596205,是,否
v0417,零参考,情感极性,文本,0.21566096631189186,0.26699137534954337,是,否
v0417,零参考,情感极性,语音,0.36895147648950416,0.4567672297392726,是,否
v0417,零参考,情感极性,视觉,-0.22313262398044265,0.27624139491118405,是,否
v0417,零参考,情感强度,文本,-0.05223803843061128,0.34832792370586657,是,否
v0417,零参考,情感强度,语音,-0.04678411285082498,0.31196065896301534,是,否
v0417,零参考,情感强度,视觉,0.050945838292439774,0.33971141733111815,是,否
v0418,训练均值参考,情感极性,文本,0.6606266523400942,0.3497966339458615,是,是
v0418,训练均值参考,情感极性,语音,0.576056736210982,0.30501752627550044,是,是
v0418,训练均值参考,情感极性,视觉,0.6519186968604723,0.3451858397786379,是,是
v0418,训练均值参考,情感强度,文本,-0.12886594235897064,0.36511097362763056,是,是
v0418,训练均值参考,情感强度,语音,-0.11047206819057465,0.3129963094776603,是,是
v0418,训练均值参考,情感强度,视觉,-0.1136120557785034,0.32189271689470916,是,是
v0418,零参考,情感极性,文本,-0.5265442381302515,0.3565887312433553,是,是
v0418,零参考,情感极性,语音,0.6589363285650809,0.4462479168085634,是,是
v0418,零参考,情感极性,视觉,0.29113434565563995,0.19716335194808127,是,是
v0418,零参考,情感强度,文本,0.09946784252921739,0.43115073544486765,是,是
v0418,零参考,情感强度,语音,-0.09464131233592828,0.410229782606545,是,是
v0418,零参考,情感强度,视觉,-0.03659401771922906,0.15861948194858735,是,是
v0419,训练均值参考,情感极性,文本,0.15592386325200397,0.37487963852815515,是,是
v0419,训练均值参考,情感极性,语音,-0.2114467496673266,0.5083704279128163,是,是
v0419,训练均值参考,情感极性,视觉,-0.04855985442797343,0.11674993355902852,是,是
v0419,训练均值参考,情感强度,文本,0.05359993875026703,0.5435634302984511,是,是
v0419,训练均值参考,情感强度,语音,-0.021733075380325317,0.22039773328296183,是,是
v0419,训练均值参考,情感强度,视觉,0.023275420069694516,0.23603883641858706,是,是
v0419,零参考,情感极性,文本,1.6057002109785874,0.7583995330670897,是,是
v0419,零参考,情感极性,语音,-0.37794076154629386,0.17850785291299429,是,是
v0419,零参考,情感极性,视觉,0.13358107333381972,0.0630926140199159,是,是
v0419,零参考,情感强度,文本,0.37287958711385727,0.8007222988717454,是,是
v0419,零参考,情感强度,语音,-0.044452883303165436,0.0954582018970093,是,是
v0419,零参考,情感强度,视觉,0.048346564173698425,0.1038194992312453,是,是
v0420,训练均值参考,情感极性,文本,2.6996138244867325,0.7788406702694407,是,是
v0420,训练均值参考,情感极性,语音,-0.15221168100833893,0.043913187354458816,是,是
v0420,训练均值参考,情感极性,视觉,-0.6143697351217269,0.17724614237610048,是,是
v0420,训练均值参考,情感强度,文本,1.0291928872466087,0.8060944061107467,是,是
v0420,训练均值参考,情感强度,语音,-0.01790781319141388,0.014025930627925192,是,是
v0420,训练均值参考,情感强度,视觉,-0.2296640053391456,0.17987966326132804,是,是
v0420,零参考,情感极性,文本,3.9467801352341967,0.8784001043071651,是,是
v0420,零参考,情感极性,语音,-0.11817725996176401,0.02630167222907356,是,是
v0420,零参考,情感极性,视觉,-0.42818885544935853,0.09529822346376121,是,是
v0420,零参考,情感强度,文本,1.2510625589638948,0.8958452315925225,是,是
v0420,零参考,情感强度,语音,-0.006884705275297164,0.004929913654280213,是,是
v0420,零参考,情感强度,视觉,-0.13856913708150387,0.09922485475319733,是,是
v0421,训练均值参考,情感极性,文本,0.945141840726137,0.40887758654460943,是,是
v0421,训练均值参考,情感极性,语音,-0.2638692855834961,0.1141524287716856,是,是
v0421,训练均值参考,情感极性,视觉,-1.1025409661233425,0.47696998468370494,是,是
v0421,训练均值参考,情感强度,文本,0.2522468790411949,0.3899749785275345,是,是
v0421,训练均值参考,情感强度,语音,-0.037365369498729706,0.05776705433711551,是,是
v0421,训练均值参考,情感强度,视觉,-0.35721611976623535,0.55225796713535,是,是
v0421,零参考,情感极性,文本,2.225884004185597,0.6533695570300515,是,是
v0421,零参考,情感极性,语音,-0.30483250071605045,0.08947828170142232,是,是
v0421,零参考,情感极性,视觉,-0.8760599208374817,0.2571521612685262,是,是
v0421,零参考,情感强度,文本,0.47738012609382463,0.6164316505290297,是,是
v0421,零参考,情感强度,语音,-0.039930096517006554,0.05156095521438637,是,是
v0421,零参考,情感强度,视觉,-0.2571148506055276,0.33200739425658404,是,是
v0422,训练均值参考,情感极性,文本,0.3580453644196192,0.19758332586647132,是,否
v0422,训练均值参考,情感极性,语音,0.44932135070363677,0.24795295701913872,是,否
v0422,训练均值参考,情感极性,视觉,1.00475666547815,0.5544637171143899,是,否
v0422,训练均值参考,情感强度,文本,-0.09420467168092728,0.26659264979908043,是,否
v0422,训练均值参考,情感强度,语音,-0.0658537372946739,0.18636148304855313,是,否
v0422,训练均值参考,情感强度,视觉,-0.19330719113349912,0.5470458671523664,是,否
v0422,零参考,情感极性,文本,-0.8815792600313821,0.41780531859748776,是,否
v0422,零参考,情感极性,语音,0.46986823280652357,0.22268383071940673,是,否
v0422,零参考,情感极性,视觉,0.7585765322049458,0.3595108506831055,是,否
v0422,零参考,情感强度,文本,0.11463424873848756,0.4388499630903392,是,否
v0422,零参考,情感强度,语音,-0.04731840329865614,0.18114725546360316,是,否
v0422,零参考,情感强度,视觉,-0.09926247472564378,0.3800027814460577,是,否
v0423,训练均值参考,情感极性,文本,1.4370595626533031,0.7175020072541336,是,否
v0423,训练均值参考,情感极性,语音,-0.40597451105713844,0.202696905645091,是,否
v0423,训练均值参考,情感极性,视觉,-0.15983079373836517,0.07980108710077538,是,否
v0423,训练均值参考,情感强度,文本,0.45578235387802124,0.8112471660621287,是,否
v0423,训练均值参考,情感强度,语音,-0.08650663495063782,0.15397318885245276,是,否
v0423,训练均值参考,情感强度,视觉,0.019540220499038696,0.03477964508541863,是,否
v0423,零参考,情感极性,文本,2.7912213454643884,0.8602983935409033,是,否
v0423,零参考,情感极性,语音,-0.450478916366895,0.1388446991866956,是,否
v0423,零参考,情感极性,视觉,-0.0027802189191182478,0.0008569072724010418,是,否
v0423,零参考,情感强度,文本,0.7399460040032864,0.8560887805055831,是,否
v0423,零参考,情感强度,语音,-0.07615587115287781,0.08810938434815566,是,否
v0423,零参考,情感强度,视觉,0.04823138192296028,0.05580183514626117,是,否
v0424,训练均值参考,情感极性,文本,2.1344658335049944,0.856819583098976,是,是
v0424,训练均值参考,情感极性,语音,-0.35159508387247723,0.14113767878335098,是,是
v0424,训练均值参考,情感极性,视觉,0.00508876641591389,0.0020427381176730403,是,是
v0424,训练均值参考,情感强度,文本,-0.2531925837198893,0.4618777099787383,是,是
v0424,训练均值参考,情感强度,语音,-0.11239557030300298,0.20503368566568062,是,是
v0424,训练均值参考,情感强度,视觉,-0.18259284334878126,0.33308860435558124,是,是
v0424,零参考,情感极性,文本,1.8124725768963494,0.7968093941697443,是,是
v0424,零参考,情感极性,语音,-0.4201135536034902,0.1846926846763756,是,是
v0424,零参考,情感极性,视觉,0.04207653055588405,0.018497921153880176,是,是
v0424,零参考,情感强度,文本,-0.04063046723604202,0.1789900894115287,是,是
v0424,零参考,情感强度,语音,-0.09306363761425017,0.4099748280216778,是,是
v0424,零参考,情感强度,视觉,-0.09330431371927261,0.41103508256679344,是,是
v0425,训练均值参考,情感极性,文本,-1.565292046715816,0.7762638881603582,是,否
v0425,训练均值参考,情感极性,语音,0.08343733350435893,0.04137846931486089,是,否
v0425,训练均值参考,情感极性,视觉,0.367713830123345,0.1823576425247808,是,否
v0425,训练均值参考,情感强度,文本,-0.24207269152005512,0.5738868684878984,是,否
v0425,训练均值参考,情感强度,语音,-0.027430494626363117,0.06503005590324289,是,否
v0425,训练均值参考,情感强度,视觉,-0.15230937798817953,0.3610830756088587,是,否
v0425,零参考,情感极性,文本,-1.2970249118904271,0.7073742966281127,是,否
v0425,零参考,情感极性,语音,0.14513550450404483,0.07915432037822583,是,否
v0425,零参考,情感极性,视觉,0.391416118790706,0.21347138299366153,是,否
v0425,零参考,情感强度,文本,-0.001012236500779788,0.010082680252722409,是,否
v0425,零参考,情感强度,语音,-0.04520754391948382,0.4503030764054839,是,否
v0425,零参考,情感强度,视觉,-0.054173812891046204,0.5396142433417936,是,否
v0426,训练均值参考,情感极性,文本,1.4602380928893883,0.4707231877170822,是,否
v0426,训练均值参考,情感极性,语音,-0.25557517508665717,0.08238735977644139,是,否
v0426,训练均值参考,情感极性,视觉,-1.3863030734161534,0.4468894525064764,是,否
v0426,训练均值参考,情感强度,文本,0.4186240881681442,0.5023416059682646,是,否
v0426,训练均值参考,情感强度,语音,-0.003951773047447205,0.004742058747176972,是,否
v0426,训练均值参考,情感强度,视觉,-0.4107695817947387,0.4929163352845583,是,否
v0426,零参考,情感极性,文本,2.729221573099494,0.6536380095638462,是,否
v0426,零参考,情感极性,语音,-0.3261005748063326,0.07809982624165154,是,否
v0426,零参考,情感极性,视觉,-1.120110634714365,0.2682621641945022,是,否
v0426,零参考,情感强度,文本,0.6490271513660748,0.6666725604371769,是,否
v0426,零参考,情感强度,语音,-0.02490145775179068,0.025578465497263687,是,否
v0426,零参考,情感强度,视觉,-0.29960351126889384,0.3077489740655594,是,否
v0427,训练均值参考,情感极性,文本,2.7260356297095614,0.8177041504083647,是,否
v0427,训练均值参考,情感极性,语音,-0.32680499056975043,0.09802872502863169,是,否
v0427,训练均值参考,情感极性,视觉,-0.2809270123640696,0.08426712456300364,是,否
v0427,训练均值参考,情感强度,文本,-0.6736509203910827,0.9009034732272155,是,否
v0427,训练均值参考,情感强度,语音,0.038137421011924744,0.05100287702364491,是,否
v0427,训练均值参考,情感强度,视觉,0.035962045192718506,0.04809364974913951,是,否
v0427,零参考,情感极性,文本,2.4406081065535545,0.7829463805130995,是,否
v0427,零参考,情感极性,语音,-0.43746320158243174,0.14033806958475806,是,否
v0427,零参考,情感极性,视觉,-0.23913846164941788,0.07671554990214235,是,否
v0427,零参考,情感强度,文本,-0.428493292381366,0.738949173741638,是,否
v0427,零参考,情感强度,语音,0.03850740442673365,0.06640714146522625,是,否
v0427,零参考,情感强度,视觉,0.11286772663394609,0.19464368479313568,是,否
v0428,训练均值参考,情感极性,文本,1.8063235655426977,0.6844679284616599,是,是
v0428,训练均值参考,情感极性,语音,-0.2596338763833046,0.09838273990139695,是,是
v0428,训练均值参考,情感极性,视觉,-0.573061116039753,0.21714933163694303,是,是
v0428,训练均值参考,情感强度,文本,0.5688127030928929,0.6529205850963108,是,是
v0428,训练均值参考,情感强度,语音,-0.06925966838995615,0.07950079694574184,是,是
v0428,训练均值参考,情感强度,视觉,-0.23310969273249307,0.26757861795794746,是,是
v0428,零参考,情感极性,文本,3.0029414743185043,0.8421957693439306,是,是
v0428,零参考,情感极性,语音,-0.2324617654085159,0.06519551480959308,是,是
v0428,零参考,情感极性,视觉,-0.3302065432071686,0.09260871584647637,是,是
v0428,零参考,情感强度,文本,0.810709868868192,0.7856887910378786,是,是
v0428,零参考,情感强度,语音,-0.05990288654963175,0.05805409348052647,是,是
v0428,零参考,情感强度,视觉,-0.16123328606287637,0.15625711548159496,是,是
v0429,训练均值参考,情感极性,文本,4.151504546403885,0.8645951065108265,是,是
v0429,训练均值参考,情感极性,语音,-0.36251217126846313,0.07549702663840845,是,是
v0429,训练均值参考,情感极性,视觉,0.28765809535980225,0.05990786685076505,是,是
v0429,训练均值参考,情感强度,文本,-1.1030032833417256,0.8680739731481741,是,是
v0429,训练均值参考,情感强度,语音,0.15172849098841348,0.11941175153445394,是,是
v0429,训练均值参考,情感强度,视觉,-0.015901048978169754,0.012514275317371912,是,是
v0429,零参考,情感极性,文本,2.6153316770990687,0.8424362905649643,是,是
v0429,零参考,情感极性,语音,-0.4250204960505167,0.13690527027303517,是,是
v0429,零参考,情感极性,视觉,0.06413383533557256,0.02065843916200055,是,是
v0429,零参考,情感强度,文本,-0.8396121598780155,0.8106537958138016,是,是
v0429,零参考,情感强度,语音,0.14173158444464207,0.1368432383512004,是,是
v0429,零参考,情感强度,视觉,0.054378489032387727,0.05250296583499796,是,是
v0430,训练均值参考,情感极性,文本,1.0209665149450302,0.3733096149501962,是,是
v0430,训练均值参考,情感极性,语音,-0.23746011406183243,0.08682571117547878,是,是
v0430,训练均值参考,情感极性,视觉,-1.476478859782219,0.539864673874325,是,是
v0430,训练均值参考,情感强度,文本,0.16951716194550193,0.305327332541954,是,是
v0430,训练均值参考,情感强度,语音,-0.04150296499331792,0.07475343173846771,是,是
v0430,训练均值参考,情感强度,视觉,-0.3441779961188634,0.6199192357195784,是,是
v0430,零参考,情感极性,文本,2.304404479761918,0.6008324792221964,是,是
v0430,零参考,情感极性,语音,-0.31329002479712165,0.08168480141727795,是,是
v0430,零参考,情感极性,视觉,-1.2176582093040147,0.3174827193605257,是,是
v0430,零参考,情感强度,文本,0.37361052197714645,0.5833003202376106,是,是
v0430,零参考,情感强度,语音,-0.03372222992281119,0.05264891205153295,是,是
v0430,零参考,情感强度,视觉,-0.23317867765823996,0.3640507677108564,是,是
v0431,训练均值参考,情感极性,文本,2.25603004048268,0.5614416656567561,是,是
v0431,训练均值参考,情感极性,语音,-0.3342082475622495,0.08317195774016796,是,是
v0431,训练均值参考,情感极性,视觉,-1.4280421112974484,0.35538637660307587,是,是
v0431,训练均值参考,情感强度,文本,0.7137431452671686,0.594189109810606,是,是
v0431,训练均值参考,情感强度,语音,-0.07696332534154256,0.06407174636421518,是,是
v0431,训练均值参考,情感强度,视觉,-0.41049889226754505,0.34173914382517884,是,是
v0431,零参考,情感极性,文本,3.4761296312014256,0.6962507563662531,是,是
v0431,零参考,情感极性,语音,-0.40276700754960376,0.08067214499962777,是,是
v0431,零参考,情感极性,视觉,-1.113743727405866,0.223077098634119,是,是
v0431,零参考,情感强度,文本,0.904088607057929,0.7176779569183273,是,是
v0431,零参考,情感强度,语音,-0.06320002302527428,0.05016904653800581,是,是
v0431,零参考,情感强度,视觉,-0.2924527321010828,0.2321529965436669,是,是
v0432,训练均值参考,情感极性,文本,0.8279223193724949,0.39575412244305413,是,是
v0432,训练均值参考,情感极性,语音,-0.17505001525084177,0.08367544097826338,是,是
v0432,训练均值参考,情感极性,视觉,-1.0890395293633142,0.5205704365786825,是,是
v0432,训练均值参考,情感强度,文本,-0.0431119551261266,0.2148954404226255,是,是
v0432,训练均值参考,情感强度,语音,0.005554648737112681,0.027687649128012432,是,是
v0432,训练均值参考,情感强度,视觉,-0.15195168306430182,0.757416910449362,是,是
v0432,零参考,情感极性,文本,2.127145123357574,0.6599411141723066,是,是
v0432,零参考,情感极性,语音,-0.19350580622752506,0.06003466146166488,是,是
v0432,零参考,情感极性,视觉,-0.9025838070859511,0.28002422436602853,是,是
v0432,零参考,情感强度,文本,0.17736593075096607,0.7895178204678371,是,是
v0432,零参考,情感强度,语音,0.0021075233817100525,0.009381324022418905,是,是
v0432,零参考,情感强度,视觉,-0.045177498832345,0.20110085550974396,是,是
v0433,训练均值参考,情感极性,文本,1.1266090224186578,0.3682289397118544,是,是
v0433,训练均值参考,情感极性,语音,-0.7195042570432026,0.23516791044367225,是,是
v0433,训练均值参考,情感极性,视觉,-1.2134208877881367,0.39660314984447337,是,是
v0433,训练均值参考,情感强度,文本,0.04463644325733185,0.11581241619260788,是,是
v0433,训练均值参考,情感强度,语音,-0.16986091434955597,0.4407161832787031,是,是
v0433,训练均值参考,情感强度,视觉,-0.17092283070087433,0.443471400528689,是,是
v0433,零参考,情感极性,文本,2.402656165882945,0.5795577800466029,是,是
v0433,零参考,情感极性,语音,-0.7952312771230936,0.19182206765058146,是,是
v0433,零参考,情感极性,视觉,-0.9477840475738049,0.2286201523028157,是,是
v0433,零参考,情感强度,文本,0.2386304816852013,0.5289871484908121,是,是
v0433,零参考,情感强度,语音,-0.13856751037140685,0.30717128703423,是,是
v0433,零参考,情感强度,视觉,-0.07391028602917987,0.1638415644749579,是,是
v0434,训练均值参考,情感极性,文本,0.3751506134867668,0.1983965037296601,是,否
v0434,训练均值参考,情感极性,语音,0.12020005658268927,0.06356719172726094,是,否
v0434,训练均值参考,情感极性,视觉,1.3955627605319023,0.7380363045430789,是,否
v0434,训练均值参考,情感强度,文本,-0.22198875124255815,0.5482397275560462,是,否
v0434,训练均值参考,情感强度,语音,0.021042078112562496,0.051967061876208635,是,否
v0434,训练均值参考,情感强度,视觉,-0.1618810004244248,0.3997932105677452,是,否
v0434,零参考,情感极性,文本,-0.8534593917429447,0.40061087596073663,是,否
v0434,零参考,情感极性,语音,0.11444584652781487,0.05372048309638273,是,否
v0434,零参考,情感极性,视觉,1.1624897234141827,0.5456686409428806,是,否
v0434,零参考,情感强度,文本,-0.007080158218741415,0.0822832781636581,是,否
v0434,零参考,情感强度,语音,0.023634616285562512,0.27467376378235286,是,否
v0434,零参考,情感强度,视觉,-0.055331362411379814,0.6430429580539889,是,否
v0435,训练均值参考,情感极性,文本,-1.9612209027012188,0.5794292028633496,是,否
v0435,训练均值参考,情感极性,语音,0.27608695874611533,0.08156798971849377,是,否
v0435,训练均值参考,情感极性,视觉,1.1474385286370912,0.3390028074181566,是,否
v0435,训练均值参考,情感强度,文本,-0.4075347625960906,0.859270082042522,是,否
v0435,训练均值参考,情感强度,语音,0.028949866692225136,0.061039588793073904,是,否
v0435,训练均值参考,情感强度,视觉,-0.037795543049772576,0.07969032916440412,是,否
v0435,零参考,情感极性,文本,-1.761746705820163,0.5273917510174828,是,否
v0435,零参考,情感极性,语音,0.36562593529621756,0.109452795680698,是,否
v0435,零参考,情感极性,视觉,1.213117046902577,0.36315545330181914,是,否
v0435,零参考,情感强度,文本,-0.1935904435813427,0.6588054001502764,是,否
v0435,零参考,情感强度,语音,0.02774715423583984,0.09442601975181196,是,否
v0435,零参考,情感强度,视觉,0.07251312583684921,0.24676858009791158,是,否
v0436,训练均值参考,情感极性,文本,2.546539557476838,0.7469507074148563,是,是
v0436,训练均值参考,情感极性,语音,-0.1478970671693484,0.04338115173682397,是,是
v0436,训练均值参考,情感极性,视觉,-0.7148105079929034,0.2096681408483199,是,是
v0436,训练均值参考,情感强度,文本,0.939591867228349,0.8706470799577846,是,是
v0436,训练均值参考,情感强度,语音,-0.035861643652121224,0.03323021028301204,是,是
v0436,训练均值参考,情感强度,视觉,-0.1037344733874003,0.09612270975920342,是,是
v0436,零参考,情感极性,文本,3.8330247793346643,0.8488457152857686,是,是
v0436,零参考,情感极性,语音,-0.12494431436061859,0.027669647862996288,是,是
v0436,零参考,情感极性,视觉,-0.5576038900762796,0.12348463685123512,是,是
v0436,零参考,情感强度,文本,1.1667109640936055,0.9639882590970024,是,是
v0436,零参考,情感强度,语音,-0.03056975019474824,0.02525808120279335,是,是
v0436,零参考,情感强度,视觉,-0.013015109424789745,0.010753659700204423,是,是
v0437,训练均值参考,情感极性,文本,1.2426700219511986,0.7627952045898161,是,是
v0437,训练均值参考,情感极性,语音,-0.1561865285038948,0.09587286476681443,是,是
v0437,训练均值参考,情感极性,视觉,-0.23024391382932663,0.14133193064336946,是,是
v0437,训练均值参考,情感强度,文本,0.42142641047636664,0.9188917749056527,是,是
v0437,训练均值参考,情感强度,语音,-0.022182395060857136,0.04836721159950291,是,是
v0437,训练均值参考,情感强度,视觉,0.015015835563341776,0.03274101349484438,是,是
v0437,零参考,情感极性,文本,2.5808721383412676,0.909142982187696,是,是
v0437,零参考,情感极性,语音,-0.13838093976179758,0.04874633593194341,是,是
v0437,零参考,情感极性,视觉,-0.11954366664091745,0.04211068188036073,是,是
v0437,零参考,情感强度,文本,0.7117427513003348,0.9101462468857036,是,是
v0437,零参考,情感强度,语音,-0.022271893918514248,0.028480347181531925,是,是
v0437,零参考,情感强度,视觉,0.047994568943977356,0.06137340593276455,是,是
v0438,训练均值参考,情感极性,文本,1.6339811608195305,0.6527859550764488,是,是
v0438,训练均值参考,情感极性,语音,-0.21070880442857742,0.08417951898107436,是,是
v0438,训练均值参考,情感极性,视觉,-0.6583987548947333,0.26303452594247684,是,是
v0438,训练均值参考,情感强度,文本,0.5265505090355873,0.6948216544063884,是,是
v0438,训练均值参考,情感强度,语音,-0.054735884070396416,0.07222797599198355,是,是
v0438,训练均值参考,情感强度,视觉,-0.17653470486402512,0.23295036960162802,是,是
v0438,零参考,情感极性,文本,2.97034832338492,0.8008607583655479,是,是
v0438,零参考,情感极性,语音,-0.1702553977568944,0.04590399916735458,是,是
v0438,零参考,情感极性,视觉,-0.5683410515387852,0.1532352424670974,是,是
v0438,零参考,情感强度,文本,0.7750134747475386,0.8321477024314524,是,是
v0438,零参考,情感强度,语音,-0.04775458946824073,0.051275072242451966,是,是
v0438,零参考,情感强度,视觉,-0.1085731778293848,0.11657722532609556,是,是
v0439,训练均值参考,情感极性,文本,2.764045931398868,0.7840791345463449,是,否
v0439,训练均值参考,情感极性,语音,-0.12951087206602097,0.03673845334128578,是,否
v0439,训练均值参考,情感极性,视觉,-0.6316561624407768,0.17918241211236935,是,否
v0439,训练均值参考,情感强度,文本,1.1087596292297044,0.9308769766662358,是,否
v0439,训练均值参考,情感强度,语音,0.012269745270411173,0.010301261951357497,是,否
v0439,训练均值参考,情感强度,视觉,-0.07006209840377173,0.05882176138240665,是,否
v0439,零参考,情感极性,文本,4.091086955741048,0.8680366128263464,是,否
v0439,零参考,情感极性,语音,-0.1815706491470337,0.03852520686540212,是,否
v0439,零参考,情感极性,视觉,-0.4403774160891771,0.09343818030825152,是,否
v0439,零参考,情感强度,文本,1.3543768655508754,0.9859786837242608,是,否
v0439,零参考,情感强度,语音,0.002260928973555565,0.0016459434814944584,是,否
v0439,零参考,情感强度,视觉,0.016999270766973492,0.012375372794244784,是,否
v0440,训练均值参考,情感极性,文本,2.6889737223585444,0.755032382822786,是,否
v0440,训练均值参考,情感极性,语音,-0.20791989813248313,0.05838147647852221,是,否
v0440,训练均值参考,情感极性,视觉,-0.6645082260171572,0.1865861406986919,是,否
v0440,训练均值参考,情感强度,文本,1.0113314812382062,0.8227586977203053,是,否
v0440,训练均值参考,情感强度,语音,0.01714803030093511,0.0139506100033512,是,否
v0440,训练均值参考,情感强度,视觉,-0.20071622232596076,0.16329069227634366,是,否
v0440,零参考,情感极性,文本,3.921439826488495,0.8597276185461348,是,否
v0440,零参考,情感极性,语音,-0.2784876152873039,0.06105499634809924,是,否
v0440,零参考,情感极性,视觉,-0.36133096367120743,0.07921738510576595,是,否
v0440,零参考,情感强度,文本,1.2312380578368902,0.9262416341793943,是,否
v0440,零参考,情感强度,语音,0.007876807823777197,0.005925602530212686,是,否
v0440,零参考,情感强度,视觉,-0.0901689976453781,0.06783276329039299,是,否
v0441,训练均值参考,情感极性,文本,2.3135988699893155,0.9433522813066851,是,是
v0441,训练均值参考,情感极性,语音,-0.07244005550940831,0.02953687975439702,是,是
v0441,训练均值参考,情感极性,视觉,0.06649011994401613,0.02711083893891788,是,是
v0441,训练均值参考,情感强度,文本,1.109721064567566,0.8269652235211041,是,是
v0441,训练均值参考,情感强度,语音,0.05470898747444152,0.0407691910156223,是,是
v0441,训练均值参考,情感强度,视觉,0.17748981714248657,0.13226558546327355,是,是
v0441,零参考,情感极性,文本,3.7237983644008636,0.8798829292481037,是,是
v0441,零参考,情感极性,语音,-0.22962263226509094,0.054256706332587785,是,是
v0441,零参考,情感极性,视觉,0.2787310779094696,0.06586036441930843,是,是
v0441,零参考,情感强度,文本,1.44544461928308,0.8690019041918828,是,是
v0441,零参考,情感强度,语音,0.008076723664999008,0.0048557296148758365,是,是
v0441,零参考,情感强度,视觉,0.20981749705970287,0.12614236619324132,是,是
v0442,训练均值参考,情感极性,文本,3.4806253413359327,0.7425073870348514,是,是
v0442,训练均值参考,情感极性,语音,-0.3074828286965688,0.06559403822703448,是,是
v0442,训练均值参考,情感极性,视觉,-0.8995560904343922,0.191898574738114,是,是
v0442,训练均值参考,情感强度,文本,-1.000792719423771,0.848958699313865,是,是
v0442,训练均值参考,情感强度,语音,0.024492815136909485,0.020776918214530864,是,是
v0442,训练均值参考,情感强度,视觉,0.15356182307004929,0.13026438247160416,是,是
v0442,零参考,情感极性,文本,3.313596266011397,0.7038778163825344,是,是
v0442,零参考,情感极性,语音,-0.4169364844759305,0.08856611328101946,是,是
v0442,零参考,情感极性,视觉,-0.9770971660812695,0.20755607033644607,是,是
v0442,零参考,情感强度,文本,-0.7488821210960547,0.751118459056068,是,是
v0442,零参考,情感强度,语音,0.0022818961491187385,0.002288710427141044,是,是
v0442,零参考,情感强度,视觉,0.24585863885780174,0.24659283051679098,是,是
v0443,训练均值参考,情感极性,文本,1.2243379727005959,0.47916540948380965,是,否
v0443,训练均值参考,情感极性,语音,-0.610389731824398,0.2388863633374165,是,否
v0443,训练均值参考,情感极性,视觉,-0.7204191163182259,0.2819482271787738,是,否
v0443,训练均值参考,情感强度,文本,0.33905125657717383,0.5018170605864917,是,否
v0443,训练均值参考,情感强度,语音,-0.16060102482636768,0.237699559114307,是,否
v0443,训练均值参考,情感强度,视觉,-0.17599484821160633,0.2604833802992013,是,否
v0443,零参考,情感极性,文本,2.554388303309679,0.68076692745899,是,否
v0443,零参考,情感极性,语音,-0.7102617751806973,0.18929100393814002,是,否
v0443,零参考,情感极性,视觉,-0.4875714238733053,0.12994206860286997,是,否
v0443,零参考,情感强度,文本,0.5766380087782939,0.692624893049981,是,否
v0443,零参考,情感强度,语音,-0.1377374983082215,0.16544247618506094,是,否
v0443,零参考,情感强度,视觉,-0.11816460887591043,0.14193263076495818,是,否
v0444,训练均值参考,情感极性,文本,1.1224445241192975,0.48645055170763457,是,是
v0444,训练均值参考,情感极性,语音,-0.2563620110352834,0.1111034345352982,是,是
v0444,训练均值参考,情感极性,视觉,-0.928610981752475,0.4024460137570673,是,是
v0444,训练均值参考,情感强度,文本,0.3492723281184832,0.5101605871202796,是,是
v0444,训练均值参考,情感强度,语音,-0.04544378568728765,0.06637694005730185,是,是
v0444,训练均值参考,情感强度,视觉,-0.2899160136779149,0.4234624728224186,是,是
v0444,零参考,情感极性,文本,2.5315285976976156,0.6915781100179885,是,是
v0444,零参考,情感极性,语音,-0.44773408211767673,0.12231467208515723,是,是
v0444,零参考,情感极性,视觉,-0.6812473349273205,0.18610721789685422,是,是
v0444,零参考,情感强度,文本,0.5932257821162541,0.6968007084031994,是,是
v0444,零参考,情感强度,语音,-0.05539470786849657,0.06506640953274087,是,是
v0444,零参考,情感强度,视觉,-0.20273596669236818,0.23813288206405983,是,是
v0445,训练均值参考,情感极性,文本,2.6493140384554863,0.8408268868444646,是,是
v0445,训练均值参考,情感极性,语音,-0.16134066134691236,0.051205543787039697,是,是
v0445,训练均值参考,情感极性,视觉,-0.34018892794847483,0.10796756936849562,是,是
v0445,训练均值参考,情感强度,文本,1.0234199066956837,0.9656757951485198,是,是
v0445,训练均值参考,情感强度,语音,-0.03631372998158137,0.034264811389094436,是,是
v0445,训练均值参考,情感强度,视觉,-6.294498840967583e-05,5.939346238572088e-05,是,是
v0445,零参考,情感极性,文本,4.009371030454834,0.9095810382586392,是,是
v0445,零参考,情感极性,语音,-0.296117855856816,0.06717841395352471,是,是
v0445,零参考,情感极性,视觉,-0.10244274574021499,0.023240547787835925,是,是
v0445,零参考,情感强度,文本,1.270164736236135,0.9269008305807233,是,是
v0445,零参考,情感强度,语音,-0.03250567180414994,0.02372096574113173,是,是
v0445,零参考,情感强度,视觉,0.06766468534866969,0.04937820367814503,是,是
v0446,训练均值参考,情感极性,文本,1.5579211190342903,0.5413678098646822,是,是
v0446,训练均值参考,情感极性,语音,-0.32995160669088364,0.11465611223391158,是,是
v0446,训练均值参考,情感极性,视觉,-0.9898770973086356,0.3439760779014062,是,是
v0446,训练均值参考,情感强度,文本,0.46578597774108244,0.5754586443289342,是,是
v0446,训练均值参考,情感强度,语音,-0.05721109608809153,0.0706818611309212,是,是
v0446,训练均值参考,情感强度,视觉,-0.2864198709527651,0.35385949454014465,是,是
v0446,零参考,情感极性,文本,2.903445389121771,0.7074417149359548,是,是
v0446,零参考,情感极性,语音,-0.46497595123946667,0.11329415238229205,是,是
v0446,零参考,情感极性,视觉,-0.7357265036553144,0.17926413268175317,是,是
v0446,零参考,情感强度,文本,0.7148968676726023,0.7242987906386322,是,是
v0446,零参考,情感强度,语音,-0.06545456623037656,0.06631538800383932,是,是
v0446,零参考,情感强度,视觉,-0.20666784172256786,0.20938582135752845,是,是
v0447,训练均值参考,情感极性,文本,2.4541862855354943,0.8619124172690319,是,是
v0447,训练均值参考,情感极性,语音,-0.24258828659852344,0.0851972231022648,是,是
v0447,训练均值参考,情感极性,视觉,-0.15059859057267508,0.05289035962870322,是,是
v0447,训练均值参考,情感强度,文本,1.035379320383072,0.8799397119013653,是,是
v0447,训练均值参考,情感强度,语音,-0.06955620646476746,0.05911386008261638,是,是
v0447,训练均值参考,情感强度,视觉,0.07171249389648438,0.060946428016018336,是,是
v0447,零参考,情感极性,文本,3.636047800381978,0.9194843591116254,是,是
v0447,零参考,情感极性,语音,-0.21300279597441354,0.05386418168785983,是,是
v0447,零参考,情感极性,视觉,0.10539165635903676,0.02665145920051472,是,是
v0447,零参考,情感强度,文本,1.2825573484102883,0.8809692850118777,是,是
v0447,零参考,情感强度,语音,-0.047130798300107316,0.032373434008193855,是,是
v0447,零参考,情感强度,视觉,0.12615982691446936,0.08665728097992843,是,是
v0448,训练均值参考,情感极性,文本,-0.3605896706382433,0.1635896883712128,是,是
v0448,训练均值参考,情感极性,语音,0.8508538504441578,0.38600916104235183,是,是
v0448,训练均值参考,情感极性,视觉,0.9927887519200642,0.45040115058643543,是,是
v0448,训练均值参考,情感强度,文本,0.10178502649068831,0.19470099544194022,是,是
v0448,训练均值参考,情感强度,语音,-0.1827516108751297,0.34957912556284526,是,是
v0448,训练均值参考,情感强度,视觉,-0.23823945969343183,0.45571987899521443,是,是
v0448,零参考,情感极性,文本,-1.6811760452886422,0.4971535311505519,是,是
v0448,零参考,情感极性,语音,0.9193739077697197,0.27187514714850897,是,是
v0448,零参考,情感极性,视觉,0.78105339470009,0.2309713217009391,是,是
v0448,零参考,情感强度,文本,0.29805748723447323,0.5001953413372935,是,是
v0448,零参考,情感强度,语音,-0.15211370959877968,0.25527481158354,是,是
v0448,零参考,情感强度,视觉,-0.14571097679436207,0.24452984707916656,是,是
v0449,训练均值参考,情感极性,文本,2.164145704358816,0.7984950689932877,是,是
v0449,训练均值参考,情感极性,语音,-0.40899119153618807,0.15090363326534542,是,是
v0449,训练均值参考,情感极性,视觉,-0.13714371621608734,0.050601297741366846,是,是
v0449,训练均值参考,情感强度,文本,0.7841590146223704,0.8189074318859934,是,是
v0449,训练均值参考,情感强度,语音,-0.12375125785668689,0.12923504400811334,是,是
v0449,训练均值参考,情感强度,视觉,0.04965707163016001,0.05185752410589335,是,是
v0449,零参考,情感极性,文本,3.3911756475766497,0.8584525808046817,是,是
v0449,零参考,情感极性,语音,-0.4328739444414774,0.10957903493864644,是,是
v0449,零参考,情感极性,视觉,0.12628584106763202,0.031968384256671915,是,是
v0449,零参考,情感强度,文本,1.0325265067319074,0.835640226829071,是,是
v0449,零参考,情感强度,语音,-0.10124809791644412,0.08194170605527838,是,是
v0449,零参考,情感强度,视觉,0.10183669502536455,0.08241806711565056,是,是
v0450,训练均值参考,情感极性,文本,2.4309663996100426,0.8802219476507768,是,是
v0450,训练均值参考,情感极性,语音,-0.2452507838606834,0.08880218281394572,是,是
v0450,训练均值参考,情感极性,视觉,-0.08554808050394057,0.030975869535277527,是,是
v0450,训练均值参考,情感强度,文本,0.9688957234223683,0.8724363600986549,是,是
v0450,训练均值参考,情感强度,语音,-0.07392042378584543,0.06656120354920761,是,是
v0450,训练均值参考,情感强度,视觉,0.06774706145127614,0.06100243635213751,是,是
v0450,零参考,情感极性,文本,3.68506520986557,0.8941854296588128,是,是
v0450,零参考,情感极性,语音,-0.27756766974925995,0.06735212320522045,是,是
v0450,零参考,情感极性,视觉,0.15850920975208282,0.03846244713596684,是,是
v0450,零参考,情感强度,文本,1.2222645680109658,0.8758042681082671,是,是
v0450,零参考,情感强度,语音,-0.05535686512788136,0.039665535610664306,是,是
v0450,零参考,情感强度,视觉,0.11796958247820535,0.08453019628106861,是,是
v0451,训练均值参考,情感极性,文本,-0.7763547872503598,0.40551406653134464,是,是
v0451,训练均值参考,情感极性,语音,-0.5860386465986569,0.3061060724162319,是,是
v0451,训练均值参考,情感极性,视觉,0.552101897696654,0.2883798610524235,是,是
v0451,训练均值参考,情感强度,文本,-0.16581347336371738,0.2929079281099455,是,是
v0451,训练均值参考,情感强度,语音,-0.13825995971759159,0.244234907573595,是,是
v0451,训练均值参考,情感强度,视觉,0.26202074686686194,0.4628571643164595,是,是
v0451,零参考,情感极性,文本,0.4278800369550784,0.21099979172670263,是,是
v0451,零参考,情感极性,语音,-0.6863688739637532,0.3384679745394335,是,是
v0451,零参考,情感极性,视觉,0.9136205644657214,0.4505322337338639,是,是
v0451,零参考,情感强度,文本,0.08561650228997071,0.1624249971710647,是,是
v0451,零参考,情感强度,语音,-0.12376788879434267,0.2348028528332518,是,是
v0451,零参考,情感强度,视觉,0.31772968483467895,0.6027721499956835,是,是
v0452,训练均值参考,情感极性,文本,-0.5881720383961995,0.5488152939875159,是,否
v0452,训练均值参考,情感极性,语音,-0.15393502016862232,0.14363466440733566,是,否
v0452,训练均值参考,情感极性,视觉,0.3296051273743311,0.30755004160514854,是,否
v0452,训练均值参考,情感强度,文本,-0.19830236583948135,0.4601129855249786,是,否
v0452,训练均值参考,情感强度,语音,0.0013450980186462398,0.0031209767092946826,是,否
v0452,训练均值参考,情感强度,视觉,0.2313387766480446,0.5367660377657267,是,否
v0452,零参考,情感极性,文本,0.598788782954216,0.38638338409819145,是,否
v0452,零参考,情感极性,语音,-0.24878923222422594,0.1605374519538007,是,否
v0452,零参考,情感极性,视觉,0.702149037271738,0.45307916394800785,是,否
v0452,零参考,情感强度,文本,0.07111961642901102,0.1854203724195984,是,否
v0452,零参考,情感强度,语音,-0.014278923471768696,0.03722746888728002,是,否
v0452,零参考,情感强度,视觉,0.2981602648893992,0.7773521586931216,是,否
v0453,训练均值参考,情感极性,文本,4.546101505557695,0.8803138857382352,是,是
v0453,训练均值参考,情感极性,语音,0.14783732096354166,0.02862743964591275,是,是
v0453,训练均值参考,情感极性,视觉,-0.47024360795815784,0.09105867461585203,是,是
v0453,训练均值参考,情感强度,文本,-1.0357717126607895,0.7586291706181864,是,是
v0453,训练均值参考,情感强度,语音,-0.04901140928268432,0.035897374219108505,是,是
v0453,训练均值参考,情感强度,视觉,0.28053705394268036,0.20547345516270513,是,是
v0453,零参考,情感极性,文本,3.0203012842684984,0.7510277274668545,是,是
v0453,零参考,情感极性,语音,0.19189418479800224,0.04771638322097156,是,是
v0453,零参考,情感极性,视觉,-0.809362156316638,0.20125588931217392,是,是
v0453,零参考,情感强度,文本,-0.7668908188740411,0.6755077344994779,是,是
v0453,零参考,情感强度,语音,-0.04148487995068232,0.03654152140276301,是,是
v0453,零参考,情感强度,视觉,0.32690489043792087,0.2879507440977591,是,是
v0454,训练均值参考,情感极性,文本,3.823357997462153,0.805536386931865,是,是
v0454,训练均值参考,情感极性,语音,-0.4649938065558672,0.09796870476877588,是,是
v0454,训练均值参考,情感极性,视觉,0.4579986520111561,0.09649490829935899,是,是
v0454,训练均值参考,情感强度,文本,-0.9502736230691273,0.8045240666953373,是,是
v0454,训练均值参考,情感强度,语音,0.2302317569653193,0.19491963672307144,是,是
v0454,训练均值参考,情感强度,视觉,0.0006570766369501796,0.0005562965815912149,是,是
v0454,零参考,情感极性,文本,2.3576618017007904,0.7762124551783816,是,是
v0454,零参考,情感极性,语音,-0.5210180996606747,0.17153466966222317,是,是
v0454,零参考,情感极性,视觉,0.1587124851842721,0.052252875159395286,是,是
v0454,零参考,情感强度,文本,-0.6748414114117622,0.7079958318021223,是,是
v0454,零参考,情感强度,语音,0.20543157309293747,0.21552426245758055,是,是
v0454,零参考,情感强度,视觉,0.07289846241474152,0.07647990574029716,是,是
v0455,训练均值参考,情感极性,文本,1.0160763983925183,0.5101160940841857,是,否
v0455,训练均值参考,情感极性,语音,-0.3065956930319468,0.1539248403367326,是,否
v0455,训练均值参考,情感极性,视觉,-0.6691811556617419,0.33595906557908173,是,否
v0455,训练均值参考,情感强度,文本,0.33788790802160895,0.5394944679425827,是,否
v0455,训练均值参考,情感强度,语音,-0.06946453203757604,0.11091172505082925,是,否
v0455,训练均值参考,情感强度,视觉,-0.21895223607619602,0.34959380700658804,是,否
v0455,零参考,情感极性,文本,2.362519984443982,0.7343168678764792,是,否
v0455,零参考,情感极性,语音,-0.3259328554073969,0.10130623025274647,是,否
v0455,零参考,情感极性,视觉,-0.5288503269354502,0.16437690187077436,是,否
v0455,零参考,情感强度,文本,0.589984342455864,0.7315849727032068,是,否
v0455,零参考,情感强度,语音,-0.06035246700048447,0.07483750795712624,是,否
v0455,零参考,情感强度,视觉,-0.15610996633768082,0.19357751933966702,是,否
v0456,训练均值参考,情感极性,文本,1.24373963351051,0.5758408169721208,是,是
v0456,训练均值参考,情感极性,语音,0.3247540953258673,0.15035836965302365,是,是
v0456,训练均值参考,情感极性,视觉,0.5913733678559462,0.2738008133748557,是,是
v0456,训练均值参考,情感强度,文本,-0.20695440160731474,0.5326762959918876,是,是
v0456,训练均值参考,情感强度,语音,-0.05483219462136427,0.1411316217735486,是,是
v0456,训练均值参考,情感强度,视觉,-0.12673153976599374,0.3261920822345638,是,是
v0456,零参考,情感极性,文本,-0.05185473524034023,0.06506241779060695,是,是
v0456,零参考,情感极性,语音,0.5128871127963065,0.6435222445454049,是,是
v0456,零参考,情感极性,视觉,0.23225797154009342,0.2914153376639882,是,是
v0456,零参考,情感强度,文本,0.024254597102602322,0.21280245532543104,是,是
v0456,零参考,情感强度,语音,-0.05802574070791403,0.5091001941811715,是,是
v0456,零参考,情感强度,视觉,-0.031696716944376625,0.27809735049339745,是,是
v0457,训练均值参考,情感极性,文本,0.8707716253896554,0.3334695940088849,是,否
v0457,训练均值参考,情感极性,语音,-0.4982080111900965,0.19079310622827414,是,否
v0457,训练均值参考,情感极性,视觉,-1.2422678085664907,0.47573729976284096,是,否
v0457,训练均值参考,情感强度,文本,0.24427188684542972,0.3497271720764796,是,否
v0457,训练均值参考,情感强度,语音,-0.11949792752663294,0.17108670507521137,是,否
v0457,训练均值参考,情感强度,视觉,-0.3346943209568659,0.479186122848309,是,否
v0457,零参考,情感极性,文本,2.116438696781794,0.5819176448128447,是,否
v0457,零参考,情感极性,语音,-0.6629131076236566,0.18226884383209435,是,否
v0457,零参考,情感极性,视觉,-0.8576554519434769,0.23581351135506096,是,否
v0457,零参考,情感强度,文本,0.4667853067318598,0.5680945361084949,是,否
v0457,零参考,情感强度,语音,-0.10747046892841655,0.13079543274125105,是,否
v0457,零参考,情感强度,视觉,-0.2474125859638055,0.30111003115025403,是,否
v0458,训练均值参考,情感极性,文本,0.7452220146854718,0.3793987257179648,是,否
v0458,训练均值参考,情感极性,语音,0.16685211410125098,0.08494579900471799,是,否
v0458,训练均值参考,情感极性,视觉,1.0521444206436474,0.5356554752773172,是,否
v0458,训练均值参考,情感强度,文本,-0.1265351225932439,0.3572205666136913,是,否
v0458,训练均值参考,情感强度,语音,-0.021402691801389054,0.06042181439952719,是,否
v0458,训练均值参考,情感强度,视觉,-0.20628345509370163,0.5823576189867816,是,否
v0458,零参考,情感极性,文本,-0.46796210731069243,0.3258735953534509,是,否
v0458,零参考,情感极性,语音,0.15667382938166458,0.10910256040132503,是,否
v0458,零参考,情感极性,视觉,0.811387460057934,0.565023844245224,是,否
v0458,零参考,情感强度,文本,0.08051917826135953,0.4121383242303197,是,否
v0458,零参考,情感强度,语音,-0.007371266062060991,0.037729908673590454,是,否
v0458,零参考,情感强度,视觉,-0.10747886138657728,0.5501317670960898,是,否
v0459,训练均值参考,情感极性,文本,-0.059131113191445664,0.04230284390857599,是,是
v0459,训练均值参考,情感极性,语音,0.45714380095402396,0.3270441196146609,是,是
v0459,训练均值参考,情感极性,视觉,0.8815297658244768,0.6306530364767632,是,是
v0459,训练均值参考,情感强度,文本,-0.00957932323217392,0.033677088657116806,是,是
v0459,训练均值参考,情感强度,语音,-0.08968257158994675,0.31528823500691605,是,是
v0459,训练均值参考,情感强度,视觉,-0.18518440425395966,0.6510346763359671,是,是
v0459,零参考,情感极性,文本,-1.353503638257583,0.5370014317314064,是,是
v0459,零参考,情感极性,语音,0.45712117167810595,0.18136244094762088,是,是
v0459,零参考,情感极性,视觉,0.709859416509668,0.2816361273209727,是,是
v0459,零参考,情感强度,文本,0.21144970258076984,0.5493449842969254,是,是
v0459,零参考,情感强度,语音,-0.0655839970956246,0.17038680790228766,是,是
v0459,零参考,情感强度,视觉,-0.10787871169547239,0.28026820780078704,是,是
v0460,训练均值参考,情感极性,文本,-0.39307607958714164,0.16712622629848395,是,是
v0460,训练均值参考,情感极性,语音,0.7139003251989682,0.3035327599407221,是,是
v0460,训练均值参考,情感极性,视觉,1.2449948464830716,0.529341013760794,是,是
v0460,训练均值参考,情感强度,文本,0.10621427496274312,0.19865660573158106,是,是
v0460,训练均值参考,情感强度,语音,-0.14564004788796106,0.27239613114297395,是,是
v0460,训练均值参考,情感强度,视觉,-0.2828083659211794,0.5289472631254449,是,是
v0460,零参考,情感极性,文本,-1.6215187441557646,0.4851894667880484,是,是
v0460,零参考,情感极性,语音,0.7401971686631441,0.221481170585343,是,是
v0460,零参考,情感极性,视觉,0.9803161285817623,0.2933293626266086,是,是
v0460,零参考,情感强度,文本,0.3159715955456098,0.5008787140797373,是,是
v0460,零参考,情感强度,语音,-0.12405213216940561,0.19664765224408418,是,是
v0460,零参考,情感强度,视觉,-0.1908108169833819,0.3024736336761785,是,是
v0461,训练均值参考,情感极性,文本,1.552966419607401,0.48202482022969007,是,是
v0461,训练均值参考,情感极性,语音,-0.22978681325912476,0.07132346582251566,是,是
v0461,训练均值参考,情感极性,视觉,-1.4390028975903988,0.4466517139477943,是,是
v0461,训练均值参考,情感强度,文本,0.4964040964841842,0.5036800890579163,是,是
v0461,训练均值参考,情感强度,语音,-0.04011651128530502,0.04070451497073637,是,是
v0461,训练均值参考,情感强度,视觉,-0.4490337297320366,0.4556153959713473,是,是
v0461,零参考,情感极性,文本,2.7757867587109404,0.6607725916271232,是,是
v0461,零参考,情感极性,语音,-0.28119427214066184,0.06693794736573162,是,是
v0461,零参考,情感极性,视觉,-1.1438390302161374,0.2722894610071452,是,是
v0461,零参考,情感强度,文本,0.7158842602123817,0.6499386335394314,是,是
v0461,零参考,情感强度,语音,-0.045955980817476906,0.04172262059039284,是,是
v0461,零参考,情感强度,视觉,-0.33962414848307765,0.3083387458701759,是,是
v0462,训练均值参考,情感极性,文本,2.4200891827543574,0.6870538606698848,是,否
v0462,训练均值参考,情感极性,语音,-0.13785790155331293,0.039137319467811675,是,否
v0462,训练均值参考,情感极性,视觉,-0.9644684369365373,0.27380881986230354,是,否
v0462,训练均值参考,情感强度,文本,-0.6296616743008295,0.8869333119444816,是,否
v0462,训练均值参考,情感强度,语音,-0.0016091192762056972,0.0022665846552333917,是,否
v0462,训练均值参考,情感强度,视觉,0.07866045584281284,0.11080010340028523,是,否
v0462,零参考,情感极性,文本,2.2254667530457177,0.6383358017695989,是,否
v0462,零参考,情感极性,语音,-0.20893300076325735,0.059928738263924225,是,否
v0462,零参考,情感极性,视觉,-1.0519576569398243,0.3017354599664769,是,否
v0462,零参考,情感强度,文本,-0.3949056838949521,0.6995076660917854,是,否
v0462,零参考,情感强度,语音,-0.0033637819190820055,0.0059583625544491125,是,否
v0462,零参考,情感强度,视觉,0.1662785770992438,0.2945339713537656,是,否
v0463,训练均值参考,情感极性,文本,1.9593069565792878,0.8853913328309299,是,是
v0463,训练均值参考,情感极性,语音,-0.14788307870427767,0.06682689290590653,是,是
v0463,训练均值参考,情感极性,视觉,0.10573760916789371,0.04778177426316347,是,是
v0463,训练均值参考,情感强度,文本,0.8513016899426777,0.7881149696380407,是,是
v0463,训练均值参考,情感强度,语音,-0.06312919656435649,0.0584435170532104,是,是
v0463,训练均值参考,情感强度,视觉,0.16574360926946002,0.15344151330874886,是,是
v0463,零参考,情感极性,文本,3.1550658841927843,0.8508980024299458,是,是
v0463,零参考,情感极性,语音,-0.16240322093168894,0.04379895106828125,是,是
v0463,零参考,情感极性,视觉,0.3904557873805364,0.10530304650177291,是,是
v0463,零参考,情感强度,文本,1.1241069709261258,0.8020171001060878,是,是
v0463,零参考,情感强度,语音,-0.06269183258215587,0.04472876965299177,是,是
v0463,零参考,情感强度,视觉,0.21480095138152439,0.15325413024092036,是,是
v0464,训练均值参考,情感极性,文本,0.9456364686290422,0.41234456974885453,是,否
v0464,训练均值参考,情感极性,语音,-0.22964526464541754,0.10013676606863504,是,否
v0464,训练均值参考,情感极性,视觉,-1.1180344348152478,0.48751866418251044,是,否
v0464,训练均值参考,情感强度,文本,0.2703847909967104,0.4435019469328358,是,否
v0464,训练均值参考,情感强度,语音,-0.04408428569634755,0.07230978659488052,是,否
v0464,训练均值参考,情感强度,视觉,-0.2951895569761594,0.4841882664722837,是,否
v0464,零参考,情感极性,文本,2.277282676969965,0.6517581881775693,是,否
v0464,零参考,情感极性,语音,-0.28986486295859015,0.08295930927187296,是,否
v0464,零参考,情感极性,视觉,-0.9269131689021984,0.2652825025505579,是,否
v0464,零参考,情感强度,文本,0.500827087710301,0.6650883343745627,是,否
v0464,零参考,情感强度,语音,-0.04485379469891389,0.059564940353096736,是,否
v0464,零参考,情感强度,视觉,-0.20734253091116744,0.2753467252723405,是,否
v0465,训练均值参考,情感极性,文本,0.7484342368940511,0.4451721092172221,是,是
v0465,训练均值参考,情感极性,语音,-0.5371119317909081,0.3194766350526312,是,是
v0465,训练均值参考,情感极性,视觉,-0.39567828675111133,0.23535125573014676,是,是
v0465,训练均值参考,情感强度,文本,0.17994367082913715,0.44949099589809,是,是
v0465,训练均值参考,情感强度,语音,-0.16110433141390482,0.4024311943680006,是,是
v0465,训练均值参考,情感强度,视觉,0.05927964051564535,0.14807780973390938,是,是
v0465,零参考,情感极性,文本,2.0556210136661925,0.7267095790105245,是,是
v0465,零参考,情感极性,语音,-0.6960977253814538,0.24608664807329386,是,是
v0465,零参考,情感极性,视觉,-0.076950474952658,0.027203772916181534,是,是
v0465,零参考,情感强度,文本,0.4518083992103735,0.6263455946740853,是,是
v0465,零参考,情感强度,语音,-0.15987819184859592,0.22164041510480872,是,是
v0465,零参考,情感强度,视觉,0.10965383673707642,0.15201399022110584,是,是
v0466,训练均值参考,情感极性,文本,1.956459042926629,0.8106414429542154,是,是
v0466,训练均值参考,情感极性,语音,-0.226546602944533,0.09386757457115809,是,是
v0466,训练均值参考,情感极性,视觉,0.2304646496971448,0.09549098247462649,是,是
v0466,训练均值参考,情感强度,文本,0.877179647485415,0.7259791341600805,是,是
v0466,训练均值参考,情感强度,语音,-0.07895784576733905,0.06534778670440035,是,是
v0466,训练均值参考,情感强度,视觉,0.2521336625019709,0.20867307913551914,是,是
v0466,零参考,情感极性,文本,3.273360269765059,0.8128880031863325,是,是
v0466,零参考,情感极性,语音,-0.3004383494456609,0.07460918134104733,是,是
v0466,零参考,情感极性,视觉,0.45302950094143546,0.11250281547262005,是,是
v0466,零参考,情感强度,文本,1.1717588181296983,0.7683022504087894,是,是
v0466,零参考,情感强度,语音,-0.07647466411193211,0.05014313152789966,是,是
v0466,零参考,情感强度,视觉,0.27689392367998755,0.18155461806331094,是,是
v0467,训练均值参考,情感极性,文本,2.6310953373710313,0.8452845294813299,是,是
v0467,训练均值参考,情感极性,语音,-0.24367622782786685,0.07828516992891373,是,是
v0467,训练均值参考,情感极性,视觉,-0.23790262391169864,0.07643030058975622,是,是
v0467,训练均值参考,情感强度,文本,1.05649134516716,0.9384587311263728,是,是
v0467,训练均值参考,情感强度,语音,-0.03535745292901993,0.03140727140209412,是,是
v0467,训练均值参考,情感强度,视觉,-0.03392403572797775,0.030133997471533037,是,是
v0467,零参考,情感极性,文本,4.0441992816825705,0.8911124085105258,是,是
v0467,零参考,情感极性,语音,-0.4609884402404229,0.10157573617570237,是,是
v0467,零参考,情感极性,视觉,0.03318391678233941,0.00731185531377193,是,是
v0467,零参考,情感强度,文本,1.3118329433103402,0.9454436912610195,是,是
v0467,零参考,情感强度,语音,-0.03845794933537642,0.027716810866340556,是,是
v0467,零参考,情感强度,视觉,0.03724064988394578,0.026839497872640006,是,是
v0468,训练均值参考,情感极性,文本,2.8066015169024467,0.8084986502564383,是,是
v0468,训练均值参考,情感极性,语音,-0.3903929963707924,0.1124606427861213,是,是
v0468,训练均值参考,情感极性,视觉,-0.2743798866868019,0.07904070695744034,是,是
v0468,训练均值参考,情感强度,文本,1.1313421030839281,0.8990540934568563,是,是
v0468,训练均值参考,情感强度,语音,-0.05075585345427196,0.04033462353303253,是,是
v0468,训练均值参考,情感强度,视觉,-0.07627137998739877,0.06061128301011107,是,是
v0468,零参考,情感极性,文本,4.196554927776257,0.8771670347609756,是,是
v0468,零参考,情感极性,语音,-0.5624319271494944,0.11755994006589737,是,是
v0468,零参考,情感极性,视觉,-0.025227281575401626,0.0052730251731272085,是,是
v0468,零参考,情感强度,文本,1.3647941804180541,0.97370681393751,是,是
v0468,零参考,情感强度,语音,-0.032321586584051445,0.023059703467171802,是,是
v0468,零参考,情感强度,视觉,-0.004532204320033392,0.0032334825953183374,是,是
v0469,训练均值参考,情感极性,文本,0.8766951163609822,0.3746666822489411,是,否
v0469,训练均值参考,情感极性,语音,-0.7461645031968751,0.31888278331596365,是,否
v0469,训练均值参考,情感极性,视觉,-0.7170738677183787,0.30645053443509523,是,否
v0469,训练均值参考,情感强度,文本,0.28461271027723944,0.4256785381230821,是,否
v0469,训练均值参考,情感强度,语音,-0.1874128629763921,0.2803024273214685,是,否
v0469,训练均值参考,情感强度,视觉,-0.19658391674359638,0.2940190345554494,是,否
v0469,零参考,情感极性,文本,2.2279428523033857,0.6226243971096884,是,否
v0469,零参考,情感极性,语音,-0.8338137082755566,0.2330188841603947,是,否
v0469,零参考,情感极性,视觉,-0.5165530312806368,0.14435671872991684,是,否
v0469,零参考,情感强度,文本,0.5128414401163657,0.6369303596340268,是,否
v0469,零参考,情感强度,语音,-0.1601628220329682,0.1989163820581894,是,否
v0469,零参考,情感强度,视觉,-0.13217236722509065,0.16415325830778388,是,否
v0470,训练均值参考,情感极性,文本,0.2865472932656606,0.15646165269790346,是,是
v0470,训练均值参考,情感极性,语音,0.4643819568057854,0.2535636181269308,是,是
v0470,训练均值参考,情感极性,视觉,1.080492624392112,0.5899747291751658,是,是
v0470,训练均值参考,情感强度,文本,-0.05756323784589767,0.1603813935000631,是,是
v0470,训练均值参考,情感强度,语音,-0.0873616561293602,0.24340507366888234,是,是
v0470,训练均值参考,情感强度,视觉,-0.21398979425430295,0.5962135328310545,是,是
v0470,零参考,情感极性,文本,-1.0584860450277727,0.4260744952322363,是,是
v0470,零参考,情感极性,语音,0.5492442430307467,0.22108837873473985,是,是
v0470,零参考,情感极性,视觉,0.8765443091591198,0.3528371260330239,是,是
v0470,零参考,情感强度,文本,0.16927885077893734,0.448323330101997,是,是
v0470,零参考,情感强度,语音,-0.08297147043049335,0.21974420168669145,是,是
v0470,零参考,情感强度,视觉,-0.12533174827694893,0.33193246821131156,是,是
v0471,训练均值参考,情感极性,文本,1.039595264941454,0.39492810099409253,是,是
v0471,训练均值参考,情感极性,语音,-0.42304038628935814,0.16070728872593731,是,是
v0471,训练均值参考,情感极性,视觉,-1.1697302460670471,0.44436461027997015,是,是
v0471,训练均值参考,情感强度,文本,0.32444898287455237,0.4319264350951463,是,是
v0471,训练均值参考,情感强度,语音,-0.11502108474572498,0.15312314020786016,是,是
v0471,训练均值参考,情感强度,视觉,-0.31169716020425153,0.41495042469699345,是,是
v0471,零参考,情感极性,文本,2.3582434449344873,0.6197729750282441,是,是
v0471,零参考,情感极性,语音,-0.456164775416255,0.11988524788231827,是,是
v0471,零参考,情感极性,视觉,-0.9906035177409649,0.2603417770894376,是,是
v0471,零参考,情感强度,文本,0.5473957353581984,0.6245663520117299,是,是
v0471,零参考,情感强度,语音,-0.10320584165553251,0.11775556853199876,是,是
v0471,零参考,情感强度,视觉,-0.22583970675865805,0.2576780794562713,是,是
v0472,训练均值参考,情感极性,文本,0.8044909064968426,0.37208492184203995,是,是
v0472,训练均值参考,情感极性,语音,0.7657131527860959,0.35414983103846265,是,是
v0472,训练均值参考,情感极性,视觉,0.5919123267134031,0.2737652471194974,是,是
v0472,训练均值参考,情感强度,文本,-0.14722379297018048,0.37534918581838506,是,是
v0472,训练均值参考,情感强度,语音,-0.14765500277280805,0.3764485614360608,是,是
v0472,训练均值参考,情感强度,视觉,-0.0973527543246746,0.24820225274555416,是,是
v0472,零参考,情感极性,文本,-0.49075279074410594,0.2922937082957818,是,是
v0472,零参考,情感极性,语音,0.8226769336809714,0.4899886382926332,是,是
v0472,零参考,情感极性,视觉,0.3655417238672574,0.21771765341158497,是,是
v0472,零参考,情感强度,文本,0.06598772356907527,0.3241245555384576,是,是
v0472,零参考,情感强度,语音,-0.1050830961515506,0.5161567939083802,是,是
v0472,零参考,情感强度,视觉,-0.032516728465755776,0.15971865055316228,是,是
v0473,训练均值参考,情感极性,文本,0.8747530591984589,0.3732474290995049,是,否
v0473,训练均值参考,情感极性,语音,0.5956349906822045,0.25415084476246674,是,否
v0473,训练均值参考,情感极性,视觉,0.8732397717734177,0.3726017261380282,是,否
v0473,训练均值参考,情感强度,文本,-0.15713148688276607,0.38493083845656073,是,否
v0473,训练均值参考,情感强度,语音,-0.11254849409063657,0.27571422543500185,是,否
v0473,训练均值参考,情感强度,视觉,-0.13852708165844282,0.3393549361084374,是,否
v0473,零参考,情感极性,文本,-0.4147784238060315,0.24282901089028341,是,否
v0473,零参考,情感极性,语音,0.6801352767894666,0.39818025011737285,是,否
v0473,零参考,情感极性,视觉,0.6131953193495671,0.35899073899234385,是,否
v0473,零参考,情感强度,文本,0.05875395673016706,0.28725990360755094,是,否
v0473,零参考,情感强度,语音,-0.08931319539745648,0.43667016365525313,是,否
v0473,零参考,情感强度,视觉,-0.05646524516244729,0.27606993273719593,是,否
v0474,训练均值参考,情感极性,文本,2.0392781073848405,0.8908693791201565,是,是
v0474,训练均值参考,情感极性,语音,-0.16579852749903995,0.07242995975743682,是,是
v0474,训练均值参考,情感极性,视觉,-0.08401103069384892,0.03670066112240654,是,是
v0474,训练均值参考,情感强度,文本,0.7261270185311635,0.933513672513418,是,是
v0474,训练均值参考,情感强度,语音,0.004710187514623005,0.006055448059069656,是,是
v0474,训练均值参考,情感强度,视觉,0.04700573285420735,0.0604308794275123,是,是
v0474,零参考,情感极性,文本,3.30729038019975,0.926756159880897,是,是
v0474,零参考,情感极性,语音,-0.156349907318751,0.04381176825958307,是,是
v0474,零参考,情感极性,视觉,0.10503346224625905,0.029432071859519984,是,是
v0474,零参考,情感强度,文本,1.0098821918169656,0.9172214318062287,是,是
v0474,零参考,情感强度,语音,-0.00010779996713002754,9.790888580951326e-05,是,是
v0474,零参考,情感强度,视觉,0.0910333345333735,0.08268065930796178,是,是
v0475,训练均值参考,情感极性,文本,1.6709913288553553,0.7330763781224833,是,是
v0475,训练均值参考,情感极性,语音,-0.1688067639867465,0.07405678833219899,是,是
v0475,训练均值参考,情感极性,视觉,0.4396251415212949,0.1928668335453177,是,是
v0475,训练均值参考,情感强度,文本,0.2532970979809761,0.269706844975117,是,是
v0475,训练均值参考,情感强度,语音,0.06896545365452766,0.07343335184533893,是,是
v0475,训练均值参考,情感强度,视觉,0.6168945468962193,0.6568598031795441,是,是
v0475,零参考,情感极性,文本,2.9753349274396896,0.795716943661596,是,是
v0475,零参考,情感极性,语音,-0.16536664962768555,0.04422528832360073,是,是
v0475,零参考,情感极性,视觉,0.5984860211610794,0.16005776801480326,是,是
v0475,零参考,情感强度,文本,0.5306508628030617,0.42038828922749993,是,是
v0475,零参考,情感强度,语音,0.0867442370702823,0.06871987587035024,是,是
v0475,零参考,情感强度,视觉,0.644892352943619,0.5108918349021497,是,是
v0476,训练均值参考,情感极性,文本,0.9750657180945077,0.3835748783916655,是,是
v0476,训练均值参考,情感极性,语音,0.5426731954018275,0.21347874411937545,是,是
v0476,训练均值参考,情感极性,视觉,1.024308996895949,0.40294637748895906,是,是
v0476,训练均值参考,情感强度,文本,-0.2218875034401814,0.5487797557424009,是,是
v0476,训练均值参考,情感强度,语音,-0.06528163390854994,0.16145676775554413,是,是
v0476,训练均值参考,情感强度,视觉,-0.11715974162022272,0.28976347650205486,是,是
v0476,零参考,情感极性,文本,-0.23478029854595658,0.15165040208881791,是,是
v0476,零参考,情感极性,语音,0.5262426175177097,0.3399131231925384,是,是
v0476,零参考,情感极性,视觉,0.7871450763195752,0.5084364747186435,是,是
v0476,零参考,情感强度,文本,-0.021816251799464226,0.25540245741744516,是,是
v0476,零参考,情感强度,语音,-0.03151795640587807,0.36898013429762744,是,是
v0476,零参考,情感强度,视觉,-0.032084906473755836,0.3756174082849274,是,是
v0477,训练均值参考,情感极性,文本,-2.2852543058494725,0.648130600561606,是,否
v0477,训练均值参考,情感极性,语音,0.5024217081566651,0.14249393715581363,是,否
v0477,训练均值参考,情感极性,视觉,0.7382403736313183,0.20937546228258042,是,否
v0477,训练均值参考,情感强度,文本,-0.5596908051520586,0.7618895819866232,是,否
v0477,训练均值参考,情感强度,语音,-0.03249642625451087,0.04423636834337826,是,否
v0477,训练均值参考,情感强度,视觉,0.14242158643901348,0.19387404966999858,是,否
v0477,零参考,情感极性,文本,-2.1135516352951527,0.5977448683741187,是,否
v0477,零参考,情感极性,语音,0.587853480130434,0.16625399409972946,是,否
v0477,零参考,情感极性,视觉,0.8344707190990448,0.23600113752615193,是,否
v0477,零参考,情感强度,文本,-0.29828978640337783,0.6264802793322244,是,否
v0477,零参考,情感强度,语音,-0.004202083994944891,0.008825386838322983,是,否
v0477,零参考,情感强度,视觉,0.1736440851042668,0.3646943338294527,是,否
v0478,训练均值参考,情感极性,文本,3.1499928658207255,0.6676093033995879,是,是
v0478,训练均值参考,情感极性,语音,-0.710804375509421,0.1506478376939381,是,是
v0478,训练均值参考,情感极性,视觉,-0.8575205678741138,0.1817428589064741,是,是
v0478,训练均值参考,情感强度,文本,-0.8551804199814796,0.7513119114873398,是,是
v0478,训练均值参考,情感强度,语音,0.11679919809103012,0.1026130004003842,是,是
v0478,训练均值参考,情感强度,视觉,0.16626989841461182,0.14607508811227599,是,是
v0478,零参考,情感极性,文本,3.0081197420756016,0.6285859964950029,是,是
v0478,零参考,情感极性,语音,-0.8390246977408726,0.17532519345438682,是,是
v0478,零参考,情感极性,视觉,-0.9383896936972935,0.1960888100506104,是,是
v0478,零参考,情感强度,文本,-0.6281304601579905,0.6276716072366041,是,是
v0478,零参考,情感强度,语音,0.13458026945590973,0.13448195779341643,是,是
v0478,零参考,情感强度,视觉,0.23802031017839906,0.23784643496997948,是,是
v0479,训练均值参考,情感极性,文本,4.433749628563721,0.8518317444492729,是,是
v0479,训练均值参考,情感极性,语音,-0.43789087484280265,0.08412954700750577,是,是
v0479,训练均值参考,情感极性,视觉,-0.3333188767234484,0.06403870854322116,是,是
v0479,训练均值参考,情感强度,文本,-1.5791880562901497,0.8958370630814334,是,是
v0479,训练均值参考,情感强度,语音,0.10625091940164565,0.06027370281034086,是,是
v0479,训练均值参考,情感强度,视觉,-0.07736825942993163,0.04388923410822575,是,是
v0479,零参考,情感极性,文本,4.251518016060193,0.8188036868780646,是,是
v0479,零参考,情感极性,语音,-0.5407967815796534,0.1041525396191435,是,是
v0479,零参考,情感极性,视觉,-0.4000384906927744,0.07704377350279175,是,是
v0479,零参考,情感强度,文本,-1.3634806238114834,0.9109912678443292,是,是
v0479,零参考,情感强度,语音,0.13233755715191364,0.08841956157487114,是,是
v0479,零参考,情感强度,视觉,-0.0008818116039037704,0.0005891705807996914,是,是
v0480,训练均值参考,情感极性,文本,1.5675859662393727,0.6750877364293012,是,否
v0480,训练均值参考,情感极性,语音,-0.304989838351806,0.13134520469126137,是,否
v0480,训练均值参考,情感极性,视觉,-0.44947195549805957,0.1935670588794375,是,否
v0480,训练均值参考,情感强度,文本,0.4106975098450978,0.6166457472025341,是,否
v0480,训练均值参考,情感强度,语音,-0.08003328988949457,0.12016675694868102,是,否
v0480,训练均值参考,情感强度,视觉,-0.175287755827109,0.2631874958487849,是,否
v0480,零参考,情感极性,文本,2.878394365310669,0.8275789809176002,是,否
v0480,零参考,情感极性,语音,-0.41263820230960846,0.11863930358903366,是,否
v0480,零参考,情感极性,视觉,-0.18705765902996063,0.05378171549336619,是,否
v0480,零参考,情感强度,文本,0.683113229771455,0.7683826658784362,是,否
v0480,零参考,情感强度,语音,-0.082376633460323,0.09265927589414508,是,否
v0480,零参考,情感强度,视觉,-0.12353751870493093,0.13895805822741886,是,否
v0481,训练均值参考,情感极性,文本,1.2234712044397988,0.47433744451943677,是,是
v0481,训练均值参考,情感极性,语音,-0.5134731729825337,0.1990725664960316,是,是
v0481,训练均值参考,情感极性,视觉,-0.8423822571833928,0.32658998898453157,是,是
v0481,训练均值参考,情感强度,文本,0.33138711750507355,0.457565481472837,是,是
v0481,训练均值参考,情感强度,语音,-0.13407710194587708,0.18512805859270806,是,是
v0481,训练均值参考,情感强度,视觉,-0.2587755471467972,0.3573064599344549,是,是
v0481,零参考,情感极性,文本,2.5271082886805134,0.679085034068985,是,是
v0481,零参考,情感极性,语音,-0.6615081864098707,0.17776060935624263,是,是
v0481,零参考,情感极性,视觉,-0.5327264523754517,0.1431543565747724,是,是
v0481,零参考,情感强度,文本,0.5719117118666569,0.6470541164396704,是,是
v0481,零参考,情感强度,语音,-0.12560402912398178,0.14210690636289963,是,是
v0481,零参考,情感强度,视觉,-0.18635424350698787,0.21083897719742997,是,是
v0482,训练均值参考,情感极性,文本,0.802953624476989,0.34861990227829054,是,否
v0482,训练均值参考,情感极性,语音,-0.4612069192032019,0.20024308528082305,是,否
v0482,训练均值参考,情感极性,视觉,-1.039074639479319,0.4511370124408864,是,否
v0482,训练均值参考,情感强度,文本,0.23707349598407745,0.38444619608148267,是,否
v0482,训练均值参考,情感强度,语音,-0.12333623319864273,0.20000610146408557,是,否
v0482,训练均值参考,情感强度,视觉,-0.25625262409448624,0.41554770245443173,是,否
v0482,零参考,情感极性,文本,2.0702828156451383,0.6138471527952616,是,否
v0482,零参考,情感极性,语音,-0.5696113438655932,0.16889204653076267,是,否
v0482,零参考,情感极性,视觉,-0.7327415303637583,0.2172608006739758,是,否
v0482,零参考,情感强度,文本,0.4652338239053885,0.6190208687470804,是,否
v0482,零参考,情感强度,语音,-0.11072199729581672,0.14732210650575295,是,否
v0482,零参考,情感强度,视觉,-0.1756082170953353,0.2336570247471667,是,否
v0483,训练均值参考,情感极性,文本,0.8889539179702599,0.41323495136252647,是,否
v0483,训练均值参考,情感极性,语音,-0.3214327494303385,0.1494197211937063,是,否
v0483,训练均值参考,情感极性,视觉,-0.9408203276495138,0.4373453274437672,是,否
v0483,训练均值参考,情感强度,文本,0.26242079337437946,0.4839460783348329,是,否
v0483,训练均值参考,情感强度,语音,-0.08588596681753793,0.15838751301253037,是,否
v0483,训练均值参考,情感强度,视觉,-0.1939453730980555,0.35766640865263677,是,否
v0483,零参考,情感极性,文本,2.121298190206289,0.6733888730889256,是,否
v0483,零参考,情感极性,语音,-0.3713389188051224,0.11787852232312722,是,否
v0483,零参考,情感极性,视觉,-0.657545905560255,0.20873260458794718,是,否
v0483,零参考,情感强度,文本,0.5065094754099846,0.7149715976148652,是,否
v0483,零参考,情感强度,语音,-0.07674599811434746,0.10833204815753537,是,否
v0483,零参考,情感强度,视觉,-0.1251775287091732,0.17669635422759947,是,否
v0484,训练均值参考,情感极性,文本,-0.9304402178774277,0.42078771904225715,是,是
v0484,训练均值参考,情感极性,语音,-0.647759527588884,0.2929465524650437,是,是
v0484,训练均值参考,情感极性,视觉,-0.6329869783173003,0.2862657284926991,是,是
v0484,训练均值参考,情感强度,文本,0.09718878318866093,0.20717712687214035,是,是
v0484,训练均值参考,情感强度,语音,-0.2164809281627337,0.46147194406485836,是,是
v0484,训练均值参考,情感强度,视觉,-0.15543990830580393,0.33135092906300134,是,是
v0484,零参考,情感极性,文本,0.5913861772666374,0.3748511279376603,是,是
v0484,零参考,情感极性,语音,-0.7314938244720299,0.4636585969089104,是,是
v0484,零参考,情感极性,视觉,-0.25477612142761547,0.16149027515342923,是,是
v0484,零参考,情感强度,文本,0.32054026611149306,0.5374821932933987,是,是
v0484,零参考,情感强度,语音,-0.20413724146783352,0.34229750167746953,是,是
v0484,零参考,情感强度,视觉,-0.07169623300433159,0.1202203050291316,是,是
v0485,训练均值参考,情感极性,文本,0.6726210663715997,0.3967051466523055,是,否
v0485,训练均值参考,情感极性,语音,0.33598829681674636,0.19816252155341887,是,否
v0485,训练均值参考,情感极性,视觉,0.6869095178941885,0.40513233179427577,是,否
v0485,训练均值参考,情感强度,文本,-0.17036242783069608,0.49491279352906015,是,否
v0485,训练均值参考,情感强度,语音,-0.06021801382303237,0.17493684388875935,是,否
v0485,训练均值参考,情感强度,视觉,-0.1136467233300209,0.33015036258218045,是,否
v0485,零参考,情感极性,文本,-0.5727772967269023,0.41613465868396665,是,否
v0485,零参考,情感极性,语音,0.43146097722152865,0.3134654036002028,是,否
v0485,零参考,情感极性,视觉,0.3721846813956896,0.27039993771583054,是,否
v0485,零参考,情感强度,文本,0.05363994153837362,0.4098168346838165,是,否
v0485,零参考,情感强度,语音,-0.04978872028489907,0.3803929528058529,是,否
v0485,零参考,情感强度,视觉,-0.027458937217791874,0.20979021251033056,是,否
v0486,训练均值参考,情感极性,文本,1.1190640007456143,0.42905425728668584,是,是
v0486,训练均值参考,情感极性,语音,-0.6352914000550904,0.24357362905932425,是,是
v0486,训练均值参考,情感极性,视觉,-0.8538555229703585,0.3273721136539899,是,是
v0486,训练均值参考,情感强度,文本,0.30179040133953094,0.48424696658394567,是,是
v0486,训练均值参考,情感强度,语音,-0.1704801619052887,0.2735491284644855,是,是
v0486,训练均值参考,情感强度,视觉,-0.15094532072544098,0.24220390495156888,是,是
v0486,零参考,情感极性,文本,2.359479246040185,0.6510002133560779,是,是
v0486,零参考,情感极性,语音,-0.7365962217251459,0.2032331067565508,是,是
v0486,零参考,情感极性,视觉,-0.5283154274026552,0.14576667988737138,是,是
v0486,零参考,情感强度,文本,0.5351702850311993,0.6956079425986758,是,是
v0486,零参考,情感强度,语音,-0.14371465519070625,0.1867985918027143,是,是
v0486,零参考,情感强度,视觉,-0.09047126211225986,0.11759346559860993,是,是
v0487,训练均值参考,情感极性,文本,1.1490765524407227,0.4314921435601165,是,是
v0487,训练均值参考,情感极性,语音,-0.49168316523234046,0.18463297546876895,是,是
v0487,训练均值参考,情感极性,视觉,-1.022270350406567,0.3838748809711145,是,是
v0487,训练均值参考,情感强度,文本,0.3361518730719884,0.45098530132931297,是,是
v0487,训练均值参考,情感强度,语音,-0.13541665176550546,0.18167657060293851,是,是
v0487,训练均值参考,情感强度,视觉,-0.2738036016623179,0.36733812806774846,是,是
v0487,零参考,情感极性,文本,2.407423375174403,0.6482795563904861,是,是
v0487,零参考,情感极性,语音,-0.5824237111955881,0.1568371350958672,是,是
v0487,零参考,情感极性,视觉,-0.7237103618681431,0.19488330851364674,是,是
v0487,零参考,情感强度,文本,0.5615845477829376,0.6427796955912609,是,是
v0487,零参考,情感强度,语音,-0.11794033211966354,0.13499240867131426,是,是
v0487,零参考,情感强度,视觉,-0.19415633877118427,0.22222789573742485,是,是
v0488,训练均值参考,情感极性,文本,2.302157488962014,0.9698722387357401,是,是
v0488,训练均值参考,情感极性,语音,-0.034428598980108895,0.014504369283801067,是,是
v0488,训练均值参考,情感极性,视觉,-0.037084790567557036,0.01562339198045893,是,是
v0488,训练均值参考,情感强度,文本,-0.32859006958703196,0.48558982051894406,是,是
v0488,训练均值参考,情感强度,语音,-0.1885871427754561,0.27869374423763266,是,是
v0488,训练均值参考,情感强度,视觉,-0.15950515555838743,0.23571643524342337,是,是
v0488,零参考,情感极性,文本,1.9263399144013722,0.9750856542597578,是,是
v0488,零参考,情感极性,语音,-0.023114151010910675,0.011700051944434041,是,是
v0488,零参考,情感极性,视觉,-0.02610562617580095,0.013214293795808085,是,是
v0488,零参考,情感强度,文本,-0.11402926283578077,0.320757610344701,是,是
v0488,零参考,情感强度,语音,-0.16696439186731973,0.46966101521804166,是,是
v0488,零参考,情感强度,视觉,-0.07450613441566625,0.20958137443725725,是,是
v0489,训练均值参考,情感极性,文本,1.8387846772869427,0.5844103961918808,是,是
v0489,训练均值参考,情感极性,语音,-0.40370248506466544,0.12830644727167875,是,是
v0489,训练均值参考,情感极性,视觉,-0.9039056623975436,0.28728315653644043,是,是
v0489,训练均值参考,情感强度,文本,0.5759330218036969,0.5628734844835462,是,是
v0489,训练均值参考,情感强度,语音,-0.11653895924488702,0.11389638653262316,是,是
v0489,训练均值参考,情感强度,视觉,-0.33072956899801886,0.32323012898383063,是,是
v0489,零参考,情感极性,文本,3.101132436965902,0.7376160442651316,是,是
v0489,零参考,情感极性,语音,-0.45770246597627795,0.10886625749338491,是,是
v0489,零参考,情感极性,视觉,-0.6454289021591345,0.15351769824148342,是,是
v0489,零参考,情感强度,文本,0.8003473524004221,0.6967494675090501,是,是
v0489,零参考,情感强度,语音,-0.10810621082782745,0.09411281814427122,是,是
v0489,零参考,情感强度,视觉,-0.24023386277258396,0.20913771434667872,是,是
v0490,训练均值参考,情感极性,文本,1.506201667090257,0.5236224220105166,是,是
v0490,训练均值参考,情感极性,语音,-0.36194548259178794,0.12582828340417737,是,是
v0490,训练均值参考,情感极性,视觉,-1.008356230954329,0.35054929458530604,是,是
v0490,训练均值参考,情感强度,文本,0.44161211202541983,0.5154203018803446,是,是
v0490,训练均值参考,情感强度,语音,-0.09678085645039876,0.11295618233639276,是,是
v0490,训练均值参考,情感强度,视觉,-0.31840702642997104,0.37162351578326264,是,是
v0490,零参考,情感极性,文本,2.753907262658079,0.7050908165538888,是,是
v0490,零参考,情感极性,语音,-0.4341974935183922,0.11116883614847635,是,是
v0490,零参考,情感极性,视觉,-0.7176435502866904,0.18374034729763483,是,是
v0490,零参考,情感强度,文本,0.6727520935237408,0.675098939525356,是,是
v0490,零参考,情感强度,语音,-0.08555106073617935,0.08584949929438736,是,是
v0490,零参考,情感强度,视觉,-0.23822054639458656,0.23905156118025664,是,是
v0491,训练均值参考,情感极性,文本,-0.8781067160889506,0.35943193020206493,是,否
v0491,训练均值参考,情感极性,语音,-0.28935749270021915,0.11844155182288144,是,否
v0491,训练均值参考,情感极性,视觉,-1.2755761621519923,0.5221265179750536,是,否
v0491,训练均值参考,情感强度,文本,-0.021268974989652637,0.046525779024130375,是,否
v0491,训练均值参考,情感强度,语音,-0.09544633701443672,0.20878839656150652,是,否
v0491,训练均值参考,情感强度,视觉,-0.34042856469750404,0.7446858244143632,是,否
v0491,零参考,情感极性,文本,0.6655875571692983,0.3408118814778041,是,否
v0491,零参考,情感极性,语音,-0.3079129022856553,0.15766577128570464,是,否
v0491,零参考,情感极性,视觉,-0.9794465865318973,0.5015223472364913,是,否
v0491,零参考,情感强度,文本,0.20047444974382714,0.37468883213008314,是,否
v0491,零参考,情感强度,语音,-0.08483774835864702,0.15856263425921244,是,否
v0491,零参考,情感强度,视觉,-0.2497303026417891,0.4667485336107044,是,否
v0492,训练均值参考,情感极性,文本,0.43001657972733176,0.24369630115803095,是,否
v0492,训练均值参考,情感极性,语音,0.5187396878997484,0.29397690499561263,是,否
v0492,训练均值参考,情感极性,视觉,0.8158030534783999,0.46232679384635633,是,否
v0492,训练均值参考,情感强度,文本,-0.07123368978500366,0.1985023004973632,是,否
v0492,训练均值参考,情感强度,语音,-0.08837372809648514,0.24626533292922081,是,否
v0492,训练均值参考,情感强度,视觉,-0.19924832135438916,0.5552323665734159,是,否
v0492,零参考,情感极性,文本,-0.8498518609752257,0.4251374007531295,是,否
v0492,零参考,情感极性,语音,0.6220063349852959,0.3111579425197467,是,否
v0492,零参考,情感极性,视觉,0.5271469714740912,0.2637046567271238,是,否
v0492,零参考,情感强度,文本,0.14903867493073145,0.44420984636179883,是,否
v0492,零参考,情感强度,语音,-0.07327093680699666,0.21838406438428284,是,否
v0492,零参考,情感强度,视觉,-0.11320450653632481,0.33740608925391835,是,否
v0493,训练均值参考,情感极性,文本,2.52815027286609,0.809579449291013,是,是
v0493,训练均值参考,情感极性,语音,-0.26116623232762015,0.08363221791460443,是,是
v0493,训练均值参考,情感极性,视觉,-0.33347802112499875,0.10678833279438264,是,是
v0493,训练均值参考,情感强度,文本,0.9703097244103749,0.8841860267058926,是,是
v0493,训练均值参考,情感强度,语音,-0.09609354535738626,0.08756438065511504,是,是
v0493,训练均值参考,情感强度,视觉,0.031001230080922444,0.028249592638992342,是,是
v0493,零参考,情感极性,文本,3.8384984135627747,0.8976554656266688,是,是
v0493,零参考,情感极性,语音,-0.21514245867729187,0.05031233131102933,是,是
v0493,零参考,情感极性,视觉,-0.2224968671798706,0.05203220306230186,是,是
v0493,零参考,情感强度,文本,1.22559184829394,0.8921619550127471,是,是
v0493,零参考,情感强度,语音,-0.07228035231431325,0.05261603242508014,是,是
v0493,零参考,情感强度,视觉,0.07586027185122173,0.055222012562172726,是,是
v0494,训练均值参考,情感极性,文本,1.0226361614962418,0.7725161591986874,是,是
v0494,训练均值参考,情感极性,语音,-0.25082123155395186,0.18947447952754173,是,是
v0494,训练均值参考,情感极性,视觉,0.050315772493680314,0.0380093612737708,是,是
v0494,训练均值参考,情感强度,文本,0.3743442098299662,0.6177107467234312,是,是
v0494,训练均值参考,情感强度,语音,-0.06619449456532796,0.10922848435535139,是,是
v0494,训练均值参考,情感强度,视觉,0.16547990838686624,0.27306076892121744,是,是
v0494,零参考,情感极性,文本,2.3194001019001007,0.8180626589187339,是,是
v0494,零参考,情感极性,语音,-0.2735738009214401,0.09649068774678231,是,是
v0494,零参考,情感极性,视觉,0.2422613650560379,0.08544665333448384,是,是
v0494,零参考,情感强度,文本,0.6548399378856022,0.7106670884058397,是,是
v0494,零参考,情感强度,语音,-0.06275720397631326,0.06810745167795382,是,是
v0494,零参考,情感强度,视觉,0.20384687681992847,0.22122545991620646,是,是
v0495,训练均值参考,情感极性,文本,0.9576694866021472,0.343057133858196,是,是
v0495,训练均值参考,情感极性,语音,-0.5509528915087382,0.19736278799325957,是,是
v0495,训练均值参考,情感极性,视觉,-1.2829519460598626,0.4595800781485445,是,是
v0495,训练均值参考,情感强度,文本,0.29616405566533405,0.38673291235579926,是,是
v0495,训练均值参考,情感强度,语音,-0.09610288093487421,0.1254917547176094,是,是
v0495,训练均值参考,情感强度,视觉,-0.37354338417450583,0.48777533292659125,是,是
v0495,零参考,情感极性,文本,2.1883467342704535,0.578010227177342,是,是
v0495,零参考,情感极性,语音,-0.6365773696452378,0.1681398218492393,是,是
v0495,零参考,情感极性,视觉,-0.9610759206116198,0.25384995097341867,是,是
v0495,零参考,情感强度,文本,0.5243595726788044,0.5834409694406469,是,是
v0495,零参考,情感强度,语音,-0.10448610410094261,0.1162589128644976,是,是
v0495,零参考,情感强度,视觉,-0.2698906138539314,0.30030011769485543,是,是
v0496,训练均值参考,情感极性,文本,2.180893058578173,0.5651724675212078,是,是
v0496,训练均值参考,情感极性,语音,-0.6797372152407963,0.17615203904316742,是,是
v0496,训练均值参考,情感极性,视觉,-0.9981795301040013,0.25867549343562485,是,是
v0496,训练均值参考,情感强度,文本,0.73979281882445,0.5841015606558703,是,是
v0496,训练均值参考,情感强度,语音,-0.19268986334403354,0.15213779728311222,是,是
v0496,训练均值参考,情感强度,视觉,-0.3340655838449796,0.2637606420610176,是,是
v0496,零参考,情感极性,文本,3.410790688047806,0.7027151986677425,是,是
v0496,零参考,情感极性,语音,-0.7740737156321604,0.15948013660588106,是,是
v0496,零参考,情感极性,视觉,-0.6688668013860781,0.13780466472637662,是,是
v0496,零参考,情感强度,文本,0.9459266637762387,0.6966109359701066,是,是
v0496,零参考,情感强度,语音,-0.16890392700831092,0.12438630518413939,是,是
v0496,零参考,情感强度,视觉,-0.24306750545899072,0.17900275884575384,是,是
v0497,训练均值参考,情感极性,文本,2.7546597321828203,0.7763256164351383,是,是
v0497,训练均值参考,情感极性,语音,-0.49981946746508277,0.14086046695816032,是,是
v0497,训练均值参考,情感极性,视觉,-0.29385113219420117,0.08281391660670141,是,是
v0497,训练均值参考,情感强度,文本,1.2059106677770615,0.9526810474398398,是,是
v0497,训练均值参考,情感强度,语音,-0.05745667964220046,0.04539133055755199,是,是
v0497,训练均值参考,情感强度,视觉,0.0024399980902671814,0.0019276220026081471,是,是
v0497,零参考,情感极性,文本,4.073424244299531,0.8633022130700075,是,是
v0497,零参考,情感极性,语音,-0.5964114125818014,0.1264006058545513,是,是
v0497,零参考,情感极性,视觉,-0.04858644679188728,0.010297181075441189,是,是
v0497,零参考,情感强度,文本,1.4535813654462495,0.9358833200305149,是,是
v0497,零参考,情感强度,语音,-0.03911020172139009,0.025180967714759278,是,是
v0497,零参考,情感强度,视觉,0.06047359171013038,0.03893571225472583,是,是
v0498,训练均值参考,情感极性,文本,-1.1660114104549089,0.31229885444917066,是,否
v0498,训练均值参考,情感极性,语音,0.7670040776332219,0.2054306610166411,是,否
v0498,训练均值参考,情感极性,视觉,1.800624241431554,0.4822704845341883,是,否
v0498,训练均值参考,情感强度,文本,0.34726590663194656,0.3495341513550567,是,否
v0498,训练均值参考,情感强度,语音,-0.1565774716436863,0.15760019232265618,是,否
v0498,训练均值参考,情感强度,视觉,-0.48966728523373604,0.4928656563222871,是,否
v0498,零参考,情感极性,文本,-2.296776639918486,0.5068211931147079,是,否
v0498,零参考,情感极性,语音,0.8420933907230694,0.18582162913996852,是,否
v0498,零参考,情感极性,视觉,1.3928596427043278,0.30735717774532356,是,否
v0498,零参考,情感强度,文本,0.5329813162485758,0.5095269166760357,是,否
v0498,零参考,情感强度,语音,-0.1293681350847085,0.12367515516265819,是,否
v0498,零参考,情感强度,视觉,-0.38368226711948716,0.36679792816130596,是,否
v0499,训练均值参考,情感极性,文本,4.8112708901365595,0.9260085277702432,是,是
v0499,训练均值参考,情感极性,语音,-0.12218818316857019,0.023517133454033598,是,是
v0499,训练均值参考,情感极性,视觉,-0.2622499788800875,0.05047433877572303,是,是
v0499,训练均值参考,情感强度,文本,-1.8387714972098665,0.9393646174023303,是,是
v0499,训练均值参考,情感强度,语音,-0.11672597130139668,0.05963125246330555,是,是
v0499,训练均值参考,情感强度,视觉,0.0019655476013819423,0.0010041301343640978,是,是
v0499,零参考,情感极性,文本,4.545712336897849,0.9058109810005047,是,是
v0499,零参考,情感极性,语音,-0.19624426960945127,0.03910502935431552,是,是
v0499,零参考,情感极性,视觉,-0.27643291652202606,0.05508398964517977,是,是
v0499,零参考,情感强度,文本,-1.5977925378829239,0.8734315290403589,是,是
v0499,零参考,情感强度,语音,-0.1328218076378107,0.0726068946902905,是,是
v0499,零参考,情感强度,视觉,0.09871340915560722,0.05396157626935056,是,是
v0500,训练均值参考,情感极性,文本,1.1467546448111532,0.4383210023242989,是,否
v0500,训练均值参考,情感极性,语音,-0.38202204555273056,0.1460192785565103,是,否
v0500,训练均值参考,情感极性,视觉,-1.0874672010540962,0.41565971911919075,是,否
v0500,训练均值参考,情感强度,文本,0.19359376778205234,0.46561446831558384,是,否
v0500,训练均值参考,情感强度,语音,-0.009899506966272988,0.02380941145727801,是,否
v0500,训练均值参考,情感强度,视觉,-0.21228797982136408,0.5105761202271382,是,否
v0500,零参考,情感极性,文本,2.3831006307154894,0.6578594675828096,是,否
v0500,零参考,情感极性,语音,-0.4231097437441349,0.11680025054797884,是,否
v0500,零参考,情感极性,视觉,-0.8162967842072248,0.22534028186921165,是,否
v0500,零参考,情感强度,文本,0.4476154459019501,0.744844919109445,是,否
v0500,零参考,情感强度,语音,-0.02234602409104506,0.037184423948940525,是,否
v0500,零参考,情感强度,视觉,-0.1309897272537152,0.21797065694161444,是,否
v0501,训练均值参考,情感极性,文本,-0.29144033541282016,0.12036710225965039,是,是
v0501,训练均值参考,情感极性,语音,0.6012412259976069,0.2483172551591431,是,是
v0501,训练均值参考,情感极性,视觉,1.528580809632937,0.6313156425812064,是,是
v0501,训练均值参考,情感强度,文本,0.10348062713940936,0.18448921511630453,是,是
v0501,训练均值参考,情感强度,语音,-0.1035726765791575,0.18465332437385815,是,是
v0501,训练均值参考,情感强度,视觉,-0.35385009149710334,0.6308574605098373,是,是
v0501,零参考,情感极性,文本,-1.476231642688314,0.44390105983429934,是,是
v0501,零参考,情感极性,语音,0.7225188401838143,0.21726053664842152,是,是
v0501,零参考,情感极性,视觉,1.1268366271009047,0.3388384035172791,是,是
v0501,零参考,情感强度,文本,0.31529762533803773,0.4754771025099596,是,是
v0501,零参考,情感强度,语音,-0.10379661495486894,0.156528022296935,是,是
v0501,零参考,情感强度,视觉,-0.24402418049673236,0.3679948751931054,是,是
v0502,训练均值参考,情感极性,文本,3.3599385979274907,0.8043533441065082,是,是
v0502,训练均值参考,情感极性,语音,0.08994530762235323,0.021532479497498758,是,是
v0502,训练均值参考,情感极性,视觉,-0.7273083974917729,0.17411417639599316,是,是
v0502,训练均值参考,情感强度,文本,-1.123370110988617,0.6095215644792468,是,是
v0502,训练均值参考,情感强度,语音,-0.2451191246509552,0.13299747864000955,是,是
v0502,训练均值参考,情感强度,视觉,0.47454664111137385,0.2574809568807436,是,是
v0502,零参考,情感极性,文本,3.182674579322338,0.7757466487485745,是,是
v0502,零参考,情感极性,语音,0.05449400842189789,0.013282396096921997,是,是
v0502,零参考,情感极性,视觉,-0.86555565148592,0.21097095515450356,是,是
v0502,零参考,情感强度,文本,-0.8126736202587683,0.5058845700278836,是,是
v0502,零参考,情感强度,语音,-0.2792273623247941,0.17381739804070434,是,是
v0502,零参考,情感强度,视觉,0.5145398310075203,0.32029803193141215,是,是
v0503,训练均值参考,情感极性,文本,0.46326126406590146,0.2187986784394233,是,否
v0503,训练均值参考,情感极性,语音,0.5183420504132906,0.24481337941925435,是,否
v0503,训练均值参考,情感极性,视觉,1.1356913025180497,0.5363879421413222,是,否
v0503,训练均值参考,情感强度,文本,-0.08330421398083368,0.2139444335726836,是,否
v0503,训练均值参考,情感强度,语音,-0.0856339062253634,0.21992762054290413,是,否
v0503,训练均值参考,情感强度,视觉,-0.22043501089016596,0.5661279458844122,是,否
v0503,零参考,情感极性,文本,-0.7231407289703686,0.34462872657057786,是,否
v0503,零参考,情感极性,语音,0.5767648989955584,0.27487008366194793,是,否
v0503,零参考,情感极性,视觉,0.7984125713507334,0.3805011897674742,是,否
v0503,零参考,情感强度,文本,0.12535996921360493,0.3933798502133893,是,否
v0503,零参考,情感强度,语音,-0.07388807460665703,0.23186093538197855,是,否
v0503,零参考,情感强度,视觉,-0.119426054880023,0.37475921440463217,是,否
v0504,训练均值参考,情感极性,文本,-0.039004224042097704,0.022263272123049436,是,是
v0504,训练均值参考,情感极性,语音,0.24313071121772128,0.13877689707321156,是,是
v0504,训练均值参考,情感极性,视觉,1.4698188578089078,0.8389598308037389,是,是
v0504,训练均值参考,情感强度,文本,0.02593902001778285,0.06935811909888354,是,是
v0504,训练均值参考,情感强度,语音,-0.022163336475690205,0.05926235184890167,是,是
v0504,训练均值参考,情感强度,视觉,-0.3258844291170438,0.8713795290522148,是,是
v0504,零参考,情感极性,文本,-1.2404410193363826,0.46134283164420026,是,是
v0504,零参考,情感极性,语音,0.3421185364325841,0.12724017659478612,是,是
v0504,零参考,情感极性,视觉,1.1062023242314654,0.41141699176101365,是,是
v0504,零参考,情感强度,文本,0.25646974705159664,0.5003165605029859,是,是
v0504,零参考,情感强度,语音,-0.036161985248327255,0.07054414911854287,是,是
v0504,零参考,情感强度,视觉,-0.21998321451246738,0.42913929037847126,是,是
v0505,训练均值参考,情感极性,文本,-1.3938475412627063,0.6756243637647167,是,否
v0505,训练均值参考,情感极性,语音,0.20144133890668553,0.09764244108896471,是,否
v0505,训练均值参考,情感极性,视觉,0.4677621523539225,0.22673319514631848,是,否
v0505,训练均值参考,情感强度,文本,-0.24147142904500168,0.5525224532122823,是,否
v0505,训练均值参考,情感强度,语音,-0.028741596887509026,0.06576503764578065,是,否
v0505,训练均值参考,情感强度,视觉,-0.16682157355050245,0.38171250914193705,是,否
v0505,零参考,情感极性,文本,-1.136043700079123,0.5974902790354144,是,否
v0505,零参考,情感极性,语音,0.2887072054048379,0.15184252921331903,是,否
v0505,零参考,情感极性,视觉,0.47660839681824047,0.25066719175126667,是,否
v0505,零参考,情感强度,文本,-0.03172347011665502,0.2753486960566235,是,否
v0505,零参考,情感强度,语音,-0.03386670599381129,0.29395123865195344,是,否
v0505,零参考,情感强度,视觉,-0.04962180989483992,0.4307000652914232,是,否
v0506,训练均值参考,情感极性,文本,-0.5941504233827193,0.6430758435999613,是,否
v0506,训练均值参考,情感极性,语音,0.20533996882538,0.22224872436405238,是,否
v0506,训练均值参考,情感极性,视觉,-0.12442928118010362,0.13467543203598634,是,否
v0506,训练均值参考,情感强度,文本,-0.20462715377410254,0.46235644837944,是,否
v0506,训练均值参考,情感强度,语音,-0.08006340575714907,0.1809038108984459,是,否
v0506,训练均值参考,情感强度,视觉,-0.15788389680286247,0.3567397407221141,是,否
v0506,零参考,情感极性,文本,-0.23955883768697578,0.42270653959315235,是,否
v0506,零参考,情感极性,语音,0.20350517394642034,0.3590891018623052,是,否
v0506,零参考,情感极性,视觉,-0.12366210979719956,0.21820435854454234,是,否
v0506,零参考,情感强度,文本,0.0058401525020599365,0.04388710240379883,是,否
v0506,零参考,情感强度,语音,-0.07492739893496037,0.563058315471904,是,否
v0506,零参考,情感强度,视觉,-0.052304631099104874,0.3930545821242971,是,否
v0507,训练均值参考,情感极性,文本,1.3856352406243482,0.5745404933436385,是,是
v0507,训练均值参考,情感极性,语音,-0.15991515417893726,0.06630729998877034,是,是
v0507,训练均值参考,情感极性,视觉,-0.8661773366232712,0.35915220666759107,是,是
v0507,训练均值参考,情感强度,文本,0.48802080750465393,0.6501989676394679,是,是
v0507,训练均值参考,情感强度,语音,-0.061904340982437134,0.08247627556084972,是,是
v0507,训练均值参考,情感强度,视觉,-0.20064634084701538,0.2673247567996824,是,是
v0507,零参考,情感极性,文本,2.580071876446406,0.7739186787888267,是,是
v0507,零参考,情感极性,语音,-0.08338872840007146,0.025013293272337322,是,是
v0507,零参考,情感极性,视觉,-0.6703158592184384,0.20106802793883602,是,是
v0507,零参考,情感强度,文本,0.7398631721735,0.7947711845186132,是,是
v0507,零参考,情感强度,语音,-0.05024734139442443,0.05397638447341578,是,是
v0507,零参考,情感强度,视觉,-0.14080291986465454,0.151252431007971,是,是
v0508,训练均值参考,情感极性,文本,2.142754338681698,0.6633608610986932,是,是
v0508,训练均值参考,情感极性,语音,-0.21860121935606003,0.067675276858138,是,是
v0508,训练均值参考,情感极性,视觉,-0.8687933161854744,0.2689638620431688,是,是
v0508,训练均值参考,情感强度,文本,0.7911189074317614,0.7309088564099704,是,是
v0508,训练均值参考,情感强度,语音,-0.05604032923777898,0.05177524209223419,是,是
v0508,训练均值参考,情感强度,视觉,-0.23521772523721057,0.21731590149779545,是,是
v0508,零参考,情感极性,文本,3.357769360765815,0.8004020748480595,是,是
v0508,零参考,情感极性,语音,-0.2011138517409563,0.04794014326744383,是,是
v0508,零参考,情感极性,视觉,-0.6362200565636157,0.15165778188449666,是,是
v0508,零参考,情感强度,文本,1.0312484291692574,0.8306783058390526,是,是
v0508,零参考,情感强度,语音,-0.0593077919135491,0.04777286899674503,是,是
v0508,零参考,情感强度,视觉,-0.15089720549682775,0.12154882516420223,是,是
v0509,训练均值参考,情感极性,文本,2.610840665797392,0.7746470464797443,是,是
v0509,训练均值参考,情感极性,语音,-0.41702939321597415,0.12373431744879365,是,是
v0509,训练均值参考,情感极性,视觉,-0.3424915497501691,0.10161863607146206,是,是
v0509,训练均值参考,情感强度,文本,0.988390788435936,0.8355043922381602,是,是
v0509,训练均值参考,情感强度,语音,-0.10169126093387602,0.08596143970234632,是,是
v0509,训练均值参考,情感强度,视觉,-0.09290489554405212,0.07853416805949345,是,是
v0509,零参考,情感极性,文本,3.913138587027788,0.868017572512526,是,是
v0509,零参考,情感极性,语音,-0.4838305618613958,0.10732393460495601,是,是
v0509,零参考,情感极性,视觉,-0.1111637633293867,0.024658492882517983,是,是
v0509,零参考,情感强度,文本,1.2105534560978413,0.9283602574608354,是,是
v0509,零参考,情感强度,语音,-0.0750732272863388,0.05757284014257385,是,是
v0509,零参考,情感强度,视觉,-0.01834281161427498,0.014066902396590735,是,是
v0510,训练均值参考,情感极性,文本,1.158966664224863,0.7352764566870224,是,是
v0510,训练均值参考,情感极性,语音,-0.06955474615097046,0.044127211656994035,是,是
v0510,训练均值参考,情感极性,视觉,-0.34771111235022545,0.22059633165598364,是,是
v0510,训练均值参考,情感强度,文本,0.4316176722447077,0.9294544314218504,是,是
v0510,训练均值参考,情感强度,语音,0.021979073683420815,0.04733019231432392,是,是
v0510,训练均值参考,情感强度,视觉,-0.010780697067578634,0.02321537626382575,是,是
v0510,零参考,情感极性,文本,2.341163372000058,0.9457839451515256,是,是
v0510,零参考,情感极性,语音,-0.06035522619883219,0.0243823240306712,是,是
v0510,零参考,情感极性,视觉,-0.07384946445624034,0.02983373081780327,是,是
v0510,零参考,情感强度,文本,0.7062404081225395,0.9241141663656154,是,是
v0510,零参考,情感强度,语音,0.009153053164482117,0.01197675182206216,是,是
v0510,零参考,情感强度,视觉,0.048841558396816254,0.06390908181232245,是,是
v0511,训练均值参考,情感极性,文本,-1.820500751957297,0.6350726953385405,是,否
v0511,训练均值参考,情感极性,语音,0.42005161382257933,0.14653293072513193,是,否
v0511,训练均值参考,情感极性,视觉,0.6260497812181711,0.2183943739363276,是,否
v0511,训练均值参考,情感强度,文本,-0.4387038977195819,0.88698507905143,是,否
v0511,训练均值参考,情感强度,语音,0.020738946894804638,0.041930642847148376,是,否
v0511,训练均值参考,情感强度,视觉,0.03515837031106154,0.07108427810142158,是,否
v0511,零参考,情感极性,文本,-1.6509515475481749,0.5728215548110297,是,否
v0511,零参考,情感极性,语音,0.5259832311421633,0.1824975013438978,是,否
v0511,零参考,情感极性,视觉,0.7052045781165361,0.2446809438450725,是,否
v0511,零参考,情感强度,文本,-0.19751680580278236,0.5892649965099002,是,否
v0511,零参考,情感强度,语音,0.04087607065836588,0.12194829465747213,是,否
v0511,零参考,情感强度,视觉,0.09679894211391607,0.2887867088326277,是,否
v0512,训练均值参考,情感极性,文本,4.5454076031843815,0.9515425591329008,是,是
v0512,训练均值参考,情感极性,语音,-0.18480788667996723,0.038687964818865064,是,是
v0512,训练均值参考,情感极性,视觉,0.04666764537493388,0.009769476048234162,是,是
v0512,训练均值参考,情感强度,文本,-1.2892650067806244,0.8557088976601113,是,是
v0512,训练均值参考,情感强度,语音,0.15699660032987595,0.10420153118103087,是,是
v0512,训练均值参考,情感强度,视觉,0.06040147691965103,0.04008957115885788,是,是
v0512,零参考,情感极性,文本,3.0884644786516824,0.8600183830010305,是,是
v0512,零参考,情感极性,语音,-0.31276847173770267,0.0870939708637973,是,是
v0512,零参考,情感极性,视觉,-0.18992805232604343,0.052887646135172106,是,是
v0512,零参考,情感强度,文本,-1.0471465835968652,0.7781820951861002,是,是
v0512,零参考,情感强度,语音,0.17661716540654498,0.1312522219666693,是,是
v0512,零参考,情感强度,视觉,0.12186806400616963,0.0905656828472307,是,是
v0513,训练均值参考,情感极性,文本,2.6818420328199863,0.9157456563283419,是,是
v0513,训练均值参考,情感极性,语音,-0.09678555466234683,0.03304853536961571,是,是
v0513,训练均值参考,情感极性,视觉,0.14996073208749294,0.051205808302042376,是,是
v0513,训练均值参考,情感强度,文本,-0.4798605404794216,0.9027140594063209,是,是
v0513,训练均值参考,情感强度,语音,0.0375763438642025,0.07068865023452932,是,是
v0513,训练均值参考,情感强度,视觉,0.014138463884592056,0.026597290359149848,是,是
v0513,零参考,情感极性,文本,1.1936817554136114,0.8103451622807113,是,是
v0513,零参考,情感极性,语音,-0.15593766110638776,0.10586014967711842,是,是
v0513,零参考,情感极性,视觉,-0.12343405621747175,0.08379468804217012,是,是
v0513,零参考,情感强度,文本,-0.23686873912811274,0.6432079291359792,是,是
v0513,零参考,情感强度,语音,0.043011635541915894,0.11679643809267755,是,是
v0513,零参考,情感强度,视觉,0.08838116005063056,0.23999563277134314,是,是
v0514,训练均值参考,情感极性,文本,1.6760682587822278,0.6440988746851704,是,是
v0514,训练均值参考,情感极性,语音,-0.28506009529034293,0.10954618681673478,是,是
v0514,训练均值参考,情感极性,视觉,-0.6410625899831454,0.24635493849809487,是,是
v0514,训练均值参考,情感强度,文本,0.5004544854164124,0.6432780003956402,是,是
v0514,训练均值参考,情感强度,语音,-0.08983872830867767,0.11547758924851494,是,是
v0514,训练均值参考,情感强度,视觉,-0.18768222630023956,0.24124441035584485,是,是
v0514,零参考,情感极性,文本,2.941386247674624,0.8023160928844023,是,是
v0514,零参考,情感极性,语音,-0.3421659966309865,0.09333194025500817,是,是
v0514,零参考,情感极性,视觉,-0.3825667252143224,0.10435196686058944,是,是
v0514,零参考,情感强度,文本,0.7485693121949831,0.7871395282974186,是,是
v0514,零参考,情感强度,语音,-0.08222438891728719,0.0864610205795325,是,是
v0514,零参考,情感强度,视觉,-0.12020581712325414,0.1263994511230488,是,是
v0515,训练均值参考,情感极性,文本,5.04679748415947,0.9628181102051062,是,是
v0515,训练均值参考,情感极性,语音,-0.147126704454422,0.028068543663210658,是,是
v0515,训练均值参考,情感极性,视觉,-0.047769367694854736,0.009113346131683136,是,是
v0515,训练均值参考,情感强度,文本,-1.468665470679601,0.8495803809014277,是,是
v0515,训练均值参考,情感强度,语音,0.09974743674198785,0.057700999303800245,是,是
v0515,训练均值参考,情感强度,视觉,0.16028222690025964,0.09271861979477192,是,是
v0515,零参考,情感极性,文本,3.5922617812951403,0.8649113764302232,是,是
v0515,零参考,情感极性,语音,-0.21754661450783408,0.05237885021950376,是,是
v0515,零参考,情感极性,视觉,-0.3435209269324938,0.08270977335027309,是,是
v0515,零参考,情感强度,文本,-1.221837855875492,0.7843809797508475,是,是
v0515,零参考,情感强度,语音,0.10822333022952078,0.0694759303692595,是,是
v0515,零参考,情感强度,视觉,0.2276485078036785,0.146143089879893,是,是
v0516,训练均值参考,情感极性,文本,2.2462159283459187,0.8719327842612976,是,是
v0516,训练均值参考,情感极性,语音,-0.2073931321501732,0.08050555998217611,是,是
v0516,训练均值参考,情感极性,视觉,0.12252521142363547,0.04756165575652625,是,是
v0516,训练均值参考,情感强度,文本,0.8933549722035725,0.8239708896052501,是,是
v0516,训练均值参考,情感强度,语音,-0.05165712038675944,0.04764507364248984,是,是
v0516,训练均值参考,情感强度,视觉,0.13919486602147418,0.12838403675226,是,是
v0516,零参考,情感极性,文本,3.460271450380484,0.8320589253587961,是,是
v0516,零参考,情感极性,语音,-0.26522964735825855,0.06377727832015573,是,是
v0516,零参考,情感极性,视觉,0.43318447719017655,0.10416379632104804,是,是
v0516,零参考,情感强度,文本,1.1645377172778049,0.8346473490196804,是,是
v0516,零参考,情感强度,语音,-0.045473353316386536,0.03259165695833207,是,是
v0516,零参考,情感强度,视觉,0.18523414122561613,0.1327609940219875,是,是
v0517,训练均值参考,情感极性,文本,0.13574023668964702,0.11642282004609876,是,是
v0517,训练均值参考,情感极性,语音,0.1256971259911855,0.1078089609718482,是,是
v0517,训练均值参考,情感极性,视觉,-0.9044872956971327,0.7757682189820531,是,是
v0517,训练均值参考,情感强度,文本,0.03834067533413569,0.09938866103640041,是,是
v0517,训练均值参考,情感强度,语音,0.08265790591637293,0.21427005449188866,是,是
v0517,训练均值参考,情感强度,视觉,-0.26476650436719257,0.6863412844717109,是,是
v0517,零参考,情感极性,文本,1.4325424929459887,0.6237411584850373,是,是
v0517,零参考,情感极性,语音,0.12749382605155307,0.055511893820020745,是,是
v0517,零参考,情感极性,视觉,-0.7366575474540392,0.32074694769494194,是,是
v0517,零参考,情感强度,文本,0.31394546727339423,0.5831381407408279,是,是
v0517,零参考,情感强度,语音,0.04479346672693888,0.08320164368462256,是,是
v0517,零参考,情感强度,视觉,-0.17963344355424243,0.3336602155745495,是,是
v0518,训练均值参考,情感极性,文本,1.8638700842857359,0.7156886214635005,是,是
v0518,训练均值参考,情感极性,语音,0.09962075203657149,0.038252364955754604,是,是
v0518,训练均值参考,情感极性,视觉,-0.6408122479915619,0.24605901358074478,是,是
v0518,训练均值参考,情感强度,文本,0.6849086508154869,0.6640740077315774,是,是
v0518,训练均值参考,情感强度,语音,0.11071645468473434,0.10734850508426462,是,是
v0518,训练均值参考,情感强度,视觉,-0.23574887216091156,0.2285774871841579,是,是
v0518,零参考,情感极性,文本,3.2860419501860934,0.8636785554773756,是,是
v0518,零参考,情感极性,语音,0.010628228386243183,0.0027934436258168615,是,是
v0518,零参考,情感极性,视觉,-0.5080346266428629,0.1335280008968075,是,是
v0518,零参考,情感强度,文本,0.9607532086471716,0.8184291276744334,是,是
v0518,零参考,情感强度,语音,0.06728444683055082,0.05731706189472389,是,是
v0518,零参考,情感强度,视觉,-0.14586143506069976,0.1242538104308427,是,是
v0519,训练均值参考,情感极性,文本,2.7214991624156633,0.7516130625471763,是,是
v0519,训练均值参考,情感极性,语音,0.4603232989708582,0.12713029982864377,是,是
v0519,训练均值参考,情感极性,视觉,-0.43905548503001524,0.12125663762418007,是,是
v0519,训练均值参考,情感强度,文本,-0.5703640120724837,0.6538826237297719,是,是
v0519,训练均值参考,情感强度,语音,-0.17064212510983148,0.195629314129063,是,是
v0519,训练均值参考,情感强度,视觉,0.13126663987835246,0.1504880621411652,是,是
v0519,零参考,情感极性,文本,1.0914363463719685,0.494861692647902,是,是
v0519,零参考,情感极性,语音,0.4729710792501767,0.21444701711581068,是,是
v0519,零参考,情感极性,视觉,-0.6411307329932848,0.2906912902362874,是,是
v0519,零参考,情感强度,文本,-0.3056194446980953,0.491439775263142,是,是
v0519,零参考,情感强度,语音,-0.1492819245904684,0.24004714603176006,是,是
v0519,零参考,情感强度,视觉,0.16698448546230793,0.268513078705098,是,是
v0520,训练均值参考,情感极性,文本,2.7417986566821733,0.7677122257644169,是,否
v0520,训练均值参考,情感极性,语音,-0.2552362208565076,0.07146694259693112,是,否
v0520,训练均值参考,情感极性,视觉,-0.5743536775310834,0.16082083163865205,是,否
v0520,训练均值参考,情感强度,文本,-0.6998666226863861,0.8678379573274076,是,否
v0520,训练均值参考,情感强度,语音,-0.000410228967666626,0.000508685880703682,是,否
v0520,训练均值参考,情感强度,视觉,0.10617165267467497,0.1316533567918887,是,否
v0520,零参考,情感极性,文本,2.505630110700925,0.7254342842899886,是,否
v0520,零参考,情感极性,语音,-0.3145238558451334,0.09106148081582346,是,否
v0520,零参考,情感极性,视觉,-0.6338185916344325,0.1835042348941881,是,否
v0520,零参考,情感强度,文本,-0.41779910027980804,0.7395999220885748,是,否
v0520,零参考,情感强度,语音,0.009360849857330322,0.016570844265886876,是,否
v0520,零参考,情感强度,视觉,0.13773883879184723,0.24382923364553827,是,否
v0521,训练均值参考,情感极性,文本,0.5326414033770561,0.25024118163200765,是,是
v0521,训练均值参考,情感极性,语音,0.5067559704184532,0.23807990147325997,是,是
v0521,训练均值参考,情感极性,视觉,1.0891148075461388,0.5116789168947324,是,是
v0521,训练均值参考,情感强度,文本,-0.07468053450187047,0.18932840115689809,是,是
v0521,训练均值参考,情感强度,语音,-0.08682825167973837,0.22012501886099756,是,是
v0521,训练均值参考,情感强度,视觉,-0.232940932114919,0.5905465799821044,是,是
v0521,零参考,情感极性,文本,-0.7244070991873741,0.342545140256562,是,是
v0521,零参考,情感极性,语音,0.6080893203616142,0.2875427943285638,是,是
v0521,零参考,情感极性,视觉,0.7822820842266083,0.3699120654148742,是,是
v0521,零参考,情感强度,文本,0.12582018164296943,0.38293234041823226,是,是
v0521,零参考,情感强度,语音,-0.07491991172234216,0.22801792816650995,是,是
v0521,零参考,情感强度,视觉,-0.12783017444113892,0.3890497314152579,是,是
v0522,训练均值参考,情感极性,文本,0.9247348209222157,0.5639901629134173,是,否
v0522,训练均值参考,情感极性,语音,-0.3670949886242548,0.2238890087781258,是,否
v0522,训练均值参考,情感极性,视觉,-0.34779953459898627,0.2121208283084569,是,否
v0522,训练均值参考,情感强度,文本,0.24424606064955393,0.567539405043985,是,否
v0522,训练均值参考,情感强度,语音,-0.07161488135655722,0.166407052991175,是,否
v0522,训练均值参考,情感强度,视觉,-0.11449870963891345,0.26605354196483993,是,否
v0522,零参考,情感极性,文本,2.3036458591620126,0.7856834026814986,是,否
v0522,零参考,情感极性,语音,-0.41871127982934314,0.14280602279601826,是,否
v0522,零参考,情感极性,视觉,-0.20967101802428562,0.07151057452248302,是,否
v0522,零参考,情感强度,文本,0.5080277615537245,0.7984191323099622,是,否
v0522,零参考,情感强度,语音,-0.06314420017103353,0.09923776085931804,是,否
v0522,零参考,情感强度,视觉,-0.06512010718385378,0.10234310683071979,是,否
v0523,训练均值参考,情感极性,文本,0.8674231556554634,0.39847290920888256,是,否
v0523,训练均值参考,情感极性,语音,-0.26623069370786345,0.12229984679427681,是,否
v0523,训练均值参考,情感极性,视觉,-1.0432147296766439,0.4792272439968407,是,否
v0523,训练均值参考,情感强度,文本,0.13251115381717682,0.3872795608864355,是,否
v0523,训练均值参考,情感强度,语音,-0.038816288113594055,0.11344520504752743,是,否
v0523,训练均值参考,情感强度,视觉,-0.17083147168159485,0.4992752340660371,是,否
v0523,零参考,情感极性,文本,2.020271096378565,0.6700050353255016,是,否
v0523,零参考,情感极性,语音,-0.21414067968726158,0.07101786186798258,是,否
v0523,零参考,情感极性,视觉,-0.7808955572545528,0.2589771028065158,是,否
v0523,零参考,情感强度,文本,0.37645494689544046,0.7436856712518901,是,否
v0523,零参考,情感强度,语音,-0.028308304647604626,0.05592297489373709,是,否
v0523,零参考,情感强度,视觉,-0.10143844286600748,0.20039135385437268,是,否
v0524,训练均值参考,情感极性,文本,-0.24288756524523097,0.2711452784726839,是,否
v0524,训练均值参考,情感极性,语音,-0.6034619410832722,0.6736691353362848,是,否
v0524,训练均值参考,情感极性,视觉,-0.049434357633193336,0.05518558619103139,是,否
v0524,训练均值参考,情感强度,文本,-0.10576656212409337,0.3575954084161796,是,否
v0524,训练均值参考,情感强度,语音,-0.12284010400374729,0.4153208375021912,是,否
v0524,训练均值参考,情感强度,视觉,0.06716492275396982,0.22708375408162934,是,否
v0524,零参考,情感极性,文本,1.1419928663720686,0.5639536503914827,是,否
v0524,零参考,情感极性,语音,-0.7284793245295683,0.35974705832297293,是,否
v0524,零参考,情感极性,视觉,0.15450426874061426,0.07629929128554425,是,否
v0524,零参考,情感强度,文本,0.1653642455736796,0.4471296999965148,是,否
v0524,零参考,情感强度,语音,-0.10591898610194524,0.28639518969411265,是,否
v0524,零参考,情感强度,视觉,0.09855184207359949,0.2664751103093726,是,否
v0525,训练均值参考,情感极性,文本,2.263196817288796,0.7351209758783878,是,是
v0525,训练均值参考,情感极性,语音,-0.30804738154013944,0.1000585057404987,是,是
v0525,训练均值参考,情感极性,视觉,-0.5074284163614113,0.1648205183811135,是,是
v0525,训练均值参考,情感强度,文本,-0.4718942418694496,0.8324608341406585,是,是
v0525,训练均值参考,情感强度,语音,0.06345541775226593,0.1119406538709348,是,是
v0525,训练均值参考,情感强度,视觉,-0.03151693940162658,0.055598511988406624,是,是
v0525,零参考,情感极性,文本,2.04248055567344,0.6827719415447886,是,是
v0525,零参考,情感极性,语音,-0.4135406191150347,0.13824069494150426,是,是
v0525,零参考,情感极性,视觉,-0.53543238590161,0.17898736351370723,是,是
v0525,零参考,情感强度,文本,-0.22442230333884558,0.6776264259230098,是,是
v0525,零参考,情感强度,语音,0.0556747547040383,0.16810577417198974,是,是
v0525,零参考,情感强度,视觉,0.051091772193710014,0.1542677999050004,是,是
v0526,训练均值参考,情感极性,文本,3.4321059311429654,0.8645044993556744,是,是
v0526,训练均值参考,情感极性,语音,-0.3325556193788846,0.0837665954976269,是,是
v0526,训练均值参考,情感极性,视觉,-0.20536513378222782,0.051728905146698555,是,是
v0526,训练均值参考,情感强度,文本,-1.040436898668607,0.8485997410086397,是,是
v0526,训练均值参考,情感强度,语音,-0.057989289363225296,0.04729714603343954,是,是
v0526,训练均值参考,情感强度,视觉,0.1276369939247767,0.10410311295792082,是,是
v0526,零参考,情感极性,文本,3.088263240953286,0.8494259884802554,是,是
v0526,零参考,情感极性,语音,-0.37462844202915824,0.10304145400027745,是,是
v0526,零参考,情感极性,视觉,-0.17281440893808997,0.04753255751946717,是,是
v0526,零参考,情感强度,文本,-0.8155452354500691,0.7855309751040116,是,是
v0526,零参考,情感强度,语音,-0.028494872773687046,0.02744618473925172,是,是
v0526,零参考,情感强度,视觉,0.19416877379020053,0.18702284015673673,是,是
v0527,训练均值参考,情感极性,文本,3.8691307082772255,0.8453056037109915,是,是
v0527,训练均值参考,情感极性,语音,-0.15806733816862106,0.03453365026717057,是,是
v0527,训练均值参考,情感极性,视觉,-0.5499994680285454,0.12016074602183796,是,是
v0527,训练均值参考,情感强度,文本,-1.101999007165432,0.8349617974041543,是,是
v0527,训练均值参考,情感强度,语音,-0.025274261832237237,0.019149784119850875,是,是
v0527,训练均值参考,情感强度,视觉,0.19254640489816666,0.14588841847599476,是,是
v0527,零参考,情感极性,文本,3.601213077704111,0.8191826617433509,是,是
v0527,零参考,情感极性,语音,-0.2198186566432317,0.05000304851848747,是,是
v0527,零参考,情感极性,视觉,-0.5750733663638432,0.1308142897381616,是,是
v0527,零参考,情感强度,文本,-0.8624104503542185,0.7493743882321439,是,是
v0527,零参考,情感强度,语音,-0.018808091059327126,0.01634291621305001,是,是
v0527,零参考,情感强度,视觉,0.2696220315992832,0.23428269555480613,是,是
v0528,训练均值参考,情感极性,文本,0.16523433725039166,0.15247478783668783,是,是
v0528,训练均值参考,情感极性,语音,-0.32840445016821224,0.3030447526662839,是,是
v0528,训练均值参考,情感极性,视觉,-0.5900442240138848,0.5444804594970283,是,是
v0528,训练均值参考,情感强度,文本,0.06837782760461171,0.28463529427819223,是,是
v0528,训练均值参考,情感强度,语音,-0.06068197886149088,0.25259990724622816,是,是
v0528,训练均值参考,情感强度,视觉,-0.11116981009642282,0.46276479847557955,是,是
v0528,零参考,情感极性,文本,1.4451664860049882,0.6638211560066297,是,是
v0528,零参考,情感极性,语音,-0.33706563835342723,0.15482735302035805,是,是
v0528,零参考,情感极性,视觉,-0.39480979864796,0.18135149097301229,是,是
v0528,零参考,情感强度,文本,0.31830528751015663,0.7631028939696469,是,是
v0528,零参考,情感强度,语音,-0.04995507746934891,0.11976195709322511,是,是
v0528,零参考,情感强度,视觉,-0.04885938391089439,0.1171351489371279,是,是
v0529,训练均值参考,情感极性,文本,0.009861432015895844,0.010568410403533878,是,否
v0529,训练均值参考,情感极性,语音,-0.18086878210306168,0.19383549117119303,是,否
v0529,训练均值参考,情感极性,视觉,-0.7423743531107903,0.7955960984252731,是,否
v0529,训练均值参考,情感强度,文本,0.04005142549673716,0.17723405123296032,是,否
v0529,训练均值参考,情感强度,语音,-0.036024694641431175,0.15941511435719835,是,否
v0529,训练均值参考,情感强度,视觉,-0.1499043007691701,0.6633508344098413,是,否
v0529,零参考,情感极性,文本,1.2274444500605264,0.6454710038308583,是,否
v0529,零参考,情感极性,语音,-0.13935205092032749,0.07328047162459961,是,否
v0529,零参考,情感极性,视觉,-0.5348295097549756,0.2812485245445421,是,否
v0529,零参考,情感强度,文本,0.2828487381339073,0.7281570427774472,是,否
v0529,零参考,情感强度,语音,-0.02538888156414032,0.06536035140598376,是,否
v0529,零参考,情感强度,视觉,-0.08020707219839096,0.2064826058165691,是,否
v0530,训练均值参考,情感极性,文本,1.3481867363055546,0.5409940943818612,是,否
v0530,训练均值参考,情感极性,语音,-0.2712238977352778,0.10883546246130694,是,否
v0530,训练均值参考,情感极性,视觉,-0.8726438085238138,0.3501704431568319,是,否
v0530,训练均值参考,情感强度,文本,0.47270080943902326,0.6228462472619529,是,否
v0530,训练均值参考,情感强度,语音,-0.06045580903689066,0.0796585769093546,是,否
v0530,训练均值参考,情感强度,视觉,-0.22577997545401254,0.2974951758286926,是,否
v0530,零参考,情感极性,文本,2.5973288118839264,0.7369828459679247,是,否
v0530,零参考,情感极性,语音,-0.2725241631269455,0.0773277655171597,是,否
v0530,零参考,情感极性,视觉,-0.6544201150536537,0.18568938851491557,是,否
v0530,零参考,情感强度,文本,0.720532347758611,0.7729653900775127,是,否
v0530,零参考,情感强度,语音,-0.05630005399386088,0.060397001372836184,是,否
v0530,零参考,情感强度,视觉,-0.15533397595087686,0.16663760854965115,是,否
v0531,训练均值参考,情感极性,文本,1.4724229412774243,0.5407602953901675,是,是
v0531,训练均值参考,情感极性,语音,-0.1237848897775014,0.045461091160972994,是,是
v0531,训练均值参考,情感极性,视觉,-1.1266676348944504,0.41377861344885963,是,是
v0531,训练均值参考,情感强度,文本,0.4229560320576032,0.5692421517612662,是,是
v0531,训练均值参考,情感强度,语音,0.006680910785992941,0.008991610813640622,是,是
v0531,训练均值参考,情感强度,视觉,-0.3133790666858355,0.4217662374250931,是,是
v0531,零参考,情感极性,文本,2.7207450146476426,0.7249998909042298,是,是
v0531,零参考,情感极性,语音,-0.11310577144225438,0.030139418253015898,是,是
v0531,零参考,情感极性,视觉,-0.9189015229543049,0.24486069084275439,是,是
v0531,零参考,情感强度,文本,0.6774996320406597,0.7400605135488664,是,是
v0531,零参考,情感强度,语音,-0.007633910824855168,0.008338832522184324,是,是
v0531,零参考,情感强度,视觉,-0.23033163820703825,0.2516006539289492,是,是
v0532,训练均值参考,情感极性,文本,1.776080970962842,0.6773017758764548,是,是
v0532,训练均值参考,情感极性,语音,-0.04230720798174541,0.016133694109045315,是,是
v0532,训练均值参考,情感极性,视觉,0.8039007832606633,0.30656453001449985,是,是
v0532,训练均值参考,情感强度,文本,-0.2277418859302997,0.509617707174688,是,是
v0532,训练均值参考,情感强度,语音,0.041913554072380066,0.09378990271664749,是,是
v0532,训练均值参考,情感强度,视觉,-0.1772322617471218,0.3965923901086645,是,是
v0532,零参考,情感极性,文本,0.3585389759391546,0.35658122500037115,是,是
v0532,零参考,情感极性,语音,-0.1449738759547472,0.14418226678309148,是,是
v0532,零参考,情感极性,视觉,0.5019774846732616,0.49923650821653737,是,是
v0532,零参考,情感强度,文本,0.015438097839554151,0.10625853477955066,是,是
v0532,零参考,情感强度,语音,0.03748840217789014,0.2580280762596957,是,是
v0532,零参考,情感强度,视觉,-0.09236157375077406,0.6357133889607537,是,是
v0533,训练均值参考,情感极性,文本,-0.10384957989056905,0.060245411375752345,是,否
v0533,训练均值参考,情感极性,语音,0.3033242585758368,0.1759650328619758,是,否
v0533,训练均值参考,情感极性,视觉,1.3166019233564534,0.7637895557622718,是,否
v0533,训练均值参考,情感强度,文本,0.029880774517854054,0.07933042962086329,是,否
v0533,训练均值参考,情感强度,语音,-0.045003528396288545,0.11947980933355969,是,否
v0533,训练均值参考,情感强度,视觉,-0.30177790174881614,0.801189761045577,是,否
v0533,零参考,情感极性,文本,-1.3563526918490727,0.4909834910688626,是,否
v0533,零参考,情感极性,语音,0.40144852424661315,0.14531957587693403,是,否
v0533,零参考,情感极性,视觉,1.0047207760314145,0.36369693305420336,是,否
v0533,零参考,情感强度,文本,0.2544319548954566,0.5057336448721659,是,否
v0533,零参考,情感强度,语音,-0.050600376601020486,0.10057821904034472,是,否
v0533,零参考,情感强度,视觉,-0.19806244472662604,0.39368813608748937,是,否
v0534,训练均值参考,情感极性,文本,1.2331078611314297,0.4764206338169246,是,是
v0534,训练均值参考,情感极性,语音,0.6353759933263063,0.24548236451499944,是,是
v0534,训练均值参考,情感极性,视觉,0.7197916600853205,0.27809700166807594,是,是
v0534,训练均值参考,情感强度,文本,-0.1873582142094771,0.43825697831898675,是,是
v0534,训练均值参考,情感强度,语音,-0.10684648963312307,0.2499288322541818,是,是
v0534,训练均值参考,情感强度,视觉,-0.1333029537151257,0.31181418942683137,是,是
v0534,零参考,情感极性,文本,-0.01629880691568057,0.014071010609012544,是,是
v0534,零参考,情感极性,语音,0.7705989324798186,0.665269906583497,是,是
v0534,零参考,情感极性,视觉,0.3714275130381187,0.32065908280749045,是,是
v0534,零参考,情感强度,文本,0.016475015630324684,0.11525997308580657,是,是
v0534,零参考,情感强度,语音,-0.0924767858038346,0.6469718804510666,是,是
v0534,零参考,情感强度,视觉,-0.03398607360819975,0.2377681464631269,是,是
v0535,训练均值参考,情感极性,文本,0.5266008041799068,0.23654425285308275,是,否
v0535,训练均值参考,情感极性,语音,-0.22590831294655797,0.10147594283009818,是,否
v0535,训练均值参考,情感极性,视觉,-1.4737161993980408,0.661979804316819,是,否
v0535,训练均值参考,情感强度,文本,0.1367328092455864,0.2575667816624697,是,否
v0535,训练均值参考,情感强度,语音,-0.015547402203083038,0.029287004126914408,是,否
v0535,训练均值参考,情感强度,视觉,-0.37858331203460693,0.7131462142106159,是,否
v0535,零参考,情感极性,文本,1.7852248065173624,0.5445996171973785,是,否
v0535,零参考,情感极性,语音,-0.3667693622410297,0.11188644340308677,是,否
v0535,零参考,情感极性,视觉,-1.1260558888316154,0.34351393939953484,是,否
v0535,零参考,情感强度,文本,0.36469839202860993,0.5482836624410324,是,否
v0535,零参考,情感强度,语音,-0.03584807676573594,0.05389361524534248,是,否
v0535,零参考,情感强度,视觉,-0.2646172357102235,0.39782272231362514,是,否
v0536,训练均值参考,情感极性,文本,0.6276941969990729,0.36594895397213645,是,是
v0536,训练均值参考,情感极性,语音,0.22997362166643143,0.1340758074431246,是,是
v0536,训练均值参考,情感极性,视觉,0.8575828745961189,0.4999752385847389,是,是
v0536,训练均值参考,情感强度,文本,-0.1194232205549876,0.35429179129396365,是,是
v0536,训练均值参考,情感强度,语音,-0.03681144366661707,0.10920817790839514,是,是
v0536,训练均值参考,情感强度,视觉,-0.1808412248889605,0.5365000307976412,是,是
v0536,零参考,情感极性,文本,-0.6389762765417496,0.4177949652487859,是,是
v0536,零参考,情感极性,语音,0.31971880731483304,0.20904830569677066,是,是
v0536,零参考,情感极性,视觉,0.5707064879437287,0.3731567290544434,是,是
v0536,零参考,情感强度,文本,0.11677166757484278,0.4648916761778329,是,是
v0536,零参考,情感强度,语音,-0.043209089587132134,0.17202414336855504,是,是
v0536,零参考,情感强度,视觉,-0.0911996221790711,0.3630841804536122,是,是
v0537,训练均值参考,情感极性,文本,0.7263866551220417,0.34300930039319655,是,否
v0537,训练均值参考,情感极性,语音,0.35025238618254656,0.1653937680412618,是,否
v0537,训练均值参考,情感极性,视觉,1.041048888117075,0.49159693156554163,是,否
v0537,训练均值参考,情感强度,文本,-0.13377026344339052,0.34162299127669354,是,否
v0537,训练均值参考,情感强度,语音,-0.05790130669871966,0.14786857021939429,是,否
v0537,训练均值参考,情感强度,视觉,-0.1999012070397536,0.5105084385039121,是,否
v0537,零参考,情感极性,文本,-0.4432088546454906,0.28767371173204903,是,否
v0537,零参考,情感极性,语音,0.4105710871517658,0.26648950564239987,是,否
v0537,零参考,情感极性,视觉,0.6868851818144321,0.44583678262555104,是,否
v0537,零参考,情感强度,文本,0.08008422702550887,0.34395791976479567,是,否
v0537,零参考,情感强度,语音,-0.05724520236253738,0.24586540261993634,是,否
v0537,零参考,情感强度,视觉,-0.09550203755497932,0.410176677615268,是,否
v0538,训练均值参考,情感极性,文本,0.7328871227800845,0.36333212951437255,是,是
v0538,训练均值参考,情感极性,语音,0.270939003676176,0.1343192452348577,是,是
v0538,训练均值参考,情感极性,视觉,1.0133010782301426,0.5023486252507697,是,是
v0538,训练均值参考,情感强度,文本,-0.16057757536570227,0.41966955257396243,是,是
v0538,训练均值参考,情感强度,语音,-0.04198831568161646,0.10973647855441453,是,是
v0538,训练均值参考,情感强度,视觉,-0.1800627137223879,0.47059396887162314,是,是
v0538,零参考,情感极性,文本,-0.5324814853568871,0.3293699410022946,是,是
v0538,零参考,情感极性,语音,0.406908123443524,0.2516957082970142,是,是
v0538,零参考,情感极性,视觉,0.677277302990357,0.4189343507006912,是,是
v0538,零参考,情感强度,文本,0.060396053517858185,0.3322302884103898,是,是
v0538,零参考,情感强度,语音,-0.04811143999298413,0.2646543383829216,是,是
v0538,零参考,情感强度,视觉,-0.07328223374982674,0.4031153732066886,是,是
v0539,训练均值参考,情感极性,文本,0.9960470845301945,0.3460504845263813,是,是
v0539,训练均值参考,情感极性,语音,-0.484926367799441,0.16847497185915183,是,是
v0539,训练均值参考,情感极性,视觉,-1.397355372707049,0.4854745436144668,是,是
v0539,训练均值参考,情感强度,文本,0.12574836860100427,0.24702876964882786,是,是
v0539,训练均值参考,情感强度,语音,-0.08841038992007573,0.17367946868103556,是,是
v0539,训练均值参考,情感强度,视觉,-0.2948846568663915,0.5792917616701366,是,是
v0539,零参考,情感极性,文本,2.246156839653849,0.5741850994787212,是,是
v0539,零参考,情感极性,语音,-0.5781903006136417,0.14780279338224558,是,是
v0539,零参考,情感极性,视觉,-1.0875566024333239,0.2780121071390332,是,是
v0539,零参考,情感强度,文本,0.3440725126614173,0.5526724604584144,是,是
v0539,零参考,情感强度,语音,-0.0786802756289641,0.12638156179652868,是,是
v0539,零参考,情感强度,视觉,-0.199808560932676,0.3209459777450569,是,是
v0540,训练均值参考,情感极性,文本,0.6836741901934146,0.5673793625669965,是,是
v0540,训练均值参考,情感极性,语音,-0.22653187438845634,0.18799819027140352,是,是
v0540,训练均值参考,情感极性,视觉,-0.2947623133659363,0.24462244716159995,是,是
v0540,训练均值参考,情感强度,文本,0.17237384617328644,0.6458451020890591,是,是
v0540,训练均值参考,情感强度,语音,-0.05245676636695862,0.1965434222281726,是,是
v0540,训练均值参考,情感强度,视觉,-0.04206596314907073,0.15761147568276831,是,是
v0540,零参考,情感极性,文本,2.136634385213256,0.8064167217984405,是,是
v0540,零参考,情感极性,语音,-0.49100084975361824,0.18531541867844734,是,是
v0540,零参考,情感极性,视觉,-0.021906035020947456,0.008267859523112145,是,是
v0540,零参考,情感强度,文本,0.47875478180746234,0.8484586872618174,是,是
v0540,零参考,情感强度,语音,-0.08477722232540448,0.15024386908963244,是,是
v0540,零参考,情感强度,视觉,-0.0007321008791526182,0.0012974436485500413,是,是
v0541,训练均值参考,情感极性,文本,0.28077298402786255,0.18787558234958307,是,否
v0541,训练均值参考,情感极性,语音,0.5757105834782124,0.3852292324715042,是,否
v0541,训练均值参考,情感极性,视觉,0.6379787810146809,0.42689518517891273,是,否
v0541,训练均值参考,情感强度,文本,-0.07335883378982544,0.24906042577302898,是,否
v0541,训练均值参考,情感强度,语音,-0.11539404094219208,0.3917740711510442,是,否
v0541,训练均值参考,情感强度,视觉,-0.1057894378900528,0.3591655030759268,是,否
v0541,零参考,情感极性,文本,-0.9029566509028275,0.49181315320174046,是,否
v0541,零参考,情感极性,语音,0.6428710936258236,0.35015242353244797,是,否
v0541,零参考,情感极性,视觉,0.29014724927643937,0.15803442326581152,是,否
v0541,零参考,情感强度,文本,0.15142806743582088,0.5464376812954603,是,否
v0541,零参考,情感强度,语音,-0.08908364983896414,0.3214639391734398,是,否
v0541,零参考,情感强度,视觉,-0.03660692336658637,0.13209837953109993,是,否
v0542,训练均值参考,情感极性,文本,-0.3398818224668503,0.2699848918973904,是,是
v0542,训练均值参考,情感极性,语音,-0.34523964300751686,0.2742408729586269,是,是
v0542,训练均值参考,情感极性,视觉,-0.5737705416977406,0.4557742351439827,是,是
v0542,训练均值参考,情感强度,文本,-0.1158408944805463,0.41660231458150193,是,是
v0542,训练均值参考,情感强度,语音,-0.07449766000111897,0.2679183178491767,是,是
v0542,训练均值参考,情感强度,视觉,-0.08772253741820651,0.31547936756932143,是,是
v0542,零参考,情感极性,文本,0.8943529650568962,0.5657884728287111,是,是
v0542,零参考,情感极性,语音,-0.3808505646884441,0.24093491919861726,是,是
v0542,零参考,情感极性,视觉,-0.3055161349475384,0.19327660797267157,是,是
v0542,零参考,情感强度,文本,0.1325872614979744,0.6031359027909111,是,是
v0542,零参考,情感强度,语音,-0.06018085032701492,0.27376107691358703,是,是
v0542,零参考,情感强度,视觉,-0.027061715722084045,0.12310302029550185,是,是
v0543,训练均值参考,情感极性,文本,-0.08314839998881023,0.05615923840458357,是,否
v0543,训练均值参考,情感极性,语音,0.7696747792263825,0.5198458349936571,是,否
v0543,训练均值参考,情感极性,视觉,0.6277595770855744,0.42399492660175947,是,否
v0543,训练均值参考,情感强度,文本,0.03773192564646403,0.10876488688641621,是,否
v0543,训练均值参考,情感强度,语音,-0.17595861603816348,0.507212887818109,是,否
v0543,训练均值参考,情感强度,视觉,-0.13322220494349796,0.3840222252954748,是,否
v0543,零参考,情感极性,文本,-1.3844455822060504,0.5288343346686389,是,否
v0543,零参考,情感极性,语音,0.8691846573104461,0.3320135481385409,是,否
v0543,零参考,情感极性,视觉,0.36428900559743244,0.13915211719282003,是,否
v0543,零参考,情感强度,文本,0.2683180316040913,0.5513391902752315,是,否
v0543,零参考,情感强度,语音,-0.14578323004146415,0.2995550001848742,是,否
v0543,零参考,情感强度,视觉,-0.07256472607453664,0.1491058095398944,是,否
v0544,训练均值参考,情感极性,文本,1.0134987185398736,0.7258381821320355,是,是
v0544,训练均值参考,情感极性,语音,-0.32943372925122577,0.23593081549937794,是,是
v0544,训练均值参考,情感极性,视觉,-0.053382520874341324,0.03823100236858656,是,是
v0544,训练均值参考,情感强度,文本,0.3914284805456797,0.8486018237717041,是,是
v0544,训练均值参考,情感强度,语音,-0.046809663375218705,0.10148154180036598,是,是
v0544,训练均值参考,情感强度,视觉,0.023024688164393105,0.04991663442792989,是,是
v0544,零参考,情感极性,文本,2.444816242903471,0.7901782445116767,是,是
v0544,零参考,情感极性,语音,-0.49976093694567675,0.16152552200089318,是,是
v0544,零参考,情感极性,视觉,0.14942883700132367,0.04829623348743001,是,是
v0544,零参考,情感强度,文本,0.6948645506054163,0.8559090674692889,是,是
v0544,零参考,情感强度,语音,-0.062380772083997726,0.07683838298544592,是,是
v0544,零参考,情感强度,视觉,0.054598571732640266,0.06725254954526522,是,是
v0545,训练均值参考,情感极性,文本,-0.5903664554158846,0.49336551736209994,是,是
v0545,训练均值参考,情感极性,语音,-0.2377760882178942,0.1987079748582905,是,是
v0545,训练均值参考,情感极性,视觉,-0.3684681529800097,0.30792650777960945,是,是
v0545,训练均值参考,情感强度,文本,-0.13560155034065247,0.4926402249627978,是,是
v0545,训练均值参考,情感强度,语音,-0.032260723412036896,0.11720315880786694,是,是
v0545,训练均值参考,情感强度,视觉,-0.10739245265722275,0.39015661622933523,是,是
v0545,零参考,情感极性,文本,0.7141727482279141,0.6163589287361857,是,是
v0545,零参考,情感极性,语音,-0.27606340746084845,0.23825348489988635,是,是
v0545,零参考,情感极性,视觉,-0.168460043768088,0.145387586363928,是,是
v0545,零参考,情感强度,文本,0.12619195009271303,0.6156640770044306,是,是
v0545,零参考,情感强度,语音,-0.026043617477019627,0.12706135141001865,是,是
v0545,零参考,情感强度,视觉,-0.052733269830544785,0.2572745715855507,是,是
v0546,训练均值参考,情感极性,文本,2.383384631325801,0.8705968689096162,是,是
v0546,训练均值参考,情感极性,语音,-0.30629339690009755,0.11188209775464646,是,是
v0546,训练均值参考,情感极性,视觉,0.04796635856231054,0.017521033335737384,是,是
v0546,训练均值参考,情感强度,文本,0.9066323240598042,0.8333586846913148,是,是
v0546,训练均值参考,情感强度,语音,-0.034277061621348054,0.03150680405915631,是,是
v0546,训练均值参考,情感强度,视觉,0.1470163067181905,0.13513451124952888,是,是
v0546,零参考,情感极性,文本,3.7605439325173693,0.8439905137069663,是,是
v0546,零参考,情感极性,语音,-0.43158800403277076,0.09686263151552744,是,是
v0546,零参考,情感极性,视觉,0.263538916905721,0.05914685477750622,是,是
v0546,零参考,情感强度,文本,1.1874072508265574,0.8685122640059038,是,是
v0546,零参考,情感强度,语音,-0.011875752980510391,0.0086863517977494,是,是
v0546,零参考,情感强度,视觉,0.16789084052046138,0.12280138419634683,是,是
v0547,训练均值参考,情感极性,文本,-0.008186459541320808,0.009884434746437262,是,是
v0547,训练均值参考,情感极性,语音,-0.2171100080013275,0.26214136844574876,是,是
v0547,训练均值参考,情感极性,视觉,-0.602920800447464,0.727974196807814,是,是
v0547,训练均值参考,情感强度,文本,0.5289888034264245,0.6723313355384554,是,是
v0547,训练均值参考,情感强度,语音,-0.08800349881251653,0.1118502121508618,是,是
v0547,训练均值参考,情感强度,视觉,-0.16980547954638797,0.2158184523106827,是,是
v0547,零参考,情感极性,文本,1.4899217803031206,0.7504486499805949,是,是
v0547,零参考,情感极性,语音,-0.23650667257606983,0.11912445035202124,是,是
v0547,零参考,情感极性,视觉,-0.2589462697505951,0.13042689966738386,是,是
v0547,零参考,情感强度,文本,0.7580657607565322,0.8231219904255276,是,是
v0547,零参考,情感强度,语音,-0.062420397376020745,0.0677772356847075,是,是
v0547,零参考,情感强度,视觉,-0.10047789042194684,0.10910077388976477,是,是
v0548,训练均值参考,情感极性,文本,0.81945559506615,0.3758991607956371,是,否
v0548,训练均值参考,情感极性,语音,-0.45030912260214484,0.20656497106606692,是,否
v0548,训练均值参考,情感极性,视觉,-0.9102231102685133,0.41753586813829596,是,否
v0548,训练均值参考,情感强度,文本,0.18293331066767374,0.3846536586576364,是,否
v0548,训练均值参考,情感强度,语音,-0.11365315069754917,0.23897834721418654,是,否
v0548,训练均值参考,情感强度,视觉,-0.17899282028277713,0.376367994128177,是,否
v0548,零参考,情感极性,文本,2.096876200288534,0.6416381007703728,是,否
v0548,零参考,情感极性,语音,-0.45879804342985153,0.14039088487102167,是,否
v0548,零参考,情感极性,视觉,-0.7123302556574345,0.21797101435860555,是,否
v0548,零参考,情感强度,文本,0.4264629147946834,0.6670824028445862,是,否
v0548,零参考,情感强度,语音,-0.09520975314080714,0.1489291300510553,是,否
v0548,零参考,情感强度,视觉,-0.11762303672730923,0.1839884671043585,是,否
v0549,训练均值参考,情感极性,文本,0.7700593198339143,0.545063174893804,是,是
v0549,训练均值参考,情感极性,语音,0.2232974196473757,0.15805431784767338,是,是
v0549,训练均值参考,情感极性,视觉,0.41943237433830893,0.2968825072585227,是,是
v0549,训练均值参考,情感强度,文本,-0.14208845794200897,0.4749955939570112,是,是
v0549,训练均值参考,情感强度,语音,-0.03522724658250809,0.11776316779198018,是,是
v0549,训练均值参考,情感强度,视觉,-0.12182066589593887,0.40724123825100866,是,是
v0549,零参考,情感极性,文本,-0.5529958978295326,0.5254013383426102,是,是
v0549,零参考,情感极性,语音,0.23119311034679413,0.21965654730632497,是,是
v0549,零参考,情感极性,视觉,0.2683319076895714,0.2549421143510649,是,是
v0549,零参考,情感强度,文本,0.10199880475799243,0.5652024611584303,是,是
v0549,零参考,情感强度,语音,-0.019628779341777168,0.10876827841101624,是,是
v0549,零参考,情感强度,视觉,-0.058836606641610466,0.3260292604305534,是,是
v0550,训练均值参考,情感极性,文本,1.7898928287128606,0.804697545358562,是,是
v0550,训练均值参考,情感极性,语音,-0.2898426142831643,0.13030704213821234,是,是
v0550,训练均值参考,情感极性,视觉,-0.14456962545712787,0.06499541250322548,是,是
v0550,训练均值参考,情感强度,文本,0.6574645539124806,0.8444287374443112,是,是
v0550,训练均值参考,情感强度,语音,-0.08709646264712015,0.11186421465812373,是,是
v0550,训练均值参考,情感强度,视觉,-0.034029910961786904,0.04370704789756507,是,是
v0550,零参考,情感极性,文本,3.1231482078631716,0.8901285958812698,是,是
v0550,零参考,情感极性,语音,-0.3439549307028452,0.09803060858339402,是,是
v0550,零参考,情感极性,视觉,0.0415451874335607,0.01184079553533622,是,是
v0550,零参考,情感强度,文本,0.9331402132908502,0.9066098202091176,是,是
v0550,零参考,情感强度,语音,-0.08575307329495747,0.0833150015988953,是,是
v0550,零参考,情感强度,视觉,0.010370011130968727,0.010075178191987038,是,是
v0551,训练均值参考,情感极性,文本,2.1645580505331354,0.8048251830238244,是,否
v0551,训练均值参考,情感极性,语音,-0.3028945798675219,0.11262215195326354,是,否
v0551,训练均值参考,情感极性,视觉,-0.22202341506878534,0.08255266502291216,是,否
v0551,训练均值参考,情感强度,文本,0.82573996980985,0.8515457404517093,是,否
v0551,训练均值参考,情感强度,语音,-0.13102532426516214,0.13512008725337094,是,否
v0551,训练均值参考,情感强度,视觉,0.0129300852616628,0.013334172294919762,是,否
v0551,零参考,情感极性,文本,3.4896817828218136,0.900792949799824,是,否
v0551,零参考,情感极性,语音,-0.3399648120005925,0.08775525245242485,是,否
v0551,零参考,情感极性,视觉,-0.0443643902738889,0.011451797747751133,是,否
v0551,零参考,情感强度,文本,1.0848358919223149,0.8473102100163696,是,否
v0551,零参考,情感强度,语音,-0.12534392128388086,0.0978997699634792,是,否
v0551,零参考,情感强度,视觉,0.07014925529559453,0.054790020020151126,是,否
v0552,训练均值参考,情感极性,文本,1.5562652262548604,0.6619188464606253,是,是
v0552,训练均值参考,情感极性,语音,-0.14618091781934103,0.06217443072373055,是,是
v0552,训练均值参考,情感极性,视觉,-0.6486958948274453,0.27590672281564427,是,是
v0552,训练均值参考,情感强度,文本,0.4899204721053441,0.7364534486232616,是,是
v0552,训练均值参考,情感强度,语音,0.004576732714970909,0.006879791278945541,是,是
v0552,训练均值参考,情感强度,视觉,-0.1707457552353541,0.256666760097793,是,是
v0552,零参考,情感极性,文本,2.955117305119832,0.8026589429411929,是,是
v0552,零参考,情感极性,语音,-0.20856208602587378,0.05664892666599224,是,是
v0552,零参考,情感极性,视觉,-0.5179805854956309,0.14069213039281492,是,是
v0552,零参考,情感强度,文本,0.766228336840868,0.8658514151048041,是,是
v0552,零参考,情感强度,语音,-0.021728863939642906,0.02455399609511817,是,是
v0552,零参考,情感强度,视觉,-0.09698486141860485,0.10959458880007768,是,是
v0553,训练均值参考,情感极性,文本,1.5592299066483974,0.5735088259933884,是,是
v0553,训练均值参考,情感极性,语音,-0.2761671096086502,0.10157852548511928,是,是
v0553,训练均值参考,情感极性,视觉,-0.8833578415215014,0.32491264852149226,是,是
v0553,训练均值参考,情感强度,文本,0.40447531888882315,0.5619079871023077,是,是
v0553,训练均值参考,情感强度,语音,-0.01877424617608388,0.026081687523352128,是,是
v0553,训练均值参考,情感强度,视觉,-0.29657526065905887,0.4120103253743401,是,是
v0553,零参考,情感极性,文本,2.8186963368207216,0.7474152071452091,是,是
v0553,零参考,情感极性,语音,-0.3069818504154682,0.08140036240189363,是,是
v0553,零参考,情感极性,视觉,-0.6455808263272047,0.17118443045289722,是,是
v0553,零参考,情感强度,文本,0.6483323418845732,0.7328559467421554,是,是
v0553,零参考,情感强度,语音,-0.03501236687103907,0.039576957084037086,是,是
v0553,零参考,情感强度,视觉,-0.20132074939707914,0.22756709617380766,是,是
v0554,训练均值参考,情感极性,文本,4.7386429111162816,0.827018866184744,是,否
v0554,训练均值参考,情感极性,语音,-0.017551561196645103,0.0030632129309786232,是,否
v0554,训练均值参考,情感极性,视觉,0.9735936919848123,0.1699179208842774,是,否
v0554,训练均值参考,情感强度,文本,-1.9177387977639833,0.8418150813097226,是,否
v0554,训练均值参考,情感强度,语音,-0.027180033425490066,0.011931010664621187,是,否
v0554,训练均值参考,情感强度,视觉,-0.3331810037295023,0.14625390802565613,是,否
v0554,零参考,情感极性,文本,3.165442376087109,0.8170312344223579,是,否
v0554,零参考,情感极性,语音,0.014782611901561417,0.0038155348336649034,是,否
v0554,零参考,情感极性,视觉,0.6940973668048778,0.17915323074397724,是,否
v0554,零参考,情感强度,文本,-1.6451975721865892,0.8412464685617227,是,否
v0554,零参考,情感强度,语音,-0.055810566991567605,0.028537874832676224,是,否
v0554,零参考,情感强度,视觉,-0.2546584028750658,0.1302156566056011,是,否
v0555,训练均值参考,情感极性,文本,2.6415883563458915,0.7502361400434299,是,是
v0555,训练均值参考,情感极性,语音,0.11302897334098816,0.032101300139631264,是,是
v0555,训练均值参考,情感极性,视觉,-0.7663918770849704,0.21766255981693888,是,是
v0555,训练均值参考,情感强度,文本,-0.6216361224651337,0.7726287440499607,是,是
v0555,训练均值参考,情感强度,语音,-0.08004464954137802,0.09948713533220219,是,是
v0555,训练均值参考,情感强度,视觉,0.10289209336042404,0.12788412061783713,是,是
v0555,零参考,情感极性,文本,2.38000916937987,0.7180623746286472,是,是
v0555,零参考,情感极性,语音,0.0942408541838328,0.028433004550107353,是,是
v0555,零参考,情感极性,视觉,-0.8402380396922429,0.25350462082124553,是,是
v0555,零参考,情感强度,文本,-0.35250603966414923,0.5441256100812014,是,是
v0555,零参考,情感强度,语音,-0.10965803451836108,0.16926729819851377,是,是
v0555,零参考,情感强度,视觉,0.18567538261413574,0.28660709172028465,是,是
v0556,训练均值参考,情感极性,文本,0.6520088339845339,0.3718975169125703,是,否
v0556,训练均值参考,情感极性,语音,-0.28489844252665836,0.16250243528209027,是,否
v0556,训练均值参考,情感极性,视觉,-0.81628763427337,0.4656000478053394,是,否
v0556,训练均值参考,情感强度,文本,0.03596780697504679,0.13937504425677083,是,否
v0556,训练均值参考,情感强度,语音,-0.046618101497491196,0.18064487400878065,是,否
v0556,训练均值参考,情感强度,视觉,-0.1754789923628171,0.6799800817344485,是,否
v0556,零参考,情感极性,文本,1.9459305455287297,0.676988165391554,是,否
v0556,零参考,情感极性,语音,-0.3369923556844393,0.11723945500007485,是,否
v0556,零参考,情感极性,视觉,-0.5914708400766054,0.20577237960837108,是,否
v0556,零参考,情感强度,文本,0.28509010622898734,0.6581344219394915,是,否
v0556,零参考,情感强度,语音,-0.04697355379660924,0.10843909346171363,是,否
v0556,零参考,情感强度,视觉,-0.10111548503239948,0.23342648459879495,是,否
v0557,训练均值参考,情感极性,文本,0.18305725107590357,0.19011460886263434,是,是
v0557,训练均值参考,情感极性,语音,-0.2119264428814252,0.22009678698466548,是,是
v0557,训练均值参考,情感极性,视觉,-0.5678947096069653,0.5897886041527002,是,是
v0557,训练均值参考,情感强度,文本,-0.11103525757789612,0.4690111612376338,是,是
v0557,训练均值参考,情感强度,语音,-0.030137203633785248,0.12729906861179255,是,是
v0557,训练均值参考,情感强度,视觉,-0.09557085484266281,0.4036897701505736,是,是
v0557,零参考,情感极性,文本,1.5212521826227505,0.6999697560498402,是,是
v0557,零参考,情感极性,语音,-0.24474397550026572,0.11261340018604425,是,是
v0557,零参考,情感极性,视觉,-0.40731514493624366,0.18741684376411552,是,是
v0557,零参考,情感强度,文本,0.15564672648906708,0.6895053838423932,是,是
v0557,零参考,情感强度,语音,-0.03882311284542084,0.1719839917501813,是,是
v0557,零参考,情感强度,视觉,-0.031266942620277405,0.1385106244074255,是,是
v0558,训练均值参考,情感极性,文本,2.3172417680422464,0.7257933486893672,是,是
v0558,训练均值参考,情感极性,语音,-0.5207994778951008,0.16312186422244224,是,是
v0558,训练均值参考,情感极性,视觉,-0.3546606053908665,0.11108478708819058,是,是
v0558,训练均值参考,情感强度,文本,0.8911484380563099,0.8125387073881328,是,是
v0558,训练均值参考,情感强度,语音,-0.10315595815579096,0.09405639433325741,是,是
v0558,训练均值参考,情感强度,视觉,-0.10244143257538477,0.09340489827860987,是,是
v0558,零参考,情感极性,文本,3.5541977609197293,0.8463738687133853,是,是
v0558,零参考,情感极性,语音,-0.5655890305836995,0.13468574573439168,是,是
v0558,零参考,情感极性,视觉,-0.07953680803378423,0.018940385552223125,是,是
v0558,零参考,情感强度,文本,1.1319135626157124,0.9023594535938847,是,是
v0558,零参考,情感强度,语音,-0.08035138497749965,0.06405597939497822,是,是
v0558,零参考,情感强度,视觉,-0.042128252486387886,0.03358456701113698,是,是
v0559,训练均值参考,情感极性,文本,-0.23395393788814545,0.1859992481430368,是,否
v0559,训练均值参考,情感极性,语音,-0.5413247719407082,0.4303667700191098,是,否
v0559,训练均值参考,情感极性,视觉,-0.4825432449579239,0.3836339818378534,是,否
v0559,训练均值参考,情感强度,文本,-0.3003796295573314,0.8843973366443975,是,否
v0559,训练均值参考,情感强度,语音,-0.0064195462812980005,0.018900847710652716,是,否
v0559,训练均值参考,情感强度,视觉,-0.03284412374099096,0.09670181564494998,是,否
v0559,零参考,情感极性,文本,1.049468293786049,0.5553094079954982,是,否
v0559,零参考,情感极性,语音,-0.6170302629470825,0.3264917216282327,是,否
v0559,零参考,情感极性,视觉,-0.22338171303272245,0.118198870376269,是,否
v0559,零参考,情感强度,文本,-0.059075752894083663,0.5796628199136592,是,否
v0559,零参考,情感强度,语音,0.0015953530867894496,0.01565391592561399,是,否
v0559,零参考,情感强度,视觉,0.0412428875764211,0.4046832641607267,是,否
v0560,训练均值参考,情感极性,文本,2.568865155180295,0.7749399050604461,是,是
v0560,训练均值参考,情感极性,语音,-0.333432192603747,0.10058523747709484,是,是
v0560,训练均值参考,情感极性,视觉,-0.4126244137684504,0.12447485746245912,是,是
v0560,训练均值参考,情感强度,文本,0.989446332057317,0.92752845005179,是,是
v0560,训练均值参考,情感强度,语音,0.007207286854585011,0.006756267003802109,是,是
v0560,训练均值参考,情感强度,视觉,-0.0701021576921145,0.06571528294440787,是,是
v0560,零参考,情感极性,文本,3.849068375925223,0.8731797376627025,是,是
v0560,零参考,情感极性,语音,-0.43764028449853254,0.09928081070194089,是,是
v0560,零参考,情感极性,视觉,-0.1213968073328336,0.02753945163535661,是,是
v0560,零参考,情感强度,文本,1.234417650848627,0.9872526304910649,是,是
v0560,零参考,情感强度,语音,0.011217886582016941,0.00897175119703852,是,是
v0560,零参考,情感强度,视觉,0.004720868542790413,0.0037756183118965157,是,是
v0561,训练均值参考,情感极性,文本,1.1413721876839795,0.6541368099454208,是,否
v0561,训练均值参考,情感极性,语音,0.451798219854633,0.2589320551733624,是,否
v0561,训练均值参考,情感极性,视觉,-0.15168199998637039,0.08693113488121694,是,否
v0561,训练均值参考,情感强度,文本,-0.31954956240952015,0.6586827491091456,是,否
v0561,训练均值参考,情感强度,语音,-0.06575438566505909,0.13553853489662537,是,否
v0561,训练均值参考,情感强度,视觉,0.09983030334115028,0.20577871599422898,是,否
v0561,零参考,情感极性,文本,-0.02488834410905838,0.023525194379640756,是,否
v0561,零参考,情感极性,语音,0.5165863316506147,0.48829258437981565,是,否
v0561,零参考,情感极性,视觉,-0.5164695736020803,0.4881822212405436,是,否
v0561,零参考,情感强度,文本,-0.07261221731702486,0.26794580893676184,是,否
v0561,零参考,情感强度,语音,-0.044287663574020066,0.16342558154435632,是,否
v0561,零参考,情感强度,视觉,0.1540960253526767,0.5686286095188818,是,否
v0562,训练均值参考,情感极性,文本,2.7828113548457623,0.7765738060771321,是,否
v0562,训练均值参考,情感极性,语音,-0.47933662310242653,0.13376410339372163,是,否
v0562,训练均值参考,情感极性,视觉,-0.3212993815541267,0.08966209052914624,是,否
v0562,训练均值参考,情感强度,文本,-0.6676318471630414,0.7024985099768611,是,否
v0562,训练均值参考,情感强度,语音,-0.14031615604956943,0.14764408104461074,是,否
v0562,训练均值参考,情感强度,视觉,0.1424196312824885,0.1498574089785282,是,否
v0562,零参考,情感极性,文本,2.447858923425277,0.7491382564660212,是,否
v0562,零参考,情感极性,语音,-0.5057143631080786,0.1547678963943263,是,否
v0562,零参考,情感极性,视觉,-0.3139930168787638,0.09609384713965258,是,否
v0562,零参考,情感强度,文本,-0.44280528277158737,0.5970379724087703,是,否
v0562,零参考,情感强度,语音,-0.0997957643121481,0.13455544253441662,是,否
v0562,零参考,情感强度,视觉,0.199069170281291,0.2684065850568131,是,否
v0563,训练均值参考,情感极性,文本,1.5532658385733762,0.5698621033749238,是,否
v0563,训练均值参考,情感极性,语音,-0.5823379618426163,0.21364812614143047,是,否
v0563,训练均值参考,情感极性,视觉,-0.5900833954413731,0.21648977048364576,是,否
v0563,训练均值参考,情感强度,文本,0.4881123105684916,0.6503651231120745,是,否
v0563,训练均值参考,情感强度,语音,-0.16603254278500873,0.22122321603243206,是,否
v0563,训练均值参考,情感强度,视觉,-0.09637557466824849,0.1284116608554933,是,否
v0563,零参考,情感极性,文本,2.771534537275632,0.7500535329474958,是,否
v0563,零参考,情感极性,语音,-0.6851632098356882,0.18542402386515724,是,否
v0563,零参考,情感极性,视觉,-0.23841788868109387,0.06452244318734707,是,否
v0563,零参考,情感强度,文本,0.7405732739716767,0.794803853717593,是,否
v0563,零参考,情感强度,语音,-0.15477079525589943,0.1661043259806187,是,否
v0563,零参考,情感强度,视觉,-0.036424530670046806,0.03909182030178835,是,否
v0564,训练均值参考,情感极性,文本,3.142816479007403,0.7165736883191942,是,是
v0564,训练均值参考,情感极性,语音,-0.4553739925225575,0.10382694107852729,是,是
v0564,训练均值参考,情感极性,视觉,-0.7877038617928822,0.17959937060227846,是,是
v0564,训练均值参考,情感强度,文本,-0.6649699757496516,0.7260447248639571,是,是
v0564,训练均值参考,情感强度,语音,-0.11082120488087337,0.12099967538552148,是,是
v0564,训练均值参考,情感强度,视觉,0.14008900274833042,0.1529555997505215,是,是
v0564,零参考,情感极性,文本,2.8501215055584908,0.686199074672601,是,是
v0564,零参考,情感极性,语音,-0.4743851348757744,0.1142136010536176,是,是
v0564,零参考,情感极性,视觉,-0.8289841040968895,0.19958732427378145,是,是
v0564,零参考,情感强度,文本,-0.47718717778722436,0.6311890351323972,是,是
v0564,零参考,情感强度,语音,-0.05853055665890376,0.07742002992328655,是,是
v0564,零参考,情感强度,视觉,0.22029536341627437,0.29139093494431634,是,是
v0565,训练均值参考,情感极性,文本,4.086722418665886,0.8880738631327979,是,否
v0565,训练均值参考,情感极性,语音,0.4293032884597778,0.09329065955072846,是,否
v0565,训练均值参考,情感极性,视觉,-0.08575640618801114,0.018635477316473643,是,否
v0565,训练均值参考,情感强度,文本,-0.8694640745719273,0.7657864672408825,是,否
v0565,训练均值参考,情感强度,语音,-0.1203337584932645,0.10598478591739831,是,否
v0565,训练均值参考,情感强度,视觉,0.14558926473061243,0.12822874684171917,是,否
v0565,零参考,情感极性,文本,2.5191499131421247,0.7393261555822931,是,否
v0565,零参考,情感极性,语音,0.48886210906008876,0.14347242369964353,是,否
v0565,零参考,情感极性,视觉,-0.3993473605563243,0.11720142071806343,是,否
v0565,零参考,情感强度,文本,-0.6336669481048981,0.6777042306179867,是,否
v0565,零参考,情感强度,语音,-0.09430918718377748,0.10086329314119322,是,否
v0565,零参考,情感强度,视觉,0.2070437738051017,0.22143247624082021,是,否
v0566,训练均值参考,情感极性,文本,2.124583189686139,0.7352862998608237,是,否
v0566,训练均值参考,情感极性,语音,-0.3507916654149691,0.121403721415631,是,否
v0566,训练均值参考,情感极性,视觉,-0.4140890041987101,0.1433099787235453,是,否
v0566,训练均值参考,情感强度,文本,-0.4273087040831645,0.8337062859788787,是,否
v0566,训练均值参考,情感强度,语音,-0.037917536993821464,0.07397951092153078,是,否
v0566,训练均值参考,情感强度,视觉,0.04731481956938902,0.09231420309959057,是,否
v0566,零参考,情感极性,文本,1.8648564691344895,0.684439902993253,是,否
v0566,零参考,情感极性,语音,-0.4360850801070531,0.16005201197269786,是,否
v0566,零参考,情感极性,视觉,-0.42370448758204776,0.1555080850340491,是,否
v0566,零参考,情感强度,文本,-0.18426537265380225,0.5683541226647122,是,否
v0566,零参考,情感强度,语音,-0.025312313189109162,0.0780741240093962,是,否
v0566,零参考,情感强度,视觉,0.11463105181852976,0.35357175332589147,是,否
v0567,训练均值参考,情感极性,文本,2.1506079373260336,0.7163758303906109,是,是
v0567,训练均值参考,情感极性,语音,-0.38830103601018584,0.12934457847263153,是,是
v0567,训练均值参考,情感极性,视觉,-0.4631576041380564,0.15427959113675757,是,是
v0567,训练均值参考,情感强度,文本,0.8073819627364476,0.8042781149421298,是,是
v0567,训练均值参考,情感强度,语音,-0.12494094173113504,0.12446062673239787,是,是
v0567,训练均值参考,情感强度,视觉,-0.07153626779715219,0.07126125832547243,是,是
v0567,零参考,情感极性,文本,3.3807201360662775,0.8459304249891927,是,是
v0567,零参考,情感极性,语音,-0.5119321371118227,0.12809666369382666,是,是
v0567,零参考,情感极性,视觉,-0.10379948715368906,0.025972911316980724,是,是
v0567,零参考,情感强度,文本,1.0603663865476847,0.8928099747849816,是,是
v0567,零参考,情感强度,语音,-0.11645780876278876,0.09805544067040634,是,是
v0567,零参考,情感强度,视觉,-0.010848900303244584,0.009134584544612022,是,是
v0568,训练均值参考,情感极性,文本,0.5408988868196806,0.23219557607218794,是,是
v0568,训练均值参考,情感极性,语音,-0.8466875130931536,0.3634636706533517,是,是
v0568,训练均值参考,情感极性,视觉,-0.9419105524818102,0.4043407532744604,是,是
v0568,训练均值参考,情感强度,文本,0.06679168343544006,0.17449373791607486,是,是
v0568,训练均值参考,情感强度,语音,-0.15229954570531845,0.3978836233215838,是,是
v0568,训练均值参考,情感强度,视觉,-0.16368287056684494,0.42762263876234136,是,是
v0568,零参考,情感极性,文本,1.7776024763782818,0.5327366271061287,是,是
v0568,零参考,情感极性,语音,-0.9452438602844875,0.283283823358926,是,是
v0568,零参考,情感极性,视觉,-0.6138915295402209,0.18397954953494536,是,是
v0568,零参考,情感强度,文本,0.2912058246632417,0.5720617649563793,是,是
v0568,零参考,情感强度,语音,-0.13033901217083135,0.25604558367382335,是,是
v0568,零参考,情感强度,视觉,-0.08750128808120887,0.17189265136979737,是,是
v0569,训练均值参考,情感极性,文本,2.1437691437701383,0.6877471024981695,是,是
v0569,训练均值参考,情感极性,语音,-0.06372557332118352,0.020443935642063656,是,是
v0569,训练均值参考,情感极性,视觉,-0.9095945966740449,0.2918089618597669,是,是
v0569,训练均值参考,情感强度,文本,0.6645140573382377,0.6691515324447261,是,是
v0569,训练均值参考,情感强度,语音,0.01922211796045303,0.019356264247579975,是,是
v0569,训练均值参考,情感强度,视觉,-0.3093334436416626,0.31149220330769384,是,是
v0569,零参考,情感极性,文本,3.3226746519406634,0.8290979440486109,是,是
v0569,零参考,情感极性,语音,-0.048899861673514046,0.012201849119982986,是,是
v0569,零参考,情感极性,视觉,-0.6360034520427384,0.15870020683140615,是,是
v0569,零参考,情感强度,文本,0.8991535995155573,0.805896827698214,是,是
v0569,零参考,情感强度,语音,0.007866431027650833,0.007050554892852787,是,是
v0569,零参考,情感强度,视觉,-0.2086979728192091,0.18705261740893322,是,是
v0570,训练均值参考,情感极性,文本,0.5692620202898979,0.31541094801118585,是,是
v0570,训练均值参考,情感极性,语音,0.15070624276995656,0.08350179216078552,是,是
v0570,训练均值参考,情感极性,视觉,1.0848581828176975,0.6010872598280286,是,是
v0570,训练均值参考,情感强度,文本,-0.1537258687118689,0.4109260488550826,是,是
v0570,训练均值参考,情感强度,语音,-0.010605237136284508,0.02834895798671855,是,是
v0570,训练均值参考,情感强度,视觉,-0.20976508284608522,0.5607249931581988,是,是
v0570,零参考,情感极性,文本,-0.6926867291331291,0.4018247693478782,是,是
v0570,零参考,情感极性,语音,0.2564106322824955,0.1487427704933775,是,是
v0570,零参考,情感极性,视觉,0.7747553773224353,0.4494324601587442,是,是
v0570,零参考,情感强度,文本,0.08243797222773235,0.38130973348287023,是,是
v0570,零参考,情感强度,语音,-0.03313668568929036,0.15327088291041668,是,是
v0570,零参考,情感强度,视觉,-0.10062221561868985,0.46541938360671314,是,是
v0571,训练均值参考,情感极性,文本,1.5586708423991995,0.6123863645928235,是,否
v0571,训练均值参考,情感极性,语音,-0.09577944378058115,0.037630796563326366,是,否
v0571,训练均值参考,情感极性,视觉,-0.8907906475166478,0.3499828388438502,是,否
v0571,训练均值参考,情感强度,文本,0.5360242053866386,0.6376111251553925,是,否
v0571,训练均值参考,情感强度,语音,0.003905288875102995,0.004645416398528422,是,否
v0571,训练均值参考,情感强度,视觉,-0.30074624717235565,0.357743458446079,是,否
v0571,零参考,情感极性,文本,2.78553500585258,0.7885530056877006,是,否
v0571,零参考,情感极性,语音,-0.13408947177231312,0.03795919124152969,是,否
v0571,零参考,情感极性,视觉,-0.6128393970429897,0.1734878030707697,是,否
v0571,零参考,情感强度,文本,0.7964400028189023,0.7726936052985982,是,否
v0571,零参考,情感强度,语音,-0.01552883783976237,0.01506583503344152,是,否
v0571,零参考,情感强度,视觉,-0.21876313040653864,0.21224055966796035,是,否
v0572,训练均值参考,情感极性,文本,0.8745408331354458,0.44754726369454806,是,是
v0572,训练均值参考,情感极性,语音,0.10967921962340672,0.056128465094787285,是,是
v0572,训练均值参考,情感极性,视觉,0.9698547547062237,0.4963242712106646,是,是
v0572,训练均值参考,情感强度,文本,-0.15594929580887157,0.4124715856067311,是,是
v0572,训练均值参考,情感强度,语音,-0.007511158784230549,0.019866326150472142,是,是
v0572,训练均值参考,情感强度,视觉,-0.21462448810537654,0.5676620882427967,是,是
v0572,零参考,情感极性,文本,-0.27949605633815133,0.26617634186725675,是,是
v0572,零参考,情感极性,语音,0.15482364098230997,0.14744533762359038,是,是
v0572,零参考,情感极性,视觉,0.6157212431232134,0.586378320509153,是,是
v0572,零参考,情感强度,文本,0.07208795162538686,0.35340639153568454,是,是
v0572,零参考,情感强度,语音,-0.018381134917338685,0.09011229223469251,是,是
v0572,零参考,情感强度,视觉,-0.1135112413515647,0.5564813162296228,是,是
v0573,训练均值参考,情感极性,文本,1.0864759497344494,0.5714709663676405,是,否
v0573,训练均值参考,情感极性,语音,-0.44519971683621407,0.234168747563326,是,否
v0573,训练均值参考,情感极性,视觉,-0.36951619386672974,0.1943602860690335,是,否
v0573,训练均值参考,情感强度,文本,0.2949054539203644,0.6050320073630662,是,否
v0573,训练均值参考,情感强度,语音,-0.11914138495922089,0.2444320725291121,是,否
v0573,训练均值参考,情感强度,视觉,-0.07337440550327301,0.15053592010782174,是,否
v0573,零参考,情感极性,文本,2.4297810650120177,0.778141444099027,是,否
v0573,零参考,情感极性,语音,-0.6098314461608727,0.19529953912546127,是,否
v0573,零参考,情感极性,视觉,-0.08293170419832072,0.0265590167755116,是,否
v0573,零参考,情感强度,文本,0.5557650501529374,0.8081252041839905,是,否
v0573,零参考,情感强度,语音,-0.1098679502805074,0.1597564649473349,是,否
v0573,零参考,情感强度,视觉,-0.02208846559127172,0.03211833086867447,是,否
v0574,训练均值参考,情感极性,文本,2.2667655510207014,0.8402190633558465,是,是
v0574,训练均值参考,情感极性,语音,-0.22625176484386125,0.08386444987842513,是,是
v0574,训练均值参考,情感极性,视觉,0.2048095365365346,0.0759164867657284,是,是
v0574,训练均值参考,情感强度,文本,0.8559384246667225,0.6923943636437728,是,是
v0574,训练均值参考,情感强度,语音,-0.011688838402430218,0.009455453329527594,是,是
v0574,训练均值参考,情感强度,视觉,0.3685734768708547,0.2981501830266996,是,是
v0574,零参考,情感极性,文本,3.66643519513309,0.8144127481326301,是,是
v0574,零参考,情感极性,语音,-0.3954507671296596,0.08784013049971068,是,是
v0574,零参考,情感极性,视觉,0.44005141966044903,0.09774712136765924,是,是
v0574,零参考,情感强度,文本,1.1535742289076247,0.7378760909369534,是,是
v0574,零参考,情感强度,语音,-0.014275820304950077,0.009131433606582822,是,是
v0574,零参考,情感强度,视觉,0.3955211496601502,0.25299247545646375,是,是
v0575,训练均值参考,情感极性,文本,2.3003976320226984,0.6385137918200008,是,是
v0575,训练均值参考,情感极性,语音,-0.4205345238248507,0.1167263822831019,是,是
v0575,训练均值参考,情感极性,视觉,-0.8818054224054017,0.24475982589689732,是,是
v0575,训练均值参考,情感强度,文本,0.791191187997659,0.7432752745868951,是,是
v0575,训练均值参考,情感强度,语音,-0.09084053585926691,0.08533907512960962,是,是
v0575,训练均值参考,情感强度,视觉,-0.1824341813723246,0.1713856502834953,是,是
v0575,零参考,情感极性,文本,3.5533006060868497,0.7653708892736694,是,是
v0575,零参考,情感极性,语音,-0.4971785228699446,0.107090846050259,是,是
v0575,零参考,情感极性,视觉,-0.5921074338257313,0.1275382646760716,是,是
v0575,零参考,情感强度,文本,1.017770462979873,0.8514595744735755,是,是
v0575,零参考,情感强度,语音,-0.07713377537826696,0.06452957120491551,是,是
v0575,零参考,情感强度,视觉,-0.10042022975782552,0.08401085432150893,是,是
v0576,训练均值参考,情感极性,文本,1.1335614000757535,0.6256126743654953,是,否
v0576,训练均值参考,情感极性,语音,0.34165653338034946,0.18856028226458704,是,否
v0576,训练均值参考,情感极性,视觉,0.336704117556413,0.1858270433699177,是,否
v0576,训练均值参考,情感强度,文本,-0.2126004969080289,0.6107415203248464,是,否
v0576,训练均值参考,情感强度,语音,-0.07046404232581456,0.20242340429203895,是,否
v0576,训练均值参考,情感强度,视觉,-0.06503770997126897,0.18683507538311472,是,否
v0576,零参考,情感极性,文本,-0.18724334488312402,0.2598089746703259,是,否
v0576,零参考,情感极性,语音,0.3968663488825162,0.5506707821775056,是,否
v0576,零参考,情感极性,视觉,0.1365865220626195,0.18952024315216853,是,否
v0576,零参考,情感强度,文本,0.0389632290850083,0.37453042902067984,是,否
v0576,零参考,情感强度,语音,-0.05422443275650342,0.5212273351212134,是,否
v0576,零参考,情感强度,视觉,-0.010844550405939419,0.1042422358581067,是,否
v0577,训练均值参考,情感极性,文本,-3.0963468452294665,0.8280536833948403,是,否
v0577,训练均值参考,情感极性,语音,0.49748348693052924,0.1330416307900432,是,否
v0577,训练均值参考,情感极性,视觉,0.1454765597979228,0.03890468581511655,是,否
v0577,训练均值参考,情感强度,文本,-0.6003408233324686,0.7034405941688924,是,否
v0577,训练均值参考,情感强度,语音,0.17605297764142352,0.20628750600340495,是,否
v0577,训练均值参考,情感强度,视觉,0.07704119880994162,0.09027189982770258,是,否
v0577,零参考,情感极性,文本,-1.6153948840995627,0.6217206333829455,是,否
v0577,零参考,情感极性,语音,0.6041806588570277,0.2325323582485513,是,否
v0577,零参考,情感极性,视觉,0.3786893325547377,0.1457470083685033,是,否
v0577,零参考,情感强度,文本,-0.321823388338089,0.5197612725616145,是,否
v0577,零参考,情感强度,语音,0.16912416368722916,0.27314419561901443,是,否
v0577,零参考,情感强度,视觉,0.1282278373837471,0.207094531819371,是,否
v0578,训练均值参考,情感极性,文本,2.299503835539023,0.7355887011562587,是,是
v0578,训练均值参考,情感极性,语音,-0.12521821012099582,0.04005607606321895,是,是
v0578,训练均值参考,情感极性,视觉,-0.7013507609566052,0.22435522278052228,是,是
v0578,训练均值参考,情感强度,文本,0.7653400922815005,0.7245886457189965,是,是
v0578,训练均值参考,情感强度,语音,-0.01154126723607381,0.010926738688859733,是,是
v0578,训练均值参考,情感强度,视觉,-0.2793594424923261,0.2644846155921437,是,是
v0578,零参考,情感极性,文本,3.4942254647612567,0.8631276596732237,是,是
v0578,零参考,情感极性,语音,-0.14325222373008728,0.03538551185608262,是,是
v0578,零参考,情感极性,视觉,-0.4108521565794944,0.10148682847069376,是,是
v0578,零参考,情感强度,文本,0.9972160464773575,0.8336326817244311,是,是
v0578,零参考,情感强度,语音,-0.007198808093865712,0.006017915292987691,是,是
v0578,零参考,情感强度,视觉,-0.19181469393273193,0.16034940298258124,是,是
v0579,训练均值参考,情感极性,文本,2.3226661818722882,0.8429949735636139,是,是
v0579,训练均值参考,情感极性,语音,-0.003628825147946678,0.001317055969357757,是,是
v0579,训练均值参考,情感极性,视觉,-0.42896007125576335,0.15568797046702829,是,是
v0579,训练均值参考,情感强度,文本,0.8822350054979324,0.8696433007350822,是,是
v0579,训练均值参考,情感强度,语音,0.033894270658493035,0.033410514463574195,是,是
v0579,训练均值参考,情感强度,视觉,-0.09834988415241241,0.09694618480134354,是,是
v0579,零参考,情感极性,文本,3.6612517635027566,0.9232106272085505,是,是
v0579,零参考,情感极性,语音,-0.04694068183501561,0.011836426205512198,是,是
v0579,零参考,情感极性,视觉,-0.2575892036159833,0.06495294658593721,是,是
v0579,零参考,情感强度,文本,1.154578559100628,0.9666885237646878,是,是
v0579,零参考,情感强度,语音,0.0130586177110672,0.010933527024226283,是,是
v0579,零参考,情感强度,视觉,-0.026727430522441864,0.022377949211085893,是,是
v0580,训练均值参考,情感极性,文本,0.15789819757143655,0.13706424360853106,是,是
v0580,训练均值参考,情感极性,语音,-0.22436629359920818,0.19476217459361395,是,是
v0580,训练均值参考,情感极性,视觉,-0.7697368872662385,0.6681735817978549,是,是
v0580,训练均值参考,情感强度,文本,0.04700409869352976,0.16879750775793306,是,是
v0580,训练均值参考,情感强度,语音,-0.0301490177710851,0.10826883617724434,是,是
v0580,训练均值参考,情感强度,视觉,-0.20131129523118335,0.7229336560648226,是,是
v0580,零参考,情感极性,文本,1.4555422017971673,0.6376576787489167,是,是
v0580,零参考,情感极性,语音,-0.23642531906565029,0.10357543736398174,是,是
v0580,零参考,情感极性,视觉,-0.5906713468333085,0.25876688388710156,是,是
v0580,零参考,情感强度,文本,0.2878405985732873,0.6549006483785715,是,是
v0580,零参考,情感强度,语音,-0.026160954187313713,0.05952192270442231,是,是
v0580,零参考,情感强度,视觉,-0.12551640967528024,0.2855774289170061,是,是
v0581,训练均值参考,情感极性,文本,-1.1573221956690152,0.7538942236304522,是,否
v0581,训练均值参考,情感极性,语音,-0.2256855716307958,0.14701441780509422,是,否
v0581,训练均值参考,情感极性,视觉,0.1521176646153132,0.09909135856445356,是,否
v0581,训练均值参考,情感强度,文本,-0.38594947506984073,0.7708936277927112,是,否
v0581,训练均值参考,情感强度,语音,-0.001856384178002675,0.003707932840946364,是,否
v0581,训练均值参考,情感强度,视觉,0.11284619073073068,0.22539843936634246,是,否
v0581,零参考,情感极性,文本,0.05985851710041364,0.09076253252105773,是,否
v0581,零参考,情感极性,语音,-0.21347824732462564,0.32369372486853415,是,否
v0581,零参考,情感极性,视觉,0.3861701426406701,0.5855437426104082,是,否
v0581,零参考,情感强度,文本,-0.11637651361525056,0.4205825808980335,是,否
v0581,零参考,情感强度,语音,0.01126626692712307,0.0407160815709007,是,否
v0581,零参考,情感强度,视觉,0.14906034246087074,0.5387013375310656,是,否
v0582,训练均值参考,情感极性,文本,4.851044699549675,0.867086220590164,是,是
v0582,训练均值参考,情感极性,语音,0.3050811290740967,0.05453086078691361,是,是
v0582,训练均值参考,情感极性,视觉,-0.438525065779686,0.07838291862292235,是,是
v0582,训练均值参考,情感强度,文本,-1.3782805850108464,0.7378486295770498,是,是
v0582,训练均值参考,情感强度,语音,-0.16997014482816059,0.09099180514792206,是,是
v0582,训练均值参考,情感强度,视觉,0.31972127656141913,0.1711595652750282,是,是
v0582,零参考,情感极性,文本,3.431012036899725,0.7576043908675881,是,是
v0582,零参考,情感极性,语音,0.28218975166479743,0.06231053479843359,是,是
v0582,零参考,情感极性,视觉,-0.8155629311998684,0.18008507433397822,是,是
v0582,零参考,情感强度,文本,-1.1306851760794718,0.6840031667325047,是,是
v0582,零参考,情感强度,语音,-0.14902251337965328,0.0901505328119341,是,是
v0582,零参考,情感强度,视觉,0.3733331604550282,0.22584630045556126,是,是
v0583,训练均值参考,情感极性,文本,-2.079287152737379,0.5817722323078626,是,否
v0583,训练均值参考,情感极性,语音,0.5004126019775867,0.14001248271275052,是,否
v0583,训练均值参考,情感极性,视觉,0.9943573027849196,0.2782152849793869,是,否
v0583,训练均值参考,情感强度,文本,-0.4375835129370292,0.9456124777396305,是,否
v0583,训练均值参考,情感强度,语音,-0.0015296389659245754,0.003305530601248169,是,否
v0583,训练均值参考,情感强度,视觉,0.023638263965646424,0.051081991659121334,是,否
v0583,零参考,情感极性,文本,-1.9092814115186532,0.531992461088077,是,否
v0583,零参考,情感极性,语音,0.605482509980599,0.1687085668393719,是,否
v0583,零参考,情感极性,视觉,1.0741617704431214,0.299298972072551,是,否
v0583,零参考,情感强度,文本,-0.20315742865204808,0.646621832909994,是,否
v0583,零参考,情感强度,语音,0.01863487809896469,0.05931222457557609,是,否
v0583,零参考,情感强度,视觉,0.09239044785499573,0.29406594251442986,是,否
v0584,训练均值参考,情感极性,文本,0.4858105269571145,0.23460487646895764,是,否
v0584,训练均值参考,情感极性,语音,0.8199207646151383,0.3959515058302728,是,否
v0584,训练均值参考,情感极性,视觉,0.7650292751689751,0.36944361770076956,是,否
v0584,训练均值参考,情感强度,文本,-0.18633460936446983,0.5070506579962534,是,否
v0584,训练均值参考,情感强度,语音,-0.12683644828697044,0.34514524586262496,是,否
v0584,训练均值参考,情感强度,视觉,-0.05431610842545827,0.1478040961411217,是,否
v0584,零参考,情感极性,文本,-0.7961357614646355,0.3623422278972279,是,否
v0584,零参考,情感极性,语音,0.8815510639299949,0.4012169682240242,是,否
v0584,零参考,情感极性,视觉,0.5195060496528943,0.23644080387874802,是,否
v0584,零参考,情感强度,文本,0.03992818854749203,0.29460520345411934,是,否
v0584,零参考,情感强度,语音,-0.09043170697987078,0.6672391711890359,是,否
v0584,零参考,情感强度,视觉,0.005171276628971099,0.0381556253568447,是,否
v0585,训练均值参考,情感极性,文本,0.1420492107669512,0.1094638463012234,是,否
v0585,训练均值参考,情感极性,语音,-0.34580497195323306,0.2664790750734279,是,否
v0585,训练均值参考,情感极性,视觉,-0.8098273401459058,0.6240570786253488,是,否
v0585,训练均值参考,情感强度,文本,0.02905705074469249,0.13035312408376123,是,否
v0585,训练均值参考,情感强度,语音,-0.06389859815438588,0.2866561361365448,是,否
v0585,训练均值参考,情感强度,视觉,-0.12995462616284686,0.582990739779694,是,否
v0585,零参考,情感极性,文本,1.3607418065269785,0.5997840531406897,是,否
v0585,零参考,情感极性,语音,-0.3319661344091097,0.14632312511182866,是,否
v0585,零参考,情感极性,视觉,-0.5760116080443064,0.25389282174748173,是,否
v0585,零参考,情感强度,文本,0.27384363363186515,0.7026889524694674,是,否
v0585,零参考,情感强度,语音,-0.04557326932748158,0.11694203900094088,是,否
v0585,零参考,情感强度,视觉,-0.07029127826293309,0.1803690085295918,是,否
v0586,训练均值参考,情感极性,文本,2.5829366172353425,0.7909924065721249,是,否
v0586,训练均值参考,情感极性,语音,-0.08820037295420964,0.027010273809306012,是,否
v0586,训练均值参考,情感极性,视觉,-0.5943009530504544,0.1819973196185691,是,否
v0586,训练均值参考,情感强度,文本,1.0112127636869748,0.8458298978836988,是,否
v0586,训练均值参考,情感强度,语音,0.015776005884011585,0.01319585543722111,是,否
v0586,训练均值参考,情感强度,视觉,-0.168538565436999,0.14097424667908012,是,否
v0586,零参考,情感极性,文本,3.8509679740915694,0.8882318450613232,是,否
v0586,零参考,情感极性,语音,-0.16223934789498645,0.03742076181672321,是,否
v0586,零参考,情感极性,视觉,-0.32233637136717636,0.07434739312195356,是,否
v0586,零参考,情感强度,文本,1.267609014486273,0.9358723619320748,是,否
v0586,零参考,情感强度,语音,-0.006346544871727626,0.004685637188860453,是,否
v0586,零参考,情感强度,视觉,-0.08051227840284506,0.05944200087906469,是,否
v0587,训练均值参考,情感极性,文本,1.3964552854498227,0.45050828377091634,是,否
v0587,训练均值参考,情感极性,语音,-0.7109807009498277,0.229368386311041,是,否
v0587,训练均值参考,情感极性,视觉,-0.9922967726985612,0.32012332991804254,是,否
v0587,训练均值参考,情感强度,文本,0.40777260810136795,0.4434596764576245,是,否
v0587,训练均值参考,情感强度,语音,-0.16033437848091125,0.17436637526300947,是,否
v0587,训练均值参考,情感强度,视觉,-0.35141880065202713,0.382173948279366,是,否
v0587,零参考,情感极性,文本,2.722168331965804,0.6353505128148694,是,否
v0587,零参考,情感极性,语音,-0.8307953346520662,0.193906539767219,是,否
v0587,零参考,情感极性,视觉,-0.7315505929291248,0.17074294741791154,是,否
v0587,零参考,情感强度,文本,0.6119817333916823,0.6090499596322393,是,否
v0587,零参考,情感强度,语音,-0.13742128138740856,0.1367629478379286,是,否
v0587,零参考,情感强度,视觉,-0.255410668750604,0.2541870925298321,是,否
v0588,训练均值参考,情感极性,文本,-0.5724015620847542,0.22641654953920587,是,是
v0588,训练均值参考,情感极性,语音,1.0603151569763818,0.4194134243665232,是,是
v0588,训练均值参考,情感极性,视觉,0.8953739317754904,0.35417002609427095,是,是
v0588,训练均值参考,情感强度,文本,0.11414769540230432,0.19862723497019896,是,是
v0588,训练均值参考,情感强度,语音,-0.21290313204129535,0.3704705582080809,是,是
v0588,训练均值参考,情感强度,视觉,-0.24763217320044834,0.4309022068217202,是,是
v0588,零参考,情感极性,文本,-1.8769204486161468,0.5114305197005238,是,是
v0588,零参考,情感极性,语音,1.1456095818430185,0.31216011538893856,是,是
v0588,零参考,情感极性,视觉,0.6474121734499931,0.17640936491053755,是,是
v0588,零参考,情感强度,文本,0.31422409849862254,0.4826252507169158,是,是
v0588,零参考,情感强度,语音,-0.17659792987008888,0.27124151389685214,是,是
v0588,零参考,情感强度,视觉,-0.16025061657031375,0.24613323538623202,是,是
v0589,训练均值参考,情感极性,文本,2.097833022475242,0.9456685274054395,是,是
v0589,训练均值参考,情感极性,语音,-0.05424460768699646,0.024452574500196247,是,是
v0589,训练均值参考,情感极性,视觉,-0.06628214567899704,0.029878898094364267,是,是
v0589,训练均值参考,情感强度,文本,0.9393563270568848,0.8347786033247473,是,是
v0589,训练均值参考,情感强度,语音,0.05071765184402465,0.04507129973022668,是,是
v0589,训练均值参考,情感强度,视觉,0.13520202040672302,0.12015009694502597,是,是
v0589,零参考,情感极性,文本,3.2552740176518755,0.9071836847856775,是,是
v0589,零参考,情感极性,语音,-0.07265537480513254,0.020247687376790693,是,是
v0589,零参考,情感极性,视觉,0.26040015121301013,0.07256862783753187,是,是
v0589,零参考,情感强度,文本,1.2026582161585488,0.8309825694765215,是,是
v0589,零参考,情感强度,语音,0.035600910584131874,0.024598623079631222,是,是
v0589,零参考,情感强度,视觉,0.20901336769262946,0.14441880744384716,是,是
v0590,训练均值参考,情感极性,文本,-0.18630428860584894,0.08122005283856228,是,否
v0590,训练均值参考,情感极性,语音,0.97446954001983,0.4248236480343443,是,否
v0590,训练均值参考,情感极性,视觉,1.1330474888285,0.4939562991270935,是,否
v0590,训练均值参考,情感强度,文本,0.06148431574304899,0.12310552044038947,是,否
v0590,训练均值参考,情感强度,语音,-0.1991213715324799,0.3986860677730054,是,否
v0590,训练均值参考,情感强度,视觉,-0.23883833053211367,0.4782084117866051,是,否
v0590,零参考,情感极性,文本,-1.31499844789505,0.42607108959689205,是,否
v0590,零参考,情感极性,语音,0.9905095025897025,0.32093381075849914,是,否
v0590,零参考,情感极性,视觉,0.7808278277516365,0.2529950996446088,是,否
v0590,零参考,情感强度,文本,0.23518452545007068,0.44718129010797675,是,否
v0590,零参考,情感强度,语音,-0.14316602672139803,0.2722167557852332,是,否
v0590,零参考,情感强度,视觉,-0.14757602537671724,0.28060195410679006,是,否
v0591,训练均值参考,情感极性,文本,0.6462929149468739,0.30248464065625236,是,否
v0591,训练均值参考,情感极性,语音,-0.3804513576130072,0.17806274760758226,是,否
v0591,训练均值参考,情感极性,视觉,-1.1098697173098722,0.5194526117361654,是,否
v0591,训练均值参考,情感强度,文本,0.14004919429620105,0.27205691595515563,是,否
v0591,训练均值参考,情感强度,语音,-0.08252365390459696,0.16030888922610737,是,否
v0591,训练均值参考,情感强度,视觉,-0.2922061781088511,0.567634194818737,是,否
v0591,零参考,情感极性,文本,1.8493418501069145,0.6012683195882967,是,否
v0591,零参考,情感极性,语音,-0.3727507616082827,0.12119080311977629,是,否
v0591,零参考,情感极性,视觉,-0.8536421141276757,0.27754087729192706,是,否
v0591,零参考,情感强度,文本,0.35781555809080595,0.5708696719951645,是,否
v0591,零参考,情感强度,语音,-0.060050856322050095,0.0958069370558159,是,否
v0591,零参考,情感强度,视觉,-0.20892385952174664,0.3333233909490195,是,否
v0592,训练均值参考,情感极性,文本,0.527679016192754,0.28633519526862167,是,否
v0592,训练均值参考,情感极性,语音,0.3179672633608182,0.17253901642772837,是,否
v0592,训练均值参考,情感极性,视觉,0.9972253789504367,0.54112578830365,是,否
v0592,训练均值参考,情感强度,文本,-0.09303124745686848,0.260098241965417,是,否
v0592,训练均值参考,情感强度,语音,-0.061719847222169236,0.17255733095810633,是,否
v0592,训练均值参考,情感强度,视觉,-0.20292624582846958,0.5673444270764766,是,否
v0592,零参考,情感极性,文本,-0.6277043459316094,0.3846758037191332,是,否
v0592,零参考,情感极性,语音,0.31746643098692096,0.1945528261597286,是,否
v0592,零参考,情感极性,视觉,0.6866041875133911,0.4207713701211382,是,否
v0592,零参考,情感强度,文本,0.1101175056149562,0.43192217167118996,是,否
v0592,零参考,情感强度,语音,-0.0364076333741347,0.14280439776170284,是,否
v0592,零参考,情感强度,视觉,-0.1084224252651135,0.42527343056710726,是,否
v0593,训练均值参考,情感极性,文本,-0.6385475322604179,0.42773375333800173,是,否
v0593,训练均值参考,情感极性,语音,-0.53607733361423,0.35909365928412723,是,否
v0593,训练均值参考,情感极性,视觉,0.31823728792369366,0.21317258737787098,是,否
v0593,训练均值参考,情感强度,文本,-0.38488578113416827,0.712353729783507,是,否
v0593,训练均值参考,情感强度,语音,-0.03546486857036749,0.06563903537287723,是,否
v0593,训练均值参考,情感强度,视觉,0.11995083962877591,0.2220072348436158,是,否
v0593,零参考,情感极性,文本,0.6709446733196576,0.38278432276861335,是,否
v0593,零参考,情感极性,语音,-0.571210545177261,0.3258844587172046,是,否
v0593,零参考,情感极性,视觉,0.5106455975522597,0.291331218514182,是,否
v0593,零参考,情感强度,文本,-0.10816613398492338,0.41526672521322244,是,否
v0593,零参考,情感强度,语音,-0.010632606223225592,0.04082024016330335,是,否
v0593,零参考,情感强度,视觉,0.14167513698339462,0.5439130346234743,是,否
v0594,训练均值参考,情感极性,文本,0.38580792397260666,0.4442764605239908,是,是
v0594,训练均值参考,情感极性,语音,-0.21406955271959305,0.2465114303742694,是,是
v0594,训练均值参考,情感极性,视觉,0.2685185745358467,0.3092121091017398,是,是
v0594,训练均值参考,情感强度,文本,-0.049507603049278266,0.16287579001449137,是,是
v0594,训练均值参考,情感强度,语音,-0.01666764914989471,0.05483514360958429,是,是
v0594,训练均值参考,情感强度,视觉,0.2377839982509613,0.7822890663759243,是,是
v0594,零参考,情感极性,文本,1.6999025841554005,0.7428460286747728,是,是
v0594,零参考,情感极性,语音,-0.1904796610275904,0.08323833439430028,是,是
v0594,零参考,情感极性,视觉,0.3979823937018712,0.17391563693092682,是,是
v0594,零参考,情感强度,文本,0.24424422035614646,0.47499888574458815,是,是
v0594,零参考,情感强度,语音,-0.009435651202996574,0.01835017345001084,是,是
v0594,零参考,情感强度,视觉,0.26051969329516095,0.5066509408054011,是,是
v0595,训练均值参考,情感极性,文本,1.3560379842917123,0.5277159312452244,是,是
v0595,训练均值参考,情感极性,语音,-0.07250729699929556,0.02821694982094697,是,是
v0595,训练均值参考,情感极性,视觉,-1.1410909642775853,0.4440671189338286,是,是
v0595,训练均值参考,情感强度,文本,0.930246464908123,0.7288562678616551,是,是
v0595,训练均值参考,情感强度,语音,-0.02711242437362671,0.021242822399324745,是,是
v0595,训练均值参考,情感强度,视觉,-0.3189510032534599,0.2499009097390201,是,是
v0595,零参考,情感极性,文本,2.8356988734255233,0.7647893244691144,是,是
v0595,零参考,情感极性,语音,-0.09702212115128835,0.026166911864029845,是,是
v0595,零参考,情感极性,视觉,-0.7750960246970255,0.20904376366685576,是,是
v0595,零参考,情感强度,文本,1.1350027217219272,0.832810930624997,是,是
v0595,零参考,情感强度,语音,-0.006997005393107729,0.005134069250672525,是,是
v0595,零参考,情感强度,视觉,-0.22085789156456787,0.16205500012433058,是,是
v0596,训练均值参考,情感极性,文本,2.597651610771815,0.6593819310928711,是,是
v0596,训练均值参考,情感极性,语音,-0.3521173944075902,0.08938067234769857,是,是
v0596,训练均值参考,情感极性,视觉,-0.9897560079892476,0.2512373965594303,是,是
v0596,训练均值参考,情感强度,文本,0.9915004745125771,0.7750791812720537,是,是
v0596,训练均值参考,情感强度,语音,0.014035336673259735,0.010971751942867872,是,是
v0596,训练均值参考,情感强度,视觉,-0.273688942193985,0.21394906678507844,是,是
v0596,零参考,情感极性,文本,3.812163209542632,0.7778161404570019,是,是
v0596,零参考,情感极性,语音,-0.469810601323843,0.095857981041514,是,是
v0596,零参考,情感极性,视觉,-0.6191371474415064,0.1263258785014841,是,是
v0596,零参考,情感强度,文本,1.200169663876295,0.8810876517600222,是,是
v0596,零参考,情感强度,语音,0.008851952850818638,0.006498536486606387,是,是
v0596,零参考,情感强度,视觉,-0.15312397852540016,0.11241381175337142,是,是
v0597,训练均值参考,情感极性,文本,0.6731572970747947,0.3388176102196885,是,是
v0597,训练均值参考,情感极性,语音,0.3275798484683037,0.16487947452469826,是,是
v0597,训练均值参考,情感极性,视觉,0.986046530306339,0.4963029152556132,是,是
v0597,训练均值参考,情感强度,文本,-0.11110553766290346,0.3000513062465473,是,是
v0597,训练均值参考,情感强度,语音,-0.06043950344125429,0.1632227550301126,是,是
v0597,训练均值参考,情感强度,视觉,-0.1987434240678946,0.53672593872334,是,是
v0597,零参考,情感极性,文本,-0.4426552951335907,0.3145600309065424,是,是
v0597,零参考,情感极性,语音,0.36513518542051315,0.2594726336127518,是,是
v0597,零参考,情感极性,视觉,0.5994299277663231,0.4259673354807058,是,是
v0597,零参考,情感强度,文本,0.10224438086152077,0.4027599295647485,是,是
v0597,零参考,情感强度,语音,-0.052765097469091415,0.2078516859416606,是,是
v0597,零参考,情感强度,视觉,-0.09884988889098167,0.3893883844935909,是,是
v0598,训练均值参考,情感极性,文本,0.4122266645232836,0.22948625401644443,是,否
v0598,训练均值参考,情感极性,语音,0.38271069775025046,0.21305473895118202,是,否
v0598,训练均值参考,情感极性,视觉,1.0013648445407548,0.5574590070323736,是,否
v0598,训练均值参考,情感强度,文本,-0.07320314894119899,0.21418063072525095,是,否
v0598,训练均值参考,情感强度,语音,-0.07464815179506937,0.218408476482137,是,否
v0598,训练均值参考,情感强度,视觉,-0.19393100092808405,0.567410892792612,是,否
v0598,零参考,情感极性,文本,-0.7267358805984259,0.4073175813737602,是,否
v0598,零参考,情感极性,语音,0.4066971857100725,0.22794376672104627,是,否
v0598,零参考,情感极性,视觉,0.6507665701210499,0.36473865190519356,是,否
v0598,零参考,情感强度,文本,0.13961484283208847,0.46664372145015165,是,否
v0598,零参考,情感强度,语音,-0.06049935147166252,0.20221089637303713,是,否
v0598,零参考,情感强度,视觉,-0.09907517954707146,0.3311453821768112,是,否
v0599,训练均值参考,情感极性,文本,2.5237510328491526,0.8327171664659772,是,是
v0599,训练均值参考,情感极性,语音,-0.2911318416396777,0.09605958713151097,是,是
v0599,训练均值参考,情感极性,视觉,-0.21585929642120996,0.07122324640251201,是,是
v0599,训练均值参考,情感强度,文本,0.9614913761615752,0.9184178750906253,是,是
v0599,训练均值参考,情感强度,语音,-0.07103031873703003,0.06784825742473466,是,是
v0599,训练均值参考,情感强度,视觉,-0.014377981424331672,0.01373386748463995,是,是
v0599,零参考,情感极性,文本,3.940385167176524,0.8956723792771264,是,是
v0599,零参考,情感极性,语音,-0.3931907111157973,0.08937452680218524,是,是
v0599,零参考,情感极性,视觉,-0.06578404208024342,0.014953093920688451,是,是
v0599,零参考,情感强度,文本,1.2101321946829557,0.9316439216564576,是,是
v0599,零参考,情感强度,语音,-0.05110942013561725,0.039347586005848645,是,是
v0599,零参考,情感强度,视觉,0.037679750472307205,0.029008492337693752,是,是
v0600,训练均值参考,情感极性,文本,1.9082120520373185,0.7522624164082986,是,是
v0600,训练均值参考,情感极性,语音,-0.1502834434310595,0.05924529518661573,是,是
v0600,训练均值参考,情感极性,视觉,-0.47813535357515013,0.18849228840508572,是,是
v0600,训练均值参考,情感强度,文本,-0.43438717164099216,0.7701182020815351,是,是
v0600,训练均值参考,情感强度,语音,-0.10748211666941643,0.19055335849968175,是,是
v0600,训练均值参考,情感强度,视觉,-0.022183308377861977,0.039328439418783154,是,是
v0600,零参考,情感极性,文本,1.596459767470757,0.7044926808528322,是,是
v0600,零参考,情感极性,语音,-0.17944301416476566,0.07918539050284217,是,是
v0600,零参考,情感极性,视觉,-0.4902098563810189,0.21632192864432567,是,是
v0600,零参考,情感强度,文本,-0.22223017799357572,0.5519595834667624,是,是
v0600,零参考,情感强度,语音,-0.10096640760699907,0.25077321536639186,是,是
v0600,零参考,情感强度,视觉,0.07942379576464494,0.1972672011668457,是,是
v0601,训练均值参考,情感极性,文本,0.854025578747193,0.4190569992146285,是,是
v0601,训练均值参考,情感极性,语音,-0.07932791610558827,0.038924968179434506,是,是
v0601,训练均值参考,情感极性,视觉,-1.1046164718767006,0.5420180326059371,是,是
v0601,训练均值参考,情感强度,文本,0.2648957048853238,0.43376597620776247,是,是
v0601,训练均值参考,情感强度,语音,0.019567628701527912,0.03204193729552442,是,是
v0601,训练均值参考,情感强度,视觉,-0.3262247319022814,0.5341920864967131,是,是
v0601,零参考,情感极性,文本,2.084195024644335,0.6873670879820043,是,是
v0601,零参考,情感极性,语音,-0.11522521885732809,0.038001253343154136,是,是
v0601,零参考,情感极性,视觉,-0.832722349713246,0.2746316586748416,是,是
v0601,零参考,情感强度,文本,0.5162717439234257,0.6856945967055551,是,是
v0601,零参考,情感强度,语音,0.0005846414715051655,0.0007765009469132148,是,是
v0601,零参考,情感强度,视觉,-0.23606152646243572,0.31352890234753167,是,是
v0602,训练均值参考,情感极性,文本,1.7433678557475407,0.443121656747881,是,是
v0602,训练均值参考,情感极性,语音,-1.046572501460711,0.2660132451250162,是,是
v0602,训练均值参考,情感极性,视觉,-1.144346828262011,0.29086509812710276,是,是
v0602,训练均值参考,情感强度,文本,0.4561559508244196,0.42705887425507816,是,是
v0602,训练均值参考,情感强度,语音,-0.27624892195065814,0.2586276763664034,是,是
v0602,训练均值参考,情感强度,视觉,-0.3357287695010503,0.31431344937851846,是,是
v0602,零参考,情感极性,文本,2.9608533935000496,0.6040313157746282,是,是
v0602,零参考,情感极性,语音,-1.1061196147153773,0.22565483578058926,是,是
v0602,零参考,情感极性,视觉,-0.8348480003575485,0.17031384844478245,是,是
v0602,零参考,情感强度,文本,0.6550766776005427,0.5736603226068122,是,是
v0602,零参考,情感强度,语音,-0.23973874871929485,0.20994276339590182,是,是
v0602,零参考,情感强度,视觉,-0.24710890029867488,0.21639691399728594,是,是
v0603,训练均值参考,情感极性,文本,0.46692012250423426,0.2220507659293203,是,否
v0603,训练均值参考,情感极性,语音,-0.6429365538060665,0.3057579815813144,是,否
v0603,训练均值参考,情感极性,视觉,-0.9929062686860561,0.4721912524893653,是,否
v0603,训练均值参考,情感强度,文本,0.08253587782382965,0.18207829760381933,是,否
v0603,训练均值参考,情感强度,语音,-0.12903499603271484,0.28465769103589766,是,否
v0603,训练均值参考,情感强度,视觉,-0.24172794818878174,0.533264011360283,是,否
v0603,零参考,情感极性,文本,1.7235224824398754,0.5472300880099029,是,否
v0603,零参考,情感极性,语音,-0.7008590325713158,0.22252750050210957,是,否
v0603,零参考,情感极性,视觉,-0.7251574452966452,0.2302424114879875,是,否
v0603,零参考,情感强度,文本,0.3038162626326084,0.530233143912814,是,否
v0603,零参考,情感强度,语音,-0.1124611608684063,0.1962720309262987,是,否
v0603,零参考,情感强度,视觉,-0.1567087545990944,0.27349482516088736,是,否
v0604,训练均值参考,情感极性,文本,0.9802486511568228,0.48756203600087566,是,是
v0604,训练均值参考,情感极性,语音,0.38945361847678817,0.1937088094213283,是,是
v0604,训练均值参考,情感极性,视觉,0.6408083500961462,0.318729154577796,是,是
v0604,训练均值参考,情感强度,文本,-0.20925754805405933,0.5745542606376989,是,是
v0604,训练均值参考,情感强度,语音,-0.05194473763306935,0.1426236262554184,是,是
v0604,训练均值参考,情感强度,视觉,-0.10300621887048085,0.2828221131068827,是,是
v0604,零参考,情感极性,文本,-0.3625897740324338,0.2857184809710399,是,是
v0604,零参考,情感极性,语音,0.46799070077637833,0.36877375400674856,是,是
v0604,零参考,情感极性,视觉,0.43846510040263337,0.3455077650222115,是,是
v0604,零参考,情感强度,文本,0.03372926513353983,0.3107637433344988,是,是
v0604,零参考,情感强度,语音,-0.044266510133941964,0.40784838742007345,是,是
v0604,零参考,情感强度,视觉,-0.030540905271967247,0.2813878692454277,是,是
v0605,训练均值参考,情感极性,文本,3.785579487681389,0.8385979282038513,是,是
v0605,训练均值参考,情感极性,语音,-0.43787394464015955,0.09699972857117056,是,是
v0605,训练均值参考,情感极性,视觉,-0.2907235771417617,0.06440234322497819,是,是
v0605,训练均值参考,情感强度,文本,-0.9541811570525169,0.9539029981528095,是,是
v0605,训练均值参考,情感强度,语音,0.01590804010629654,0.015903402660985697,是,是
v0605,训练均值参考,情感强度,视觉,-0.030202403664588928,0.030193599186204748,是,是
v0605,零参考,情感极性,文本,3.4914818555116653,0.815513757831055,是,是
v0605,零参考,情感极性,语音,-0.5041454881429672,0.11775446602422394,是,是
v0605,零参考,情感极性,视觉,-0.2857006192207336,0.06673177614472106,是,是
v0605,零参考,情感强度,文本,-0.7293009882171948,0.8957521357677858,是,是
v0605,零参考,情感强度,语音,0.032065675283471755,0.039384146715912706,是,是
v0605,零参考,情感强度,视觉,0.052810561532775566,0.06486371751630168,是,是
v0606,训练均值参考,情感极性,文本,2.312231793999672,0.5393684943609177,是,否
v0606,训练均值参考,情感极性,语音,1.114959441125393,0.26008378424424466,是,否
v0606,训练均值参考,情感极性,视觉,0.8597328588366508,0.20054772139483762,是,否
v0606,训练均值参考,情感强度,文本,-0.4738452310363451,0.38096651009275473,是,否
v0606,训练均值参考,情感强度,语音,-0.45549541215101874,0.3662134514911357,是,否
v0606,训练均值参考,情感强度,视觉,-0.31445695708195365,0.25282003841610945,是,否
v0606,零参考,情感极性,文本,0.715177803610762,0.2901183035413845,是,否
v0606,零参考,情感极性,语音,1.11146488164862,0.45087571829231615,是,否
v0606,零参考,情感极性,视觉,0.6384820410360892,0.2590059781662992,是,否
v0606,零参考,情感强度,文本,-0.25137875353296596,0.273121457627155,是,否
v0606,零参考,情感强度,语音,-0.4118231249352296,0.447443272695397,是,否
v0606,零参考,情感强度,视觉,-0.25718993445237476,0.2794352696774479,是,否
v0607,训练均值参考,情感极性,文本,3.8274365042646723,0.7913563723883779,是,是
v0607,训练均值参考,情感极性,语音,-0.01031685123840968,0.002133100303924429,是,是
v0607,训练均值参考,情感极性,视觉,0.9987989713748295,0.20651052730769764,是,是
v0607,训练均值参考,情感强度,文本,-1.0510677471756935,0.6912018210437788,是,是
v0607,训练均值参考,情感强度,语音,0.09743192791938782,0.0640730592168288,是,是
v0607,训练均值参考,情感强度,视觉,-0.3721383139491081,0.2447251197393924,是,是
v0607,零参考,情感极性,文本,2.339475432410836,0.7320140393198673,是,是
v0607,零参考,情感极性,语音,-0.10058288648724555,0.03147204882083603,是,是
v0607,零参考,情感极性,视觉,0.7558850739151239,0.23651391185929663,是,是
v0607,零参考,情感强度,文本,-0.8357203640043734,0.6751699997527593,是,是
v0607,零参考,情感强度,语音,0.1174915786832571,0.09492025391176284,是,是
v0607,零参考,情感强度,视觉,-0.28458056040108204,0.22990974633547778,是,是
v0608,训练均值参考,情感极性,文本,1.6710862418015795,0.5723313036349815,是,是
v0608,训练均值参考,情感极性,语音,-0.3481833587090174,0.11924952202293332,是,是
v0608,训练均值参考,情感极性,视觉,-0.9005186955134072,0.3084191743420852,是,是
v0608,训练均值参考,情感强度,文本,0.547145389020443,0.5771566405148048,是,是
v0608,训练均值参考,情感强度,语音,-0.06288624554872513,0.0663355936901356,是,是
v0608,训练均值参考,情感强度,视觉,-0.33796991407871246,0.35650776579505966,是,是
v0608,零参考,情感极性,文本,2.9092961357285576,0.7404632085324804,是,是
v0608,零参考,情感极性,语音,-0.3654415446023146,0.0930108198076342,是,是
v0608,零参考,情感极性,视觉,-0.6542841835568348,0.1665259716598855,是,是
v0608,零参考,情感强度,文本,0.7644279977927604,0.7219733619077122,是,是
v0608,零参考,情感强度,语音,-0.04816059147318204,0.04548585901844951,是,是
v0608,零参考,情感强度,视觉,-0.2462150150289138,0.23254077907383822,是,是
v0609,训练均值参考,情感极性,文本,0.7104854360222816,0.36112418719239675,是,是
v0609,训练均值参考,情感极性,语音,-0.5098707601428032,0.25915614099085466,是,是
v0609,训练均值参考,情感极性,视觉,-0.7470706924796104,0.3797196718167486,是,是
v0609,训练均值参考,情感强度,文本,0.012797315915425619,0.05221935501706832,是,是
v0609,训练均值参考,情感强度,语音,-0.06144198278586069,0.2507135662861966,是,是
v0609,训练均值参考,情感强度,视觉,-0.17082914213339487,0.6970670786967351,是,是
v0609,零参考,情感极性,文本,1.9967338790496187,0.6498301830986696,是,是
v0609,零参考,情感极性,语音,-0.5302255923549334,0.17256009795737265,是,是
v0609,零参考,情感极性,视觉,-0.5457415680090586,0.17760971894395788,是,是
v0609,零参考,情感强度,文本,0.2574206627905369,0.6270749646832189,是,是
v0609,零参考,情感强度,语音,-0.051488930359482765,0.12542668034780735,是,是
v0609,零参考,情感强度,视觉,-0.10160059668123722,0.24749835496897377,是,是
v0610,训练均值参考,情感极性,文本,0.8664536252617836,0.40173742692029574,是,否
v0610,训练均值参考,情感极性,语音,0.8043804541230202,0.372956756695117,是,否
v0610,训练均值参考,情感极性,视觉,0.48593192547559727,0.22530581638458722,是,否
v0610,训练均值参考,情感强度,文本,-0.23197546663383642,0.5478227798063294,是,否
v0610,训练均值参考,情感强度,语音,-0.13834048124651113,0.32669862936770916,是,否
v0610,训练均值参考,情感强度,视觉,-0.05313388879100482,0.1254785908259614,是,否
v0610,零参考,情感极性,文本,-0.470120353003343,0.288040493835291,是,否
v0610,零参考,情感极性,语音,0.902867308507363,0.553182485609917,是,否
v0610,零参考,情感极性,视觉,0.2591451915601889,0.1587770205547921,是,否
v0610,零参考,情感强度,文本,-0.006799260154366493,0.057032111313269775,是,否
v0610,零参考,情感强度,语音,-0.10407578013837337,0.8729863754448656,是,否
v0610,零参考,情感强度,视觉,0.008343063294887543,0.06998151324186468,是,否
v0611,训练均值参考,情感极性,文本,0.6906163866321245,0.3435972525291274,是,是
v0611,训练均值参考,情感极性,语音,0.6070326889554659,0.30201247488147054,是,是
v0611,训练均值参考,情感极性,视觉,0.7123099143306413,0.354390272589402,是,是
v0611,训练均值参考,情感强度,文本,-0.11756253739198048,0.3087453258721171,是,是
v0611,训练均值参考,情感强度,语音,-0.10555152346690495,0.2772017364718007,是,是
v0611,训练均值参考,情感强度,视觉,-0.15766105552514395,0.41405293765608214,是,是
v0611,零参考,情感极性,文本,-0.6139837851126988,0.34649792316407874,是,是
v0611,零参考,情感极性,语音,0.6846914707372586,0.386401364940072,是,是
v0611,零参考,情感极性,视觉,0.473294340694944,0.2671007118958493,是,是
v0611,零参考,情感强度,文本,0.09936459238330524,0.38632552778695517,是,是
v0611,零参考,情感强度,语音,-0.08515136068065961,0.331065056150326,是,是
v0611,零参考,情感强度,视觉,-0.07268836100896199,0.28260941606271883,是,是
v0612,训练均值参考,情感极性,文本,0.45650417854388553,0.27195656961574355,是,否
v0612,训练均值参考,情感极性,语音,-0.48500520239273703,0.28893569278870923,是,否
v0612,训练均值参考,情感极性,视觉,-0.7370828265945116,0.4391077375955472,是,否
v0612,训练均值参考,情感强度,文本,0.13055102030436197,0.29270927780355604,是,否
v0612,训练均值参考,情感强度,语音,-0.10393692304690678,0.23303764008321093,是,否
v0612,训练均值参考,情感强度,视觉,-0.2115212207039197,0.474253082113233,是,否
v0612,零参考,情感极性,文本,1.7884599057336645,0.6217837684294576,是,否
v0612,零参考,情感极性,语音,-0.5662497325489918,0.19686485084050676,是,否
v0612,零参考,情感极性,视觉,-0.5216277583191792,0.1813513807300357,是,否
v0612,零参考,情感强度,文本,0.37225179312129814,0.6134119830939297,是,否
v0612,零参考,情感强度,语音,-0.08989309581617513,0.14812958107923685,是,否
v0612,零参考,情感强度,视觉,-0.14470956350366274,0.23845843582683338,是,否
v0613,训练均值参考,情感极性,文本,2.797967607776324,0.711681349916754,是,是
v0613,训练均值参考,情感极性,语音,-0.5167156805594761,0.13143001085562245,是,是
v0613,训练均值参考,情感极性,视觉,-0.6168060054381688,0.15688863922762358,是,是
v0613,训练均值参考,情感强度,文本,-0.643872951467832,0.9587230496133805,是,是
v0613,训练均值参考,情感强度,语音,0.019333737591902406,0.028787821917783386,是,是
v0613,训练均值参考,情感强度,视觉,0.008387627700964614,0.01248912846883616,是,是
v0613,零参考,情感极性,文本,2.5461475799481073,0.6730771919989796,是,是
v0613,零参考,情感极性,语音,-0.5828965802987416,0.1540894159407998,是,是
v0613,零参考,情感极性,视觉,-0.6538021614154179,0.1728333920602206,是,是
v0613,零参考,情感强度,文本,-0.43207390482227004,0.7560114100162677,是,是
v0613,零参考,情感强度,语音,0.04150700320800145,0.07262592734856026,是,是
v0613,零参考,情感强度,视觉,0.09793679540356,0.1713626626351721,是,是
v0614,训练均值参考,情感极性,文本,0.10614870364467302,0.0647124102113529,是,是
v0614,训练均值参考,情感极性,语音,0.528990505884091,0.32249334602590135,是,是
v0614,训练均值参考,情感极性,视觉,1.0051752726236978,0.6127942437627458,是,是
v0614,训练均值参考,情感强度,文本,-0.0985160246491432,0.27306809585814545,是,是
v0614,训练均值参考,情感强度,语音,-0.0681331604719162,0.1888524477223252,是,是
v0614,训练均值参考,情感强度,视觉,-0.1941253840923309,0.5380794564195293,是,是
v0614,零参考,情感极性,文本,-1.1759203119824329,0.4652495263769331,是,是
v0614,零参考,情感极性,语音,0.6056267035504181,0.23961448247546271,是,是
v0614,零参考,情感极性,视觉,0.7459575713922579,0.2951359911476042,是,是
v0614,零参考,情感强度,文本,0.11805463271836439,0.42732483395880416,是,是
v0614,零参考,情感强度,语音,-0.053601009150346116,0.1940206987881546,是,是
v0614,零参考,情感强度,视觉,-0.10460874376197656,0.37865446725304125,是,是
v0615,训练均值参考,情感极性,文本,2.5902033013602095,0.8345182584798223,是,是
v0615,训练均值参考,情感极性,语音,-0.0655845875541369,0.021130208489833307,是,是
v0615,训练均值参考,情感极性,视觉,-0.4480427044133345,0.1443515330303445,是,是
v0615,训练均值参考,情感强度,文本,1.0890021473169327,0.9660891672721549,是,是
v0615,训练均值参考,情感强度,语音,0.003010496497154236,0.0026707092003235874,是,是
v0615,训练均值参考,情感强度,视觉,-0.03521472215652466,0.03124012352752156,是,是
v0615,零参考,情感极性,文本,3.9065267841021214,0.9150831343140918,是,是
v0615,零参考,情感极性,语音,-0.052349155147870384,0.012262511335223868,是,是
v0615,零参考,情感极性,视觉,-0.31016436715920764,0.07265435435068425,是,是
v0615,零参考,情感强度,文本,1.3581409355004628,0.9835552182385049,是,是
v0615,零参考,情感强度,语音,0.0004894485076268511,0.00035445484423017305,是,是
v0615,零参考,情感强度,视觉,0.02221830685933431,0.016090326917265047,是,是
v0616,训练均值参考,情感极性,文本,4.86614919702212,0.8937084407680362,是,是
v0616,训练均值参考,情感极性,语音,-0.1679404278596242,0.03084364491252967,是,是
v0616,训练均值参考,情感极性,视觉,-0.4108060201009115,0.07544791431943415,是,是
v0616,训练均值参考,情感强度,文本,-1.2808405607938766,0.7683616988354312,是,是
v0616,训练均值参考,情感强度,语音,0.08451639115810393,0.05070042273601225,是,是
v0616,训练均值参考,情感强度,视觉,0.30161911249160767,0.18093787842855658,是,是
v0616,零参考,情感极性,文本,3.4842659284671145,0.7739388901210806,是,是
v0616,零参考,情感极性,语音,-0.27622961501280463,0.06135721154775261,是,是
v0616,零参考,情感极性,视觉,-0.7414954702059428,0.1647038983311668,是,是
v0616,零参考,情感强度,文本,-1.0175607527295747,0.6954391193002634,是,是
v0616,零参考,情感强度,语音,0.09345983465512592,0.0638739504527472,是,是
v0616,零参考,情感强度,视觉,0.35217112054427463,0.24068693024698948,是,是
v0617,训练均值参考,情感极性,文本,2.78340495377779,0.6959804302486354,是,是
v0617,训练均值参考,情感极性,语音,-0.3736885264515876,0.09343947637434495,是,是
v0617,训练均值参考,情感极性,视觉,-0.8421640172600746,0.2105800933770196,是,是
v0617,训练均值参考,情感强度,文本,1.0233156755566597,0.7993259482943759,是,是
v0617,训练均值参考,情感强度,语音,-0.06544084846973419,0.05111674677689679,是,是
v0617,训练均值参考,情感强度,视觉,-0.1914667412638664,0.1495573049287273,是,是
v0617,零参考,情感极性,文本,4.088158898676435,0.7947599352044123,是,是
v0617,零参考,情感极性,语音,-0.487347557519873,0.09474296935031597,是,是
v0617,零参考,情感极性,视觉,-0.5683850732942421,0.11049709544527175,是,是
v0617,零参考,情感强度,文本,1.2176392891754706,0.9033249830129682,是,是
v0617,零参考,情感强度,语音,-0.04543766255180041,0.03370864928360504,是,是
v0617,零参考,情感强度,视觉,-0.08487568112711111,0.06296636770342666,是,是
v0618,训练均值参考,情感极性,文本,2.394016455858946,0.8660410318071282,是,是
v0618,训练均值参考,情感极性,语音,-0.11084067821502684,0.040096873642041314,是,是
v0618,训练均值参考,情感极性,视觉,-0.2594650723040104,0.09386209455083042,是,是
v0618,训练均值参考,情感强度,文本,0.9987785716851552,0.96357401705363,是,是
v0618,训练均值参考,情感强度,语音,-0.024745846788088482,0.023873614904213795,是,是
v0618,训练均值参考,情感强度,视觉,-0.013010973731676737,0.012552368042156054,是,是
v0618,零参考,情感极性,文本,3.8731269339720407,0.910151264753569,是,是
v0618,零参考,情感极性,语音,-0.22322635849316913,0.052456259754062096,是,是
v0618,零参考,情感极性,视觉,-0.1591227849324544,0.037392475492368925,是,是
v0618,零参考,情感强度,文本,1.2850700685133534,0.9282087656104281,是,是
v0618,零参考,情感强度,语音,-0.04990752848486106,0.03604831094011182,是,是
v0618,零参考,情感强度,视觉,0.04948473100860914,0.03574292344946005,是,是
v0619,训练均值参考,情感极性,文本,2.019566861291726,0.7821564729949252,是,否
v0619,训练均值参考,情感极性,语音,0.13207967331012088,0.05115303355913178,是,否
v0619,训练均值参考,情感极性,视觉,0.43040313323338825,0.16669049344594286,是,否
v0619,训练均值参考,情感强度,文本,-0.2573299917081992,0.6567931828202238,是,否
v0619,训练均值参考,情感强度,语音,-0.04884266729156175,0.12466300836099528,是,否
v0619,训练均值参考,情感强度,视觉,-0.085624939451615,0.21854380881878094,是,否
v0619,零参考,情感极性,文本,0.4259613640606403,0.5587746453720555,是,否
v0619,零参考,情感极性,语音,0.16512940265238285,0.2166161797586152,是,否
v0619,零参考,情感极性,视觉,0.1712225694209337,0.22460917486932924,是,否
v0619,零参考,情感强度,文本,-0.0035079742471377058,0.0502567162995935,是,否
v0619,零参考,情感强度,语音,-0.046840292091170944,0.6710537493075455,是,否
v0619,零参考,情感强度,视觉,-0.01945283698538939,0.278689534392861,是,否
v0620,训练均值参考,情感极性,文本,2.2006268656502166,0.6526506264969189,是,是
v0620,训练均值参考,情感极性,语音,0.4731470874200264,0.14032353592058505,是,是
v0620,训练均值参考,情感极性,视觉,0.6980558993915716,0.20702583758249618,是,是
v0620,训练均值参考,情感强度,文本,-0.3391405139118433,0.5987694041094198,是,是
v0620,训练均值参考,情感强度,语音,-0.14423136040568352,0.2546476229803998,是,是
v0620,训练均值参考,情感强度,视觉,-0.08302398957312107,0.1465829729101804,是,是
v0620,零参考,情感极性,文本,0.6369555151710907,0.4101704666503585,是,是
v0620,零参考,情感极性,语音,0.5536967987815539,0.35655562897204246,是,是
v0620,零参考,情感极性,视觉,0.36225206839541596,0.233273904377599,是,是
v0620,零参考,情感强度,文本,-0.11566000307599703,0.4561547450989538,是,是
v0620,零参考,情感强度,语音,-0.13360560002426305,0.5269308905587293,是,是
v0620,零参考,情感强度,视觉,0.004288710032900177,0.01691436434231689,是,是
v0621,训练均值参考,情感极性,文本,5.065799236297607,0.9406990939858807,是,是
v0621,训练均值参考,情感极性,语音,0.11226272583007811,0.0208467488644344,是,是
v0621,训练均值参考,情感极性,视觉,0.207081139087677,0.03845415714968489,是,是
v0621,训练均值参考,情感强度,文本,-1.547699823975563,0.9193331138037839,是,是
v0621,训练均值参考,情感强度,语音,-0.03781234472990036,0.02246051855938588,是,是
v0621,训练均值参考,情感强度,视觉,0.09799057990312576,0.05820636763683025,是,是
v0621,零参考,情感极性,文本,3.4744801508883634,0.9444587907753635,是,是
v0621,零参考,情感极性,语音,0.14731278332571188,0.040043646002692425,是,是
v0621,零参考,情感极性,视觉,-0.05701252010961372,0.01549756322194398,是,是
v0621,零参考,情感强度,文本,-1.2939871090153852,0.8734101455673017,是,是
v0621,零参考,情感强度,语音,-0.029324200625220932,0.01979312943558424,是,是
v0621,零参考,情感强度,视觉,0.15822301370402175,0.10679672499711411,是,是
v0622,训练均值参考,情感极性,文本,-1.5586772902558246,0.6710367167378509,是,是
v0622,训练均值参考,情感极性,语音,0.4939292476822932,0.21264482567210755,是,是
v0622,训练均值参考,情感极性,视觉,0.27018333536883193,0.11631845759004132,是,是
v0622,训练均值参考,情感强度,文本,-0.3792583532631397,0.7787163304342835,是,是
v0622,训练均值参考,情感强度,语音,0.044871436432003975,0.0921327639035588,是,是
v0622,训练均值参考,情感强度,视觉,-0.06290038861334324,0.1291509056621577,是,是
v0622,零参考,情感极性,文本,-1.3658235389739275,0.5960704050414107,是,是
v0622,零参考,情感极性,语音,0.627662418410182,0.2739233739170243,是,是
v0622,零参考,情感极性,视觉,0.2978935968130827,0.13000622104156495,是,是
v0622,零参考,情感强度,文本,-0.13297607066730657,0.695852290825793,是,是
v0622,零参考,情感强度,语音,0.04852328759928544,0.2539181723818451,是,是
v0622,零参考,情感强度,视觉,0.009598770489295324,0.05022953679236174,是,是
v0623,训练均值参考,情感极性,文本,2.4104136650760966,0.7908628012366691,是,是
v0623,训练均值参考,情感极性,语音,-0.22216831396023431,0.0728939839955113,是,是
v0623,训练均值参考,情感极性,视觉,-0.4152458632985751,0.1362432147678197,是,是
v0623,训练均值参考,情感强度,文本,0.7689534326394398,0.8178737287042986,是,是
v0623,训练均值参考,情感强度,语音,-0.04366734872261683,0.046445435843634364,是,是
v0623,训练均值参考,情感强度,视觉,-0.12756522248188654,0.13568083545206705,是,是
v0623,零参考,情感极性,文本,3.641927801072597,0.9004804468184077,是,是
v0623,零参考,情感极性,语音,-0.23169955611228943,0.057288593078142165,是,是
v0623,零参考,情感极性,视觉,-0.1708000525832176,0.042230960103450295,是,是
v0623,零参考,情感强度,文本,1.008285615593195,0.9199879704583979,是,是
v0623,零参考,情感强度,语音,-0.027743995189666748,0.025314396468834568,是,是
v0623,零参考,情感强度,视觉,-0.05994734540581703,0.05469763307276759,是,是
v0624,训练均值参考,情感极性,文本,-1.070087470114231,0.6685630061267867,是,是
v0624,训练均值参考,情感极性,语音,0.4026983454823494,0.251595522737242,是,是
v0624,训练均值参考,情感极性,视觉,-0.12779252976179123,0.07984147113597136,是,是
v0624,训练均值参考,情感强度,文本,-0.37288745741049445,0.7836840201409138,是,是
v0624,训练均值参考,情感强度,语音,-0.0429577666024367,0.0902827771710543,是,是
v0624,训练均值参考,情感强度,视觉,-0.059968302647272737,0.12603320268803186,是,是
v0624,零参考,情感极性,文本,-0.8024410903453827,0.5389075844351588,是,是
v0624,零参考,情感极性,语音,0.5231669545173645,0.3513511996175332,是,是
v0624,零参考,情感极性,视觉,-0.16340623795986176,0.10974121594730792,是,是
v0624,零参考,情感强度,文本,-0.12275686115026474,0.6106507232260483,是,是
v0624,零参考,情感强度,语音,-0.05594363436102868,0.278290113174518,是,是
v0624,零参考,情感强度,视觉,0.02232581377029419,0.11105916359943367,是,是
v0625,训练均值参考,情感极性,文本,-2.351338602602482,0.6728864468835885,是,否
v0625,训练均值参考,情感极性,语音,0.18141382187604901,0.051915492682609685,是,否
v0625,训练均值参考,情感极性,视觉,0.9616538211703298,0.27519806043380185,是,否
v0625,训练均值参考,情感强度,文本,-0.5276535178224245,0.8160316257498283,是,否
v0625,训练均值参考,情感强度,语音,-0.054285029570261635,0.0839533888012591,是,否
v0625,训练均值参考,情感强度,视觉,0.06467060496409734,0.10001498544891248,是,否
v0625,零参考,情感极性,文本,-2.1402548998594284,0.6246616562765347,是,否
v0625,零参考,情感极性,语音,0.2355160117149353,0.06873845819353476,是,否
v0625,零参考,情感极性,视觉,1.0504917353391647,0.30659988552993056,是,否
v0625,零参考,情感强度,文本,-0.2951225594927867,0.6004260680760778,是,否
v0625,零参考,情感强度,语音,-0.04827411224444707,0.09821355390320487,是,否
v0625,零参考,情感强度,视觉,0.14812522443632284,0.30136037802071747,是,否
v0626,训练均值参考,情感极性,文本,-0.2965563510855039,0.1220523437977632,是,否
v0626,训练均值参考,情感极性,语音,0.510026695827643,0.2099093592072308,是,否
v0626,训练均值参考,情感极性,视觉,1.6231642390290895,0.6680382969950059,是,否
v0626,训练均值参考,情感强度,文本,0.09102687736352284,0.16972867630416608,是,否
v0626,训练均值参考,情感强度,语音,-0.10836417476336162,0.2020557935644303,是,否
v0626,训练均值参考,情感强度,视觉,-0.33691712717215216,0.6282155301314036,是,否
v0626,零参考,情感极性,文本,-1.4178400114178655,0.4422253309850946,是,否
v0626,零参考,情感极性,语音,0.5769652351737021,0.17995587657060835,是,否
v0626,零参考,情感极性,视觉,1.2113430947065353,0.3778187924442971,是,否
v0626,零参考,情感强度,文本,0.27448782697319984,0.47270570313062055,是,否
v0626,零参考,情感强度,语音,-0.08443889021873474,0.14541535561907973,是,否
v0626,零参考,情感强度,视觉,-0.22174710407853127,0.3818789412502997,是,否
v0627,训练均值参考,情感极性,文本,0.49289092545708013,0.23196768176522453,是,否
v0627,训练均值参考,情感极性,语音,-0.3554673927525679,0.16729248355196574,是,否
v0627,训练均值参考,情感极性,视觉,-1.2764675269524255,0.6007398346828097,是,否
v0627,训练均值参考,情感强度,文本,0.10008442401885986,0.21452266130987516,是,否
v0627,训练均值参考,情感强度,语音,-0.07046590745449066,0.15103782778331376,是,否
v0627,训练均值参考,情感强度,视觉,-0.29599443078041077,0.634439510906811,是,否
v0627,零参考,情感极性,文本,1.70521958420674,0.5530639498706511,是,否
v0627,零参考,情感极性,语音,-0.37832813647886115,0.1227054013724215,是,否
v0627,零参考,情感极性,视觉,-0.9996754483630259,0.32423064875692736,是,否
v0627,零参考,情感强度,文本,0.30920092202723026,0.5500738986778747,是,否
v0627,零参考,情感强度,语音,-0.05494702607393265,0.09775172937738252,是,否
v0627,零参考,情感强度,视觉,-0.19796002097427845,0.35217437194474277,是,否
v0628,训练均值参考,情感极性,文本,-0.89178970331947,0.28359507775399545,是,是
v0628,训练均值参考,情感极性,语音,0.5693769169350464,0.18106565979454872,是,是
v0628,训练均值参考,情感极性,视觉,1.6834214677413304,0.5353392624514559,是,是
v0628,训练均值参考,情感强度,文本,0.2583488623301188,0.321065953492066,是,是
v0628,训练均值参考,情感强度,语音,-0.1366156277557214,0.1697806074766456,是,是
v0628,训练均值参考,情感强度,视觉,-0.40969529872139293,0.5091534390312884,是,是
v0628,零参考,情感极性,文本,-2.025285314768553,0.5133500995840394,是,是
v0628,零参考,情感极性,语音,0.6065278984606266,0.15373693513935482,是,是
v0628,零参考,情感极性,视觉,1.3134189322590828,0.3329129652766058,是,是
v0628,零参考,情感强度,文本,0.4488218662639459,0.5201738313444383,是,是
v0628,零参考,情感强度,语音,-0.11084177220861116,0.12846296862206236,是,是
v0628,零参考,情感强度,视觉,-0.30316689858833945,0.35136320003349936,是,是
v0629,训练均值参考,情感极性,文本,-0.9644909749428431,0.6473429898382772,是,否
v0629,训练均值参考,情感极性,语音,0.3978019294639428,0.2669950233571494,是,否
v0629,训练均值参考,情感极性,视觉,-0.127629733333985,0.08566198680457332,是,否
v0629,训练均值参考,情感强度,文本,-0.18444208862880862,0.42447856927102073,是,否
v0629,训练均值参考,情感强度,语音,-0.14780958058933416,0.3401718108895364,是,否
v0629,训练均值参考,情感强度,视觉,-0.10226281980673471,0.23534961983944294,是,否
v0629,零参考,情感极性,文本,-0.612180513019363,0.5148417895828542,是,否
v0629,零参考,情感极性,语音,0.42448000082125265,0.35698627874819794,是,否
v0629,零参考,情感极性,视觉,-0.1524047978843252,0.12817193166894775,是,否
v0629,零参考,情感强度,文本,0.028049930309255917,0.16665203065074624,是,否
v0629,零参考,情感强度,语音,-0.1077030828843514,0.6398924087201743,是,否
v0629,零参考,情感强度,视觉,-0.032561349372069046,0.19345556062907932,是,否
v0630,训练均值参考,情感极性,文本,1.1398580198486645,0.4388063064699799,是,否
v0630,训练均值参考,情感极性,语音,-0.7183466876546541,0.276538877023064,是,否
v0630,训练均值参考,情感极性,视觉,-0.7394289250175157,0.284654816506956,是,否
v0630,训练均值参考,情感强度,文本,0.33888819565375644,0.4501249683990819,是,否
v0630,训练均值参考,情感强度,语音,-0.1832882488767306,0.24345084394103447,是,否
v0630,训练均值参考,情感强度,视觉,-0.23069935540358225,0.3064241876598836,是,否
v0630,零参考,情感极性,文本,2.3977397667864957,0.6575324388379084,是,否
v0630,零参考,情感极性,语音,-0.8103713275243838,0.22222821789603667,是,否
v0630,零参考,情感极性,视觉,-0.43846149307986104,0.12023934326605484,是,否
v0630,零参考,情感强度,文本,0.5641903107364972,0.641025378747639,是,否
v0630,零参考,情感强度,语音,-0.15627948070565859,0.17756262630433117,是,否
v0630,零参考,情感强度,视觉,-0.1596674534181754,0.18141199494802998,是,否
v0631,训练均值参考,情感极性,文本,1.9892935901880264,0.8431851776567112,是,是
v0631,训练均值参考,情感极性,语音,-0.36072281002998346,0.1528965498909646,是,是
v0631,训练均值参考,情感极性,视觉,-0.009244225919246674,0.003918272452324165,是,是
v0631,训练均值参考,情感强度,文本,-0.4352326119939486,0.7642396891278946,是,是
v0631,训练均值参考,情感强度,语音,-0.08081125716368356,0.14189922434779903,是,是
v0631,训练均值参考,情感强度,视觉,-0.05345365653435389,0.09386108652430637,是,是
v0631,零参考,情感极性,文本,1.6352950806419053,0.7748201434362142,是,是
v0631,零参考,情感极性,语音,-0.422372688849767,0.20012465715340794,是,是
v0631,零参考,情感极性,视觉,0.05288020024696986,0.02505519941037788,是,是
v0631,零参考,情感强度,文本,-0.21007109930117923,0.8035210943887435,是,是
v0631,零参考,情感强度,语音,-0.04480546837051709,0.1713807329967927,是,是
v0631,零参考,情感强度,视觉,0.006561620781819025,0.025098172614463725,是,是
v0632,训练均值参考,情感极性,文本,1.792159964640935,0.5822208403481737,是,是
v0632,训练均值参考,情感极性,语音,-0.2131014714638392,0.0692304929487514,是,是
v0632,训练均值参考,情感极性,视觉,-1.0728832135597866,0.34854866670307505,是,是
v0632,训练均值参考,情感强度,文本,1.0486299122373262,0.782430220590959,是,是
v0632,训练均值参考,情感强度,语音,0.008440906802813213,0.006298142456781411,是,是
v0632,训练均值参考,情感强度,视觉,-0.2831508194406827,0.21127163695225956,是,是
v0632,零参考,情感极性,文本,3.4175207788745556,0.7582078132986246,是,是
v0632,零参考,情感极性,语音,-0.33826729406913114,0.07504765060450069,是,是
v0632,零参考,情感极性,视觉,-0.751578797896703,0.1667445360968748,是,是
v0632,零参考,情感强度,文本,1.3138937763869762,0.8583827098467361,是,是
v0632,零参考,情感强度,语音,-0.02160833775997162,0.014116988644769294,是,是
v0632,零参考,情感强度,视觉,-0.19515986368060112,0.12750030150849456,是,是
v0633,训练均值参考,情感极性,文本,1.3031492034594216,0.4792568636250778,是,是
v0633,训练均值参考,情感极性,语音,-0.3385137965281804,0.12449461656979426,是,是
v0633,训练均值参考,情感极性,视觉,-1.0774408926566441,0.396248519805128,是,是
v0633,训练均值参考,情感强度,文本,0.9727137833833693,0.7240353699211434,是,是
v0633,训练均值参考,情感强度,语音,-0.07269252836704254,0.05410837449395057,是,是
v0633,训练均值参考,情感强度,视觉,-0.29805538058280945,0.22185625558490593,是,是
v0633,零参考,情感极性,文本,2.94297439760218,0.704034809797664,是,是
v0633,零参考,情感极性,语音,-0.5427338018392523,0.1298358182320526,是,是
v0633,零参考,情感极性,视觉,-0.6944464699675639,0.16612937197028332,是,是
v0633,零参考,情感强度,文本,1.2044419869780538,0.8106705198742106,是,是
v0633,零参考,情感强度,语音,-0.07672499865293503,0.05164108792103764,是,是
v0633,零参考,情感强度,视觉,-0.20456853508949277,0.13768839220475176,是,是
v0634,训练均值参考,情感极性,文本,-0.08987327416737872,0.04444003790735321,是,是
v0634,训练均值参考,情感极性,语音,-0.48937978347142536,0.24198579978358387,是,是
v0634,训练均值参考,情感极性,视觉,-1.443096121152242,0.7135741623090629,是,是
v0634,训练均值参考,情感强度,文本,0.4040192241470019,0.3702521207417785,是,是
v0634,训练均值参考,情感强度,语音,-0.17278177787860233,0.1583410289947267,是,是
v0634,训练均值参考,情感强度,视觉,-0.5143992950518925,0.47140685026349477,是,是
v0634,零参考,情感极性,文本,1.5759005074699717,0.4701732380096267,是,是
v0634,零参考,情感极性,语音,-0.6738666767875353,0.20104954336276154,是,是
v0634,零参考,情感极性,视觉,-1.101977194348971,0.32877721862761183,是,是
v0634,零参考,情感强度,文本,0.6495604254305363,0.5161477212498192,是,是
v0634,零参考,情感强度,语音,-0.177848681807518,0.14132048112597226,是,是
v0634,零参考,情感强度,视觉,-0.43106864765286446,0.3425317976242085,是,是
v0635,训练均值参考,情感极性,文本,-1.3732947185635567,0.7232726821853129,是,否
v0635,训练均值参考,情感极性,语音,0.3373822644352913,0.17768900733493523,是,否
v0635,训练均值参考,情感极性,视觉,0.18804635107517242,0.09903831047975185,是,否
v0635,训练均值参考,情感强度,文本,-0.28047080213824904,0.6863855128053813,是,否
v0635,训练均值参考,情感强度,语音,-0.011878658706943193,0.029070189074392083,是,否
v0635,训练均值参考,情感强度,视觉,-0.11627047198514143,0.2845442981202266,是,否
v0635,零参考,情感极性,文本,-1.119754135608673,0.641411774227602,是,否
v0635,零参考,情感极性,语音,0.4367273971438408,0.25016392951615707,是,否
v0635,零参考,情感极性,视觉,0.1892833262681961,0.1084242962562409,是,否
v0635,零参考,情感强度,文本,-0.052555967122316354,0.6078293173100843,是,否
v0635,零参考,情感强度,语音,-0.008327320218086243,0.09630855715016548,是,否
v0635,零参考,情感强度,视觉,-0.0255817212164402,0.2958621255397502,是,否
v0636,训练均值参考,情感极性,文本,1.5574867402513821,0.5627749244351041,是,否
v0636,训练均值参考,情感极性,语音,-0.44953570018211997,0.16243311301644944,是,否
v0636,训练均值参考,情感极性,视觉,-0.7604902411500613,0.2747919625484465,是,否
v0636,训练均值参考,情感强度,文本,0.46442514906326926,0.5333536995922187,是,否
v0636,训练均值参考,情感强度,语音,-0.11753827830155689,0.13498294763381752,是,否
v0636,训练均值参考,情感强度,视觉,-0.2888004754980405,0.3316633527739638,是,否
v0636,零参考,情感极性,文本,2.816162919004758,0.7376773581719351,是,否
v0636,零参考,情感极性,语音,-0.47036234537760413,0.12320865741827493,是,否
v0636,零参考,情感极性,视觉,-0.5310826475421587,0.13911398440979,是,否
v0636,零参考,情感强度,文本,0.6934527046978473,0.6900203991752847,是,否
v0636,零参考,情感强度,语音,-0.10464297793805599,0.10412503825934254,是,否
v0636,零参考,情感强度,视觉,-0.2068785261362791,0.20585456256537266,是,否
v0637,训练均值参考,情感极性,文本,-0.09870583564043046,0.05577533602886537,是,否
v0637,训练均值参考,情感极性,语音,0.9063714444637299,0.5121599098364328,是,否
v0637,训练均值参考,情感极性,视觉,0.7646267265081405,0.4320647541347018,是,否
v0637,训练均值参考,情感强度,文本,0.052927409609158836,0.12534445568229702,是,否
v0637,训练均值参考,情感强度,语音,-0.2001539940635363,0.4740113605369093,是,否
v0637,训练均值参考,情感强度,视觉,-0.16917428622643152,0.4006441837807937,是,否
v0637,零参考,情感极性,文本,-1.3137015750010805,0.48039641843476527,是,否
v0637,零参考,情感极性,语音,0.9852589691678681,0.36029101968503263,是,否
v0637,零参考,情感极性,视觉,0.4356592918435732,0.15931256188020218,是,否
v0637,零参考,情感强度,文本,0.26657492605348426,0.5045249776843374,是,否
v0637,零参考,情感强度,语音,-0.1660723506162564,0.31431181555253046,是,否
v0637,零参考,情感强度,视觉,-0.09572086731592813,0.18116320676313222,是,否
v0638,训练均值参考,情感极性,文本,1.8104604333639145,0.5382359287673134,是,是
v0638,训练均值参考,情感极性,语音,-0.5829014033079147,0.17329209321977063,是,是
v0638,训练均值参考,情感极性,视觉,-0.9703311771154404,0.288471978012916,是,是
v0638,训练均值参考,情感强度,文本,0.5140587563316027,0.4990924355562623,是,是
v0638,训练均值参考,情感强度,语音,-0.17581360538800556,0.17069496324350983,是,是
v0638,训练均值参考,情感强度,视觉,-0.34011471023162204,0.3302126012002279,是,是
v0638,零参考,情感极性,文本,3.032898968085646,0.6984923485766505,是,是
v0638,零参考,情感极性,语音,-0.6290283817797899,0.14486849589588044,是,是
v0638,零参考,情感极性,视觉,-0.6801373474299908,0.15663915552746893,是,是
v0638,零参考,情感强度,文本,0.7239895276725291,0.6424704217325176,是,是
v0638,零参考,情感强度,语音,-0.14935105293989182,0.13253456065443125,是,是
v0638,零参考,情感强度,视觉,-0.253543246537447,0.2249950176130511,是,是
v0639,训练均值参考,情感极性,文本,1.4692373014986515,0.7244807097002026,是,是
v0639,训练均值参考,情感极性,语音,-0.4173726998269558,0.20580642042758543,是,是
v0639,训练均值参考,情感极性,视觉,0.1413767784833908,0.06971286987221194,是,是
v0639,训练均值参考,情感强度,文本,0.5415433545907338,0.6038405509840732,是,是
v0639,训练均值参考,情感强度,语音,-0.1326830486456553,0.14794642852000014,是,是
v0639,训练均值参考,情感强度,视觉,0.22260530789693195,0.2482130204959266,是,是
v0639,零参考,情感极性,文本,2.707730732858181,0.7456587869939433,是,是
v0639,零参考,情感极性,语音,-0.4856035709381103,0.13372621039146862,是,是
v0639,零参考,情感极性,视觉,0.4379924908280372,0.1206150026145881,是,是
v0639,零参考,情感强度,文本,0.815031257768472,0.6823951289518194,是,是
v0639,零参考,情感强度,语音,-0.11974855760733286,0.100260979724858,是,是
v0639,零参考,情感强度,视觉,0.2595887010296185,0.21734389132332274,是,是
v0640,训练均值参考,情感极性,文本,1.3382862949122982,0.7229622326689961,是,是
v0640,训练均值参考,情感极性,语音,0.3266874266167481,0.17648142421365134,是,是
v0640,训练均值参考,情感极性,视觉,0.18614136365552741,0.10055634311735262,是,是
v0640,训练均值参考,情感强度,文本,-0.2854130044579506,0.8065233898506632,是,是
v0640,训练均值参考,情感强度,语音,-0.04789077304303646,0.13533030385421377,是,是
v0640,训练均值参考,情感强度,视觉,-0.020576851442456242,0.05814630629512305,是,是
v0640,零参考,情感极性,文本,0.06668784158925216,0.1229581976832612,是,是
v0640,零参考,情感极性,语音,0.3975128258268038,0.7329291135360622,是,是
v0640,零参考,情感极性,视觉,-0.07816123155256112,0.14411268878067668,是,是
v0640,零参考,情感强度,文本,-0.0320063413431247,0.2844734984286027,是,是
v0640,零参考,情感强度,语音,-0.04059808452924092,0.3608372169665109,是,是
v0640,零参考,情感强度,视觉,0.0399063757310311,0.3546892846048865,是,是
v0641,训练均值参考,情感极性,文本,1.1096921910842257,0.5320481417775346,是,是
v0641,训练均值参考,情感极性,语音,-0.418809617559115,0.2008006189204358,是,是
v0641,训练均值参考,情感极性,视觉,-0.5571970293919245,0.2671512393020298,是,是
v0641,训练均值参考,情感强度,文本,0.30436463157335913,0.5458843391836501,是,是
v0641,训练均值参考,情感强度,语音,-0.10508120556672412,0.18846534226033038,是,是
v0641,训练均值参考,情感强度,视觉,-0.14811665316422779,0.26565031855601956,是,是
v0641,零参考,情感极性,文本,2.502428481976191,0.7349047411707273,是,是
v0641,零参考,情感极性,语音,-0.6009137829144795,0.17647432934824223,是,是
v0641,零参考,情感极性,视觉,-0.30176365127166116,0.08862092948103031,是,是
v0641,零参考,情感强度,文本,0.5637412096063296,0.7477840633697304,是,是
v0641,零参考,情感强度,语音,-0.10153678556283313,0.13468518674144456,是,是
v0641,零参考,情感强度,视觉,-0.08860435833533603,0.11753074988882505,是,是
v0642,训练均值参考,情感极性,文本,2.286327457676331,0.8750452488774016,是,是
v0642,训练均值参考,情感极性,语音,-0.12526054059465724,0.04794091963999267,是,是
v0642,训练均值参考,情感极性,视觉,-0.2012225513656934,0.07701383148260554,是,是
v0642,训练均值参考,情感强度,文本,1.014494886000951,0.8723432297146267,是,是
v0642,训练均值参考,情感强度,语音,-0.010808298985163368,0.009293833388954014,是,是
v0642,训练均值参考,情感强度,视觉,0.13765062888463336,0.1183629368964192,是,是
v0642,零参考,情感极性,文本,3.5026658823092776,0.9125640925126954,是,是
v0642,零参考,情感极性,语音,-0.2054933706919352,0.053538041492906134,是,是
v0642,零参考,情感极性,视觉,0.13010910650094348,0.0338978659943984,是,是
v0642,零参考,情感强度,文本,1.276348490267992,0.8472604379771487,是,是
v0642,零参考,情感强度,语音,-0.020526878535747525,0.013626068609874331,是,是
v0642,零参考,情感强度,视觉,0.2095663733780384,0.13911349341297702,是,是
v0643,训练均值参考,情感极性,文本,2.434164601067702,0.8728251503264054,是,是
v0643,训练均值参考,情感极性,语音,-0.14017759015162787,0.050263867177602124,是,是
v0643,训练均值参考,情感极性,视觉,-0.21449197580416995,0.0769109824959924,是,是
v0643,训练均值参考,情感强度,文本,1.061966359615326,0.9095470813303603,是,是
v0643,训练均值参考,情感强度,语音,-0.02388755977153778,0.02045908523710374,是,是
v0643,训练均值参考,情感强度,视觉,0.08172319829463959,0.06999383343253597,是,是
v0643,零参考,情感极性,文本,3.6872442563374834,0.9239375147578648,是,是
v0643,零参考,情感极性,语音,-0.22243511180082956,0.05573705729934045,是,是
v0643,零参考,情感极性,视觉,0.08111459513505298,0.020325427942794724,是,是
v0643,零参考,情感强度,文本,1.3293011542409658,0.8912944086938279,是,是
v0643,零参考,情感强度,语音,-0.024376135319471356,0.01634416177740757,是,是
v0643,零参考,情感强度,视觉,0.1377503927797079,0.09236142952876451,是,是
v0644,训练均值参考,情感极性,文本,2.019252359867096,0.8441396177919368,是,是
v0644,训练均值参考,情感极性,语音,-0.18192897737026215,0.07605461331872307,是,是
v0644,训练均值参考,情感极性,视觉,-0.19090205430984497,0.07980576888934011,是,是
v0644,训练均值参考,情感强度,文本,0.6736437578996022,0.7263047875651282,是,是
v0644,训练均值参考,情感强度,语音,0.0037874182065327972,0.004083493602750901,是,是
v0644,训练均值参考,情感强度,视觉,0.25006340940793353,0.2696117188321209,是,是
v0644,零参考,情感极性,文本,3.2597761477033296,0.8936679089031764,是,是
v0644,零参考,情感极性,语音,-0.2668892194827397,0.07316770228286472,是,是
v0644,零参考,情感极性,视觉,0.12097165236870448,0.033164388813958834,是,是
v0644,零参考,情感强度,文本,0.9362810235470533,0.7470443108451411,是,是
v0644,零参考,情感强度,语音,-0.0008842758834362042,0.0007055502048262745,是,是
v0644,零参考,情感强度,视觉,0.31614860706031317,0.2522501389500326,是,是
v0645,训练均值参考,情感极性,文本,0.8960473388433454,0.5366451776898156,是,是
v0645,训练均值参考,情感极性,语音,-0.0869733616709709,0.05208858182475858,是,是
v0645,训练均值参考,情感极性,视觉,-0.6866995841264724,0.4112662404854259,是,是
v0645,训练均值参考,情感强度,文本,0.32644688089688617,0.6404670464837091,是,是
v0645,训练均值参考,情感强度,语音,-0.004434744517008465,0.008700673490629534,是,是
v0645,训练均值参考,情感强度,视觉,-0.17881966630617777,0.3508322800256614,是,是
v0645,零参考,情感极性,文本,2.202531858036915,0.7823568912418754,是,是
v0645,零参考,情感极性,语音,-0.1319728096326192,0.04687779506837957,是,是
v0645,零参考,情感极性,视觉,-0.4807474029560883,0.1707653136897449,是,是
v0645,零参考,情感强度,文本,0.6007492480178673,0.8181749364317227,是,是
v0645,零参考,情感强度,语音,-0.024406316379706063,0.033239552805740036,是,是
v0645,零参考,情感强度,视觉,-0.10909969235459963,0.14858551076253737,是,是
v0646,训练均值参考,情感极性,文本,-0.5625543991724651,0.4840283726546089,是,是
v0646,训练均值参考,情感极性,语音,-0.16211501757303873,0.13948565375042932,是,是
v0646,训练均值参考,情感极性,视觉,0.43756492932637525,0.37648597359496194,是,是
v0646,训练均值参考,情感强度,文本,0.30512530604998267,0.5908669484739769,是,是
v0646,训练均值参考,情感强度,语音,-0.0027144600947697963,0.005256478965033071,是,是
v0646,训练均值参考,情感强度,视觉,0.20856296519438425,0.40387657256098997,是,是
v0646,零参考,情感极性,文本,0.9581618110338845,0.4808862743458404,是,是
v0646,零参考,情感极性,语音,-0.22894566257794696,0.11490421078873007,是,是
v0646,零参考,情感极性,视觉,0.8053840200106303,0.4042095148654295,是,是
v0646,零参考,情感强度,文本,0.5916285961866379,0.6592307552707755,是,是
v0646,零参考,情感强度,语音,-0.03156818449497223,0.035175308024804605,是,是
v0646,零参考,情感强度,视觉,0.2742561846971512,0.30559393670442,是,是
v0647,训练均值参考,情感极性,文本,2.3866499674816923,0.9271807381902016,是,是
v0647,训练均值参考,情感极性,语音,-0.07735682527224222,0.030052064331682594,是,是
v0647,训练均值参考,情感极性,视觉,-0.11008676762382189,0.04276719747811587,是,是
v0647,训练均值参考,情感强度,文本,0.9602764844894409,0.8533476571688627,是,是
v0647,训练均值参考,情感强度,语音,0.013359591364860531,0.01187197247467582,是,是
v0647,训练均值参考,情感强度,视觉,0.15166904032230377,0.13478037035646148,是,是
v0647,零参考,情感极性,文本,3.6893865813811617,0.9298844440489517,是,是
v0647,零参考,情感极性,语音,-0.1518592188755671,0.03827506882321633,是,是
v0647,零参考,情感极性,视觉,0.12632953127225238,0.031840487127832016,是,是
v0647,零参考,情感强度,文本,1.2447296107808747,0.8413766418260559,是,是
v0647,零参考,情感强度,语音,-0.01673593868811925,0.011312680094741826,是,是
v0647,零参考,情感强度,视觉,0.21793089310328168,0.14731067807920237,是,是
v0648,训练均值参考,情感极性,文本,2.7269928579529124,0.7994055354419458,是,是
v0648,训练均值参考,情感极性,语音,-0.29789966593186057,0.08732793019890918,是,是
v0648,训练均值参考,情感极性,视觉,-0.3863834018508593,0.11326653435914505,是,是
v0648,训练均值参考,情感强度,文本,1.0324566811323166,0.9684365041786444,是,是
v0648,训练均值参考,情感强度,语音,-0.023595005273818966,0.022131935257945698,是,是
v0648,训练均值参考,情感强度,视觉,0.010055050253868103,0.00943156056340989,是,是
v0648,零参考,情感极性,文本,4.021716211612025,0.886196858177058,是,是
v0648,零参考,情感极性,语音,-0.41704136071105796,0.09189627615318127,是,是
v0648,零参考,情感极性,视觉,-0.09941718478997548,0.02190686566976088,是,是
v0648,零参考,情感强度,文本,1.275869678085049,0.9211658813320304,是,是
v0648,零参考,情感强度,语音,-0.02431154685715834,0.01755270767217526,是,是
v0648,零参考,情感强度,视觉,0.0848784086604913,0.06128141099579435,是,是
v0649,训练均值参考,情感极性,文本,-0.1683994966248671,0.17574561711474768,是,是
v0649,训练均值参考,情感极性,语音,0.0026932110389073644,0.002810697451830337,是,是
v0649,训练均值参考,情感极性,视觉,-0.7871075558165709,0.8214436854334219,是,是
v0649,训练均值参考,情感强度,文本,-0.007056598862012228,0.03621077271004263,是,是
v0649,训练均值参考,情感强度,语音,0.014952863256136577,0.0767302695420483,是,是
v0649,训练均值参考,情感强度,视觉,-0.17286621530850727,0.8870589577479091,是,是
v0649,零参考,情感极性,文本,1.12128230681022,0.6485625387188932,是,是
v0649,零参考,情感极性,语音,-0.1027419442931811,0.05942711823685159,是,是
v0649,零参考,情感极性,视觉,-0.5048488179842631,0.29201034304425516,是,是
v0649,零参考,情感强度,文本,0.26411534721652663,0.7133705220778142,是,是
v0649,零参考,情感强度,语音,-0.017098975678284962,0.04618400761321122,是,是
v0649,零参考,情感强度,视觉,-0.0890215349694093,0.24044547030897473,是,是
v0650,训练均值参考,情感极性,文本,2.4811415299773216,0.8232650636853515,是,是
v0650,训练均值参考,情感极性,语音,-0.18738753348588943,0.062176868117036335,是,是
v0650,训练均值参考,情感极性,视觉,-0.3452530577778816,0.11455806819761226,是,是
v0650,训练均值参考,情感强度,文本,1.0154107610384622,0.9311847585033819,是,是
v0650,训练均值参考,情感强度,语音,-0.014306110640366873,0.013119451450513124,是,是
v0650,训练均值参考,情感强度,视觉,-0.06073349465926488,0.055695790046105115,是,是
v0650,零参考,情感极性,文本,3.8297835364937782,0.9024605285389822,是,是
v0650,零参考,情感极性,语音,-0.277709998190403,0.0654403334703661,是,是
v0650,零参考,情感极性,视觉,-0.13621953129768372,0.032099137990651755,是,是
v0650,零参考,情感强度,文本,1.2807543780654669,0.9667192217551128,是,是
v0650,零参考,情感强度,语音,-0.030260389670729637,0.0228406795662727,是,是
v0650,零参考,情感强度,视觉,0.013831526041030882,0.01044009867861445,是,是
v0651,训练均值参考,情感极性,文本,4.905908127625783,0.9448225670070287,是,否
v0651,训练均值参考,情感极性,语音,0.041597714026769,0.008011250501630698,是,否
v0651,训练均值参考,情感极性,视觉,-0.24490625659624735,0.047166182491340546,是,否
v0651,训练均值参考,情感强度,文本,-1.5107484112183251,0.8610260110998967,是,否
v0651,训练均值参考,情感强度,语音,-0.027523602048556015,0.015686620688786776,是,否
v0651,训练均值参考,情感强度,视觉,0.21631889541943866,0.12328736821131647,是,否
v0651,零参考,情感极性,文本,3.3932397340734797,0.8212917426047626,是,否
v0651,零参考,情感极性,语音,0.11335111161073047,0.027435235726538807,是,否
v0651,零参考,情感极性,视觉,-0.6249979163209597,0.1512730216686986,是,否
v0651,零参考,情感强度,文本,-1.2260533000032106,0.7857690006803615,是,否
v0651,零参考,情感强度,语音,-0.05364796022574107,0.034382603182920315,是,否
v0651,零参考,情感强度,视觉,0.2806215559442838,0.1798483961367182,是,否
v0652,训练均值参考,情感极性,文本,2.494145769625902,0.8663872053974009,是,是
v0652,训练均值参考,情感极性,语音,-0.036016419529914856,0.012510962849466343,是,是
v0652,训练均值参考,情感极性,视觉,-0.34862659499049187,0.12110183175313274,是,是
v0652,训练均值参考,情感强度,文本,1.0257422427336373,0.9232222213678388,是,是
v0652,训练均值参考,情感强度,语音,0.037212143341700234,0.03349289539468073,是,是
v0652,训练均值参考,情感强度,视觉,-0.048091491063435875,0.04328488323748046,是,是
v0652,零参考,情感极性,文本,3.7816360816359516,0.9480408884822696,是,是
v0652,零参考,情感极性,语音,-0.14957845956087112,0.03749871553969081,是,是
v0652,零参考,情感极性,视觉,-0.05768100917339325,0.01446039597803953,是,是
v0652,零参考,情感强度,文本,1.2938406597822902,0.9686025608948161,是,是
v0652,零参考,情感强度,语音,0.009776312857866284,0.00731880050193474,是,是
v0652,零参考,情感强度,视觉,0.032163782045245164,0.024078638603249127,是,是
v0653,训练均值参考,情感极性,文本,2.725533135235309,0.777571795990601,是,是
v0653,训练均值参考,情感极性,语音,-0.22370215505361554,0.0638203528782233,是,是
v0653,训练均值参考,情感极性,视觉,-0.5559498891234398,0.15860785113117573,是,是
v0653,训练均值参考,情感强度,文本,0.9589697296420732,0.8887296533506545,是,是
v0653,训练均值参考,情感强度,语音,-0.029514801998933155,0.027352979910028476,是,是
v0653,训练均值参考,情感强度,视觉,-0.09054971237977345,0.083917366739317,是,是
v0653,零参考,情感极性,文本,3.9707041370371976,0.8759590256323228,是,是
v0653,零参考,情感极性,语音,-0.3190577433755,0.07038588128507357,是,是
v0653,零参考,情感极性,视觉,-0.24321742666264373,0.053655093082603675,是,是
v0653,零参考,情感强度,文本,1.1891451844324668,0.9715232633846549,是,是
v0653,零参考,情感强度,语音,-0.0337878509114186,0.027604436876126293,是,是
v0653,零参考,情感强度,视觉,0.001067695518334706,0.0008722997392187761,是,是
v0654,训练均值参考,情感极性,文本,0.5563463345170021,0.3400213102034364,是,是
v0654,训练均值参考,情感极性,语音,-0.21708794683218002,0.13267729745237677,是,是
v0654,训练均值参考,情感极性,视觉,-0.8627759143710136,0.5273013923441868,是,是
v0654,训练均值参考,情感强度,文本,0.17920995752016702,0.42836075749185776,是,是
v0654,训练均值参考,情感强度,语音,-0.03893408675988515,0.09306310390058156,是,是
v0654,训练均值参考,情感强度,视觉,-0.20021817584832508,0.47857613860756065,是,是
v0654,零参考,情感极性,文本,1.88895645737648,0.665821863210079,是,是
v0654,零参考,情感极性,语音,-0.34487731009721756,0.12156280907963968,是,是
v0654,零参考,情感极性,视觉,-0.6031960174441338,0.21261532771028135,是,是
v0654,零参考,情感强度,文本,0.44148004737993074,0.7090652545322526,是,是
v0654,零参考,情感强度,语音,-0.053017696986595794,0.08515222155931872,是,是
v0654,零参考,情感强度,视觉,-0.12812484862903753,0.2057825239084287,是,是
v0655,训练均值参考,情感极性,文本,0.6087483478089173,0.3772719971410534,是,是
v0655,训练均值参考,情感极性,语音,-0.17695984492699304,0.10967092452846211,是,是
v0655,训练均值参考,情感极性,视觉,-0.827844767520825,0.5130570783304845,是,是
v0655,训练均值参考,情感强度,文本,0.15874262154102325,0.3766871924465658,是,是
v0655,训练均值参考,情感强度,语音,-0.03113216906785965,0.07387486263677007,是,是
v0655,训练均值参考,情感强度,视觉,-0.2315428331494331,0.5494379449166641,是,是
v0655,零参考,情感极性,文本,1.8214960706730683,0.7077550031205033,是,是
v0655,零参考,情感极性,语音,-0.23385720948378247,0.09086684988938079,是,是
v0655,零参考,情感极性,视觉,-0.5182718622187773,0.20137814699011594,是,是
v0655,零参考,情感强度,文本,0.4138736954579751,0.6784272081927328,是,是
v0655,零参考,情感强度,语音,-0.044560225059588746,0.07304370733241321,是,是
v0655,零参考,情感强度,视觉,-0.1516148665299018,0.24852908447485403,是,是
v0656,训练均值参考,情感极性,文本,2.0704322320719557,0.7479714297471293,是,是
v0656,训练均值参考,情感极性,语音,-0.1459710399309794,0.05273399715652004,是,是
v0656,训练均值参考,情感极性,视觉,-0.5516599851349989,0.19929457309635085,是,是
v0656,训练均值参考,情感强度,文本,0.7485616008440653,0.8174033092625382,是,是
v0656,训练均值参考,情感强度,语音,-0.024690185983975727,0.02696082688031633,是,是
v0656,训练均值参考,情感强度,视觉,-0.14252821107705432,0.1556358638571454,是,是
v0656,零参考,情感极性,文本,3.447152204811572,0.8499846880418959,是,是
v0656,零参考,情感极性,语音,-0.2886864095926285,0.07118311383437685,是,是
v0656,零参考,情感极性,视觉,-0.31970762461423874,0.0788321981237273,是,是
v0656,零参考,情感强度,文本,1.0257051140069962,0.8936527019899503,是,是
v0656,零参考,情感强度,语音,-0.051095761358737946,0.04451753683871991,是,是
v0656,零参考,情感强度,视觉,-0.07096616178750992,0.06182976117132982,是,是
v0657,训练均值参考,情感极性,文本,0.2151545484860738,0.3246769954874771,是,是
v0657,训练均值参考,情感极性,语音,-0.3439227739969889,0.5189935036315934,是,是
v0657,训练均值参考,情感极性,视觉,0.10359527667363483,0.15632950088092956,是,是
v0657,训练均值参考,情感强度,文本,0.7236068348089852,0.8340378842990108,是,是
v0657,训练均值参考,情感强度,语音,-0.07315887262423833,0.0843237907742091,是,是
v0657,训练均值参考,情感强度,视觉,0.07082897673050563,0.08163832492678004,是,是
v0657,零参考,情感极性,文本,1.7294064046194153,0.6411876639373162,是,是
v0657,零参考,情感极性,语音,-0.4547045870373646,0.16858441784725003,是,是
v0657,零参考,情感极性,视觉,0.5130812687178452,0.19022791821543378,是,是
v0657,零参考,情感强度,文本,0.9684260543435811,0.8055118423072878,是,是
v0657,零参考,情感强度,语音,-0.08219546265900135,0.06836806822657218,是,是
v0657,零参考,情感强度,视觉,0.1516277901828289,0.12612008946613998,是,是
v0658,训练均值参考,情感极性,文本,1.3708781835933523,0.6912783752644026,是,是
v0658,训练均值参考,情感极性,语音,-0.010137485961119332,0.005111923807919475,是,是
v0658,训练均值参考,情感极性,视觉,-0.6020901712278525,0.30360970092767775,是,是
v0658,训练均值参考,情感强度,文本,0.5050655404726664,0.7396291510956287,是,是
v0658,训练均值参考,情感强度,语音,0.022111992041269936,0.03238129033157208,是,是
v0658,训练均值参考,情感强度,视觉,-0.1556856830914815,0.22798955857279937,是,是
v0658,零参考,情感极性,文本,2.6576781421899796,0.8601520996562059,是,是
v0658,零参考,情感极性,语音,-0.0615730881690979,0.019928004159045505,是,是
v0658,零参考,情感极性,视觉,-0.37052573263645167,0.1199198961847486,是,是
v0658,零参考,情感强度,文本,0.7858099589745204,0.8963649145311433,是,是
v0658,零参考,情感强度,语音,-0.002970491846402485,0.003388407896345275,是,是
v0658,零参考,情感强度,视觉,-0.08788255353768666,0.10024667757251135,是,是
v0659,训练均值参考,情感极性,文本,2.5261153988540173,0.7724768760547898,是,是
v0659,训练均值参考,情感极性,语音,-0.07294970750808716,0.022307754503425342,是,是
v0659,训练均值参考,情感极性,视觉,-0.6710850782692431,0.2052153694417849,是,是
v0659,训练均值参考,情感强度,文本,0.9315735946098962,0.8363453735566606,是,是
v0659,训练均值参考,情感强度,语音,0.02331697444121043,0.020933444026407233,是,是
v0659,训练均值参考,情感强度,视觉,-0.15897174676259357,0.14272118241693213,是,是
v0659,零参考,情感极性,文本,3.8870153358827033,0.8581740324778379,是,是
v0659,零参考,情感极性,语音,-0.27689520952602226,0.06113283792300248,是,是
v0659,零参考,情感极性,视觉,-0.3654916373391946,0.08069312959915967,是,是
v0659,零参考,情感强度,文本,1.1978207075347502,0.9341897608928097,是,是
v0659,零参考,情感强度,语音,-0.02367636996010939,0.01846538655803178,是,是
v0659,零参考,情感强度,视觉,-0.06070570151011148,0.047344852549158385,是,是
v0660,训练均值参考,情感极性,文本,2.4871424933274584,0.8451030755349709,是,否
v0660,训练均值参考,情感极性,语音,-0.12487579385439555,0.042431391739454385,是,否
v0660,训练均值参考,情感极性,视觉,-0.3309866140286128,0.11246553272557482,是,否
v0660,训练均值参考,情感强度,文本,0.9825273652871449,0.8985326934353938,是,否
v0660,训练均值参考,情感强度,语音,0.03600190331538518,0.03292415895746545,是,否
v0660,训练均值参考,情感强度,视觉,-0.07495054850975671,0.06854314760714073,是,否
v0660,零参考,情感极性,文本,3.9290685163189965,0.9012520688407172,是,否
v0660,零参考,情感极性,语音,-0.3222943531970183,0.07392807007260414,是,否
v0660,零参考,情感极性,视觉,-0.10820384013156095,0.02481986108667851,是,否
v0660,零参考,情感强度,文本,1.269249235590299,0.9764300071670372,是,否
v0660,零参考,情感强度,语音,0.01442535159488519,0.011097384001677183,是,否
v0660,零参考,情感强度,视觉,-0.016212989265720047,0.01247260883128565,是,否
v0661,训练均值参考,情感极性,文本,4.974194477001825,0.8975488101043556,是,是
v0661,训练均值参考,情感极性,语音,0.0330887238184611,0.005970563641699872,是,是
v0661,训练均值参考,情感极性,视觉,0.5346933702627817,0.09648062625394437,是,是
v0661,训练均值参考,情感强度,文本,-1.7663356314102807,0.9156454118171699,是,是
v0661,训练均值参考,情感强度,语音,-0.0393067846695582,0.020376125803016485,是,是
v0661,训练均值参考,情感强度,视觉,-0.1234183410803477,0.06397846237981357,是,是
v0661,零参考,情感极性,文本,3.349436752187709,0.8997197224247734,是,是
v0661,零参考,情感极性,语音,0.1002552897358934,0.02693039699701073,是,是
v0661,零参考,情感极性,视觉,0.27306368822852767,0.07334988057821591,是,是
v0661,零参考,情感强度,文本,-1.5383229466776052,0.9570078723716903,是,是
v0661,零参考,情感强度,语音,-0.04350341173509756,0.02706395792602099,是,是
v0661,零参考,情感强度,视觉,-0.02560341420272986,0.015928169702288643,是,是
v0662,训练均值参考,情感极性,文本,1.3006577764948206,0.5252202083830958,是,否
v0662,训练均值参考,情感极性,语音,-0.17990120003620783,0.07264612373750133,是,否
v0662,训练均值参考,情感极性,视觉,-0.9958456928531327,0.4021336678794029,是,否
v0662,训练均值参考,情感强度,文本,0.34489600360393524,0.45394507529474803,是,否
v0662,训练均值参考,情感强度,语音,-0.01230623573064804,0.01619721610853772,是,否
v0662,训练均值参考,情感强度,视觉,-0.40257250517606735,0.5298577085967142,是,否
v0662,零参考,情感极性,文本,2.6330978590995073,0.7164464544836928,是,否
v0662,零参考,情感极性,语音,-0.3742218017578125,0.10182298471488446,是,否
v0662,零参考,情感极性,视觉,-0.6678996700793505,0.18173056080142266,是,否
v0662,零参考,情感强度,文本,0.5939003278811772,0.6349497666751519,是,否
v0662,零参考,情感强度,语音,-0.03554358581701914,0.03800030150148334,是,否
v0662,零参考,情感强度,视觉,-0.30590618650118506,0.3270499318233647,是,否
v0663,训练均值参考,情感极性,文本,2.2883023048440614,0.610626742222824,是,是
v0663,训练均值参考,情感极性,语音,-0.11921206613381702,0.03181138935307988,是,是
v0663,训练均值参考,情感极性,视觉,1.3399505640069642,0.3575618684240961,是,是
v0663,训练均值参考,情感强度,文本,-0.42073773592710495,0.46374371027600003,是,是
v0663,训练均值参考,情感强度,语音,0.09845118224620819,0.10851443223962544,是,是
v0663,训练均值参考,情感强度,视觉,-0.3880745694041252,0.4277418574843745,是,是
v0663,零参考,情感极性,文本,0.6038864332561691,0.34109899772792895,是,是
v0663,零参考,情感极性,语音,-0.04153891528646151,0.023462826105429192,是,是
v0663,零参考,情感极性,视觉,1.1249886288618047,0.6354381761666419,是,是
v0663,零参考,情感强度,文本,-0.14208932903905708,0.2701606414898068,是,是
v0663,零参考,情感强度,语音,0.06946275817851225,0.1320725731909102,是,是
v0663,零参考,情感强度,视觉,-0.31439176698525745,0.5977667853192831,是,是
v0664,训练均值参考,情感极性,文本,2.2885772759715715,0.7075819941817134,是,是
v0664,训练均值参考,情感极性,语音,-0.36035150041182834,0.11141342525107785,是,是
v0664,训练均值参考,情感极性,视觉,-0.5854345833261807,0.18100458056720875,是,是
v0664,训练均值参考,情感强度,文本,0.8013473898172379,0.7354974946111854,是,是
v0664,训练均值参考,情感强度,语音,-0.08950948715209961,0.08215413737020598,是,是
v0664,训练均值参考,情感强度,视觉,-0.1986742168664932,0.18234836801860857,是,是
v0664,零参考,情感极性,文本,3.509514828523,0.8337300370978473,是,是
v0664,零参考,情感极性,语音,-0.5006419445077578,0.11893388327493025,是,是
v0664,零参考,情感极性,视觉,-0.1992571527759234,0.04733607962722228,是,是
v0664,零参考,情感强度,文本,1.0476140944908061,0.832284117733499,是,是
v0664,零参考,情感强度,语音,-0.08326142591734727,0.06614760413712686,是,是
v0664,零参考,情感强度,视觉,-0.12784619753559429,0.10156827812937423,是,是
v0665,训练均值参考,情感极性,文本,2.3635536804795265,0.632793113008654,是,是
v0665,训练均值参考,情感极性,语音,-0.5657109096646309,0.15145751524332265,是,是
v0665,训练均值参考,情感极性,视觉,-0.8058482483029366,0.2157493717480233,是,是
v0665,训练均值参考,情感强度,文本,0.7442821239431698,0.642596429454036,是,是
v0665,训练均值参考,情感强度,语音,-0.14493583391110101,0.12513433599317253,是,是
v0665,训练均值参考,情感强度,视觉,-0.2690239648024241,0.23226923455279153,是,是
v0665,零参考,情感极性,文本,3.588676534593105,0.7601585563977258,是,是
v0665,零参考,情感极性,语音,-0.6726178377866744,0.14247486493993822,是,是
v0665,零参考,情感极性,视觉,-0.45966351777315134,0.09736657866233606,是,是
v0665,零参考,情感强度,文本,0.9618923962116241,0.7555022748690273,是,是
v0665,零参考,情感强度,语音,-0.12761003710329533,0.10022916670031529,是,是
v0665,零参考,情感强度,视觉,-0.18368022702634335,0.14426855843065742,是,是
v0666,训练均值参考,情感极性,文本,1.5563009226073818,0.6209242641148344,是,否
v0666,训练均值参考,情感极性,语音,0.1792010658731063,0.07149664203079276,是,否
v0666,训练均值参考,情感极性,视觉,0.7709243384500344,0.30757909385437293,是,否
v0666,训练均值参考,情感强度,文本,-0.3010169168313344,0.743699411220116,是,否
v0666,训练均值参考,情感强度,语音,-0.0016596851249535876,0.004100456755825366,是,否
v0666,训练均值参考,情感强度,视觉,-0.10207955663402875,0.2522001320240588,是,否
v0666,零参考,情感极性,文本,0.23020283877849576,0.2204094172090127,是,否
v0666,零参考,情感极性,语音,0.23534026928246018,0.22532828818966188,是,否
v0666,零参考,情感极性,视觉,0.5788897555321455,0.5542622946013254,是,否
v0666,零参考,情感强度,文本,-0.0689430000881354,0.781890812906664,是,否
v0666,零参考,情感强度,语音,-0.005130315820376078,0.05818352555203198,是,否
v0666,零参考,情感强度,视觉,-0.014101399729649224,0.1599256615413041,是,否
v0667,训练均值参考,情感极性,文本,-0.008252413322528206,0.011563617752747724,是,否
v0667,训练均值参考,情感极性,语音,-0.0750280221303304,0.10513232126793687,是,否
v0667,训练均值参考,情感极性,视觉,-0.6303728086253007,0.8833040609793155,是,否
v0667,训练均值参考,情感强度,文本,-0.05583679676055908,0.4555138027412927,是,否
v0667,训练均值参考,情感强度,语音,-0.014964178204536438,0.12207701935476342,是,否
v0667,训练均值参考,情感强度,视觉,-0.05177883803844452,0.4224091779039439,是,否
v0667,零参考,情感极性,文本,1.2523086269696553,0.7151463668223952,是,否
v0667,零参考,情感极性,语音,-0.0869648257891337,0.04966234190603279,是,否
v0667,零参考,情感极性,视觉,-0.41184867421785987,0.2351912912715721,是,否
v0667,零参考,情感强度,文本,0.21448820084333417,0.8630033940822698,是,否
v0667,零参考,情感强度,语音,-0.023698605597019196,0.09535245754699165,是,否
v0667,零参考,情感强度,视觉,0.010350108146667477,0.04164414837073858,是,否
v0668,训练均值参考,情感极性,文本,-0.2687988107403119,0.26896508816523235,是,是
v0668,训练均值参考,情感极性,语音,-0.3578354095419248,0.3580567645035785,是,是
v0668,训练均值参考,情感极性,视觉,-0.3727475677927335,0.3729781473311891,是,是
v0668,训练均值参考,情感强度,文本,-0.03869993487993876,0.2607058243748107,是,是
v0668,训练均值参考,情感强度,语音,-0.09621050457159677,0.6481312949406783,是,是
v0668,训练均值参考,情感强度,视觉,-0.013532484571139015,0.09116288068451103,是,是
v0668,零参考,情感极性,文本,0.9996110945940015,0.6522584012144808,是,是
v0668,零参考,情感极性,语音,-0.4093222767114639,0.26708776566523396,是,是
v0668,零参考,情感极性,视觉,-0.12360510230064392,0.0806538331202853,是,是
v0668,零参考,情感强度,文本,0.22225232546528179,0.6422784599666437,是,是
v0668,零参考,情感强度,语音,-0.08602348218361536,0.24859595750997568,是,是
v0668,零参考,情感强度,视觉,0.03776152556141218,0.10912558252338064,是,是
v0669,训练均值参考,情感极性,文本,2.945027103026708,0.837576137030045,是,否
v0669,训练均值参考,情感极性,语音,-0.0113367090622584,0.0032242002028576174,是,否
v0669,训练均值参考,情感极性,视觉,-0.5597668091456095,0.1591996627670975,是,否
v0669,训练均值参考,情感强度,文本,-0.8254406799872716,0.7902222830963211,是,否
v0669,训练均值参考,情感强度,语音,-0.129076046248277,0.1235688650103029,是,否
v0669,训练均值参考,情感强度,视觉,0.0900509829322497,0.08620885189337592,是,否
v0669,零参考,情感极性,文本,2.636345642308394,0.810695747397763,是,否
v0669,零参考,情感极性,语音,-0.03642463435729345,0.011200843963737732,是,否
v0669,零参考,情感极性,视觉,-0.5791841720541318,0.17810340863849933,是,否
v0669,零参考,情感强度,文本,-0.5879269738992055,0.662295686008373,是,否
v0669,零参考,情感强度,语音,-0.12785152842601138,0.14402386603313258,是,否
v0669,零参考,情感强度,视觉,0.17193220804135004,0.1936804479584945,是,否
v0670,训练均值参考,情感极性,文本,0.30520577977101004,0.11401598813893066,是,是
v0670,训练均值参考,情感极性,语音,1.5566260839502015,0.5815101576961492,是,是
v0670,训练均值参考,情感极性,视觉,0.8150363961855569,0.3044738541649201,是,是
v0670,训练均值参考,情感强度,文本,-0.0882261029134194,0.20357507607728903,是,是
v0670,训练均值参考,情感强度,语音,-0.2423488950977723,0.5592017909392639,是,是
v0670,训练均值参考,情感强度,视觉,-0.10280861953894296,0.23722313298344708,是,是
v0670,零参考,情感极性,文本,-0.9796404497077067,0.3091604659825194,是,是
v0670,零参考,情感极性,语音,1.549259383852283,0.48892402634300364,是,是
v0670,零参考,情感极性,视觉,0.6398120733598868,0.20191550767447694,是,是
v0670,零参考,情感强度,文本,0.10021644209822018,0.3235233325440301,是,是
v0670,零参考,情感强度,语音,-0.18352442855636278,0.5924620100921316,是,是
v0670,零参考,情感强度,视觉,-0.026024861882130303,0.08401465736383816,是,是
v0671,训练均值参考,情感极性,文本,2.5272452558080354,0.883372048458808,是,是
v0671,训练均值参考,情感极性,语音,-0.2644596075018247,0.09243907953793158,是,是
v0671,训练均值参考,情感极性,视觉,0.06920211265484492,0.024188872003260364,是,是
v0671,训练均值参考,情感强度,文本,1.0587732990582783,0.8081111821903108,是,是
v0671,训练均值参考,情感强度,语音,-0.034327502051989235,0.026200545753795417,是,是
v0671,训练均值参考,情感强度,视觉,0.21708190937836963,0.16568827205589376,是,是
v0671,零参考,情感极性,文本,3.8328929419318833,0.8488369241056789,是,是
v0671,零参考,情感极性,语音,-0.35888207455476123,0.07947844119230353,是,是
v0671,零参考,情感极性,视觉,0.3236894185344378,0.07168463470201741,是,是
v0671,零参考,情感强度,文本,1.328092765683929,0.8227291262693591,是,是
v0671,零参考,情感强度,语音,-0.025364280988772712,0.015712707180960444,是,是
v0671,零参考,情感强度,视觉,0.2607957168171803,0.16155816654968044,是,是
v0672,训练均值参考,情感极性,文本,2.249989302208026,0.8753333563067206,是,是
v0672,训练均值参考,情感极性,语音,-0.222455112884442,0.08654369174006218,是,是
v0672,训练均值参考,情感极性,视觉,0.09799264868100484,0.038122951953217216,是,是
v0672,训练均值参考,情感强度,文本,0.7949564854303995,0.7173625543458145,是,是
v0672,训练均值参考,情感强度,语音,-0.026927163203557335,0.024298862806977788,是,是
v0672,训练均值参考,情感强度,视觉,0.28628192345301307,0.2583385828472078,是,是
v0672,零参考,情感极性,文本,3.4477492893735566,0.8367650779666014,是,是
v0672,零参考,情感极性,语音,-0.26407990356286365,0.06409191114193287,是,是
v0672,零参考,情感极性,视觉,0.4085020447770754,0.09914301089146568,是,是
v0672,零参考,情感强度,文本,1.051825100556016,0.7455815575035084,是,是
v0672,零参考,情感强度,语音,-0.016651462763547897,0.011803315527833367,是,是
v0672,零参考,情感强度,视觉,0.34226796217262745,0.2426151269686582,是,是
v0673,训练均值参考,情感极性,文本,2.991071328520775,0.6661119113373746,是,是
v0673,训练均值参考,情感极性,语音,-0.4108618348836899,0.09149897547421681,是,是
v0673,训练均值参考,情感极性,视觉,-1.0884103924036026,0.24238911318840856,是,是
v0673,训练均值参考,情感强度,文本,-0.5569450668990612,0.7885298575511952,是,是
v0673,训练均值参考,情感强度,语音,-0.016031686216592796,0.022697863757120722,是,是
v0673,训练均值参考,情感强度,视觉,0.13333139941096303,0.18877227869168403,是,是
v0673,零参考,情感极性,文本,2.785201733311017,0.6281535351119273,是,是
v0673,零参考,情感极性,语音,-0.4883023599783579,0.1101280564188313,是,是
v0673,零参考,情感极性,视觉,-1.1604464898506799,0.2617184084692414,是,是
v0673,零参考,情感强度,文本,-0.34000318186978495,0.6024027037932397,是,是
v0673,零参考,情感强度,语音,0.0062416506310303994,0.011058682438170535,是,是
v0673,零参考,情感强度,视觉,0.2181669467439254,0.3865386137685898,是,是
v0674,训练均值参考,情感极性,文本,2.851725850254297,0.6718472902957314,是,是
v0674,训练均值参考,情感极性,语音,-0.26704367995262146,0.0629136818150912,是,是
v0674,训练均值参考,情感极性,视觉,-1.1258346997201443,0.2652390278891773,是,是
v0674,训练均值参考,情感强度,文本,-0.6373053391774496,0.7208013070076724,是,是
v0674,训练均值参考,情感强度,语音,-0.07535151143868764,0.08522361981167513,是,是
v0674,训练均值参考,情感强度,视觉,0.17150544623533884,0.19397507318065246,是,是
v0674,零参考,情感极性,文本,2.61590193832914,0.6337512007722401,是,是
v0674,零参考,情感极性,语音,-0.30679918577273685,0.07432784445414224,是,是
v0674,零参考,情感极性,视觉,-1.2049469736715157,0.2919209547736177,是,是
v0674,零参考,情感强度,文本,-0.4350399492929379,0.5888169698941107,是,是
v0674,零参考,情感强度,语音,-0.04342927287022272,0.058780562331598646,是,是
v0674,零参考,情感强度,视觉,0.2603680932273467,0.35240246777429074,是,是
v0675,训练均值参考,情感极性,文本,2.651814393699169,0.7383906097775679,是,是
v0675,训练均值参考,情感极性,语音,-0.31978701800107956,0.08904383797818481,是,是
v0675,训练均值参考,情感极性,视觉,-0.6197421923279762,0.17256555224424736,是,是
v0675,训练均值参考,情感强度,文本,0.9574778129657109,0.7701239032343783,是,是
v0675,训练均值参考,情感强度,语音,-0.09431337813536325,0.07585866315988143,是,是
v0675,训练均值参考,情感强度,视觉,-0.19148642818133035,0.15401743360574008,是,是
v0675,零参考,情感极性,文本,3.9701166270921626,0.833840875126506,是,是
v0675,零参考,情感极性,语音,-0.344153789182504,0.07228238455055856,是,是
v0675,零参考,情感极性,视觉,-0.44696970221896964,0.09387674032293548,是,是
v0675,零参考,情感强度,文本,1.1823494030783572,0.8631451762428407,是,是
v0675,零参考,情感强度,语音,-0.07357319196065266,0.05371030388841606,是,是
v0675,零参考,情感强度,视觉,-0.11389262912174065,0.08314451986874336,是,是
v0676,训练均值参考,情感极性,文本,1.3340755018095174,0.46825760478269757,是,是
v0676,训练均值参考,情感极性,语音,-0.4023654957612355,0.14122941545422407,是,是
v0676,训练均值参考,情感极性,视觉,-1.1125794736047585,0.39051297976307836,是,是
v0676,训练均值参考,情感强度,文本,0.41962265471617377,0.4939674034554471,是,是
v0676,训练均值参考,情感强度,语音,-0.0992175688346227,0.1167959935040934,是,是
v0676,训练均值参考,情感强度,视觉,-0.3306544025739034,0.38923660304045954,是,是
v0676,零参考,情感极性,文本,2.6321639859428005,0.6613852619896671,是,是
v0676,零参考,情感极性,语音,-0.4393782286594311,0.11040280409063717,是,是
v0676,零参考,情感极性,视觉,-0.9082319612304369,0.22821193391969585,是,是
v0676,零参考,情感强度,文本,0.6347762004782755,0.6624875698528332,是,是
v0676,零参考,情感强度,语音,-0.08129071506361166,0.08483948867886751,是,是
v0676,零参考,情感强度,视觉,-0.2421038175622622,0.25267294146829933,是,是
v0677,训练均值参考,情感极性,文本,1.3476343589524427,0.4955264904995938,是,是
v0677,训练均值参考,情感极性,语音,-0.483539601167043,0.17779799096999255,是,是
v0677,训练均值参考,情感极性,视觉,-0.8884270799656708,0.32667551853041366,是,是
v0677,训练均值参考,情感强度,文本,0.4691650321086247,0.5448721295964967,是,是
v0677,训练均值参考,情感强度,语音,-0.13360958049694696,0.15516957078551155,是,是
v0677,训练均值参考,情感强度,视觉,-0.25828068206707633,0.29995829961799175,是,是
v0677,零参考,情感极性,文本,2.7472665775567293,0.67785062709251,是,是
v0677,零参考,情感极性,语音,-0.58522904291749,0.14439729911000182,是,是
v0677,零参考,情感极性,视觉,-0.7204128932207823,0.17775207379748822,是,是
v0677,零参考,情感强度,文本,0.6995998695492743,0.699862330187318,是,是
v0677,零参考,情感强度,语音,-0.11677640117704868,0.11682021080322989,是,是
v0677,零参考,情感强度,视觉,-0.1832487117499113,0.18331745900945204,是,是
v0678,训练均值参考,情感极性,文本,0.7779946178197861,0.43414019321326486,是,是
v0678,训练均值参考,情感极性,语音,0.3496980592608452,0.19514014562112825,是,是
v0678,训练均值参考,情感极性,视觉,0.6643427759408951,0.3707196611656069,是,是
v0678,训练均值参考,情感强度,文本,-0.15366238852341968,0.44089864621052977,是,是
v0678,训练均值参考,情感强度,语音,-0.06242711593707402,0.17912015534815656,是,是
v0678,训练均值参考,情感强度,视觉,-0.13243138541777927,0.3799811984413137,是,是
v0678,零参考,情感极性,文本,-0.38562058967848617,0.35092275939300865,是,是
v0678,零参考,情感极性,语音,0.42857452916602296,0.39001173797772165,是,是
v0678,零参考,情感极性,视觉,0.2846808570126692,0.2590655026292698,是,是
v0678,零参考,情感强度,文本,0.07931653596460818,0.42443823215492155,是,是
v0678,零参考,情感强度,语音,-0.05427673272788524,0.2904453681190537,是,是
v0678,零参考,情感强度,视觉,-0.05328088626265526,0.28511639972602476,是,是
v0679,训练均值参考,情感极性,文本,4.686944931745529,0.8929508992018427,是,是
v0679,训练均值参考,情感极性,语音,-0.22106242179870603,0.04211653672051485,是,是
v0679,训练均值参考,情感极性,视觉,0.3408198058605194,0.06493256407764249,是,是
v0679,训练均值参考,情感强度,文本,-1.4724140564600625,0.8798151487758359,是,是
v0679,训练均值参考,情感强度,语音,0.13739651938279468,0.08209887606797263,是,是
v0679,训练均值参考,情感强度,视觉,-0.0637387583653132,0.0380859751561915,是,是
v0679,零参考,情感极性,文本,3.164807928105195,0.8816779071029771,是,是
v0679,零参考,情感极性,语音,-0.2988546217481295,0.08325734876071898,是,是
v0679,零参考,情感极性,视觉,0.12586589654286703,0.035064744136303935,是,是
v0679,零参考,情感强度,文本,-1.2066396040221055,0.9053395093886175,是,是
v0679,零参考,情感强度,语音,0.12486811789373556,0.0936883226900313,是,是
v0679,零参考,情感强度,视觉,0.0012957087407509463,0.0009721679213510341,是,是
v0680,训练均值参考,情感极性,文本,1.3586114371816316,0.5731311141308084,是,否
v0680,训练均值参考,情感极性,语音,-0.20466492821772891,0.08633803243719286,是,否
v0680,训练均值参考,情感极性,视觉,-0.8072308426102002,0.34053085343199874,是,否
v0680,训练均值参考,情感强度,文本,0.4556468824545542,0.6245555529668717,是,否
v0680,训练均值参考,情感强度,语音,-0.04114331056674321,0.056395169310662324,是,否
v0680,训练均值参考,情感强度,视觉,-0.23276361574729282,0.31904927772246605,是,否
v0680,零参考,情感极性,文本,2.67107353421549,0.7570095377582045,是,否
v0680,零参考,情感极性,语音,-0.21452637140949565,0.060798966100102,是,否
v0680,零参考,情感极性,视觉,-0.6428543621053298,0.18219149614169353,是,否
v0680,零参考,情感强度,文本,0.7090889718383551,0.7767292692781991,是,否
v0680,零参考,情感强度,语音,-0.03928739205002785,0.04303503302237318,是,否
v0680,零参考,情感强度,视觉,-0.16454014368355274,0.18023569769942777,是,否
v0681,训练均值参考,情感极性,文本,1.194772516687711,0.5557961025995126,是,否
v0681,训练均值参考,情感极性,语音,0.19810536627968153,0.09215661470649263,是,否
v0681,训练均值参考,情感极性,视觉,0.7567818773289521,0.35204728269399466,是,否
v0681,训练均值参考,情感强度,文本,-0.28726283585031825,0.7472274504979715,是,否
v0681,训练均值参考,情感强度,语音,-0.01668318857749303,0.043396273068308164,是,否
v0681,训练均值参考,情感强度,视觉,-0.08049225558837253,0.20937627643372045,是,否
v0681,零参考,情感极性,文本,-0.08268509432673454,0.09713621693843563,是,否
v0681,零参考,情感极性,语音,0.18818840570747852,0.22107865935141752,是,否
v0681,零参考,情感极性,视觉,0.5803547743707895,0.6817851237101469,是,否
v0681,零参考,情感强度,文本,-0.06808564936121304,0.956637158182683,是,否
v0681,零参考,情感强度,语音,0.0023625722775856657,0.03319531282782015,是,否
v0681,零参考,情感强度,视觉,0.0007236419866482411,0.010167528989496749,是,否
v0682,训练均值参考,情感极性,文本,2.8149423375725746,0.7754856426043479,是,是
v0682,训练均值参考,情感极性,语音,-0.2516227886080742,0.06931930978234455,是,是
v0682,训练均值参考,情感极性,视觉,-0.5633439049124718,0.15519504761330752,是,是
v0682,训练均值参考,情感强度,文本,1.1345426191886265,0.9111483371675209,是,是
v0682,训练均值参考,情感强度,语音,-0.0687516282002131,0.05521426048937958,是,是
v0682,训练均值参考,情感强度,视觉,-0.04188458124796549,0.03363740234309944,是,是
v0682,零参考,情感极性,文本,4.139195969949165,0.8598218784618574,是,是
v0682,零参考,情感极性,语音,-0.32297503513594467,0.06709056624112505,是,是
v0682,零参考,情感极性,视觉,-0.3518446342398723,0.07308755529701763,是,是
v0682,零参考,情感强度,文本,1.3614930901676416,0.9370216615969668,是,是
v0682,零参考,情感强度,语音,-0.05440722033381462,0.0374447320873189,是,是
v0682,零参考,情感强度,视觉,0.03710034675896168,0.025533606315714327,是,是
v0683,训练均值参考,情感极性,文本,3.8338137641549106,0.9178446139429773,是,否
v0683,训练均值参考,情感极性,语音,-0.3417009636759758,0.08180584879251498,是,否
v0683,训练均值参考,情感极性,视觉,0.0014600083231925964,0.0003495372645075869,是,否
v0683,训练均值参考,情感强度,文本,-1.256251332660516,0.9149988239663468,是,否
v0683,训练均值参考,情感强度,语音,-0.11229306211074193,0.08178938171019237,是,否
v0683,训练均值参考,情感强度,视觉,-0.004409645994504288,0.003211794323460979,是,否
v0683,零参考,情感极性,文本,3.4638620242476463,0.8834263932209285,是,否
v0683,零参考,情感极性,语音,-0.3905174732208252,0.0995979171347499,是,否
v0683,零参考,情感极性,视觉,0.06656066328287127,0.01697568964432161,是,否
v0683,零参考,情感强度,文本,-1.0518453003217776,0.8737890388954984,是,否
v0683,零参考,情感强度,语音,-0.07580967744191487,0.06297662324553246,是,否
v0683,零参考,情感强度,视觉,0.07611990782121816,0.06323433785896915,是,否
v0684,训练均值参考,情感极性,文本,3.3397617414593697,0.8425032145233852,是,是
v0684,训练均值参考,情感极性,语音,-0.5695988163352013,0.1436895416202433,是,是
v0684,训练均值参考,情感极性,视觉,-0.05473320931196213,0.013807243856371472,是,是
v0684,训练均值参考,情感强度,文本,-0.8189317186673482,0.7926587830243619,是,是
v0684,训练均值参考,情感强度,语音,0.03285561005274454,0.031801537645057706,是,是
v0684,训练均值参考,情感强度,视觉,-0.18135799964268998,0.17553967933058032,是,是
v0684,零参考,情感极性,文本,3.0391997396945953,0.8176282341510469,是,是
v0684,零参考,情感极性,语音,-0.6517040729522705,0.17532630165681556,是,是
v0684,零参考,情感极性,视觉,-0.026188641786575317,0.007045464192137504,是,是
v0684,零参考,情感强度,文本,-0.6218566956619421,0.8156988771767621,是,是
v0684,零参考,情感强度,语音,0.058540714283784226,0.07678874448650702,是,是
v0684,零参考,情感强度,视觉,-0.08196320260564485,0.10751237833673079,是,是
v0685,训练均值参考,情感极性,文本,3.2215824847420054,0.7954739100299791,是,是
v0685,训练均值参考,情感极性,语音,-0.33203576753536856,0.08198635034866006,是,是
v0685,训练均值参考,情感极性,视觉,-0.496272566417853,0.12253973962136085,是,是
v0685,训练均值参考,情感强度,文本,-0.7176571587721506,0.8944009037689216,是,是
v0685,训练均值参考,情感强度,语音,-0.016295688847700752,0.020308971567784606,是,是
v0685,训练均值参考,情感强度,视觉,0.06843583037455876,0.08529012466329382,是,是
v0685,零参考,情感极性,文本,2.9522556215524673,0.7637920695767633,是,是
v0685,零参考,情感极性,语音,-0.42456792294979095,0.10984198325455385,是,是
v0685,零参考,情感极性,视觉,-0.48843735456466675,0.12636594716868288,是,是
v0685,零参考,情感强度,文本,-0.49479512621959043,0.7576820511672191,是,是
v0685,零参考,情感强度,语音,-0.0034841050704320295,0.005335226109473608,是,是
v0685,零参考,情感强度,视觉,0.15475870917240778,0.2369827227233073,是,是
v0686,训练均值参考,情感极性,文本,0.5246601862212021,0.27497611135037425,是,是
v0686,训练均值参考,情感极性,语音,-0.3979141513506571,0.20854810192050036,是,是
v0686,训练均值参考,情感极性,视觉,-0.9854466306666533,0.5164757867291254,是,是
v0686,训练均值参考,情感强度,文本,0.14011257886886594,0.32005556690923287,是,是
v0686,训练均值参考,情感强度,语音,-0.08726412802934647,0.19933520739356314,是,是
v0686,训练均值参考,情感强度,视觉,-0.2103990837931633,0.48060922569720393,是,是
v0686,零参考,情感极性,文本,1.7811281705896058,0.6029159910706446,是,是
v0686,零参考,情感极性,语音,-0.5002679483344157,0.16934185357984502,是,是
v0686,零参考,情感极性,视觉,-0.6727935144056876,0.22774215534951034,是,是
v0686,零参考,情感强度,文本,0.3884188259641329,0.6355934368302413,是,是
v0686,零参考,情感强度,语音,-0.08373941232760747,0.13702791245335647,是,是
v0686,零参考,情感强度,视觉,-0.13895383973916373,0.22737865071640231,是,是
v0687,训练均值参考,情感极性,文本,1.5134506647785506,0.5460994893657084,是,是
v0687,训练均值参考,情感极性,语音,-0.2597286726037661,0.09371808330686732,是,是
v0687,训练均值参考,情感极性,视觉,-0.9982033396760621,0.3601824273274243,是,是
v0687,训练均值参考,情感强度,文本,0.5257607648770014,0.5866579647734608,是,是
v0687,训练均值参考,情感强度,语音,-0.05455087622006734,0.0608693309919399,是,是
v0687,训练均值参考,情感强度,视觉,-0.3158847739299138,0.3524727042345993,是,是
v0687,零参考,情感极性,文本,2.720170309146245,0.7314730977524561,是,是
v0687,零参考,情感极性,语音,-0.32794333870212233,0.0881862907778792,是,是
v0687,零参考,情感极性,视觉,-0.6706428142885367,0.18034061146966482,是,是
v0687,零参考,情感强度,文本,0.773654809842507,0.7233452695818975,是,是
v0687,零参考,情感强度,语音,-0.05942775060733159,0.05556325862235235,是,是
v0687,零参考,情感强度,视觉,-0.236468651642402,0.22109147179575014,是,是
v0688,训练均值参考,情感极性,文本,0.6779837273061275,0.3027148730556683,是,是
v0688,训练均值参考,情感极性,语音,-0.334431204944849,0.14932113511482975,是,是
v0688,训练均值参考,情感极性,视觉,-1.2272626906633377,0.547963991829502,是,是
v0688,训练均值参考,情感强度,文本,0.22751278926928836,0.36133391789158537,是,是
v0688,训练均值参考,情感强度,语音,-0.07211142281691232,0.1145267613959533,是,是
v0688,训练均值参考,情感强度,视觉,-0.3300227100650469,0.5241393207124613,是,是
v0688,零参考,情感极性,文本,1.915459414323171,0.5894861937287342,是,是
v0688,零参考,情感极性,语音,-0.42494283678630984,0.1307769475752459,是,是
v0688,零参考,情感极性,视觉,-0.9089688702176014,0.27973685869601983,是,是
v0688,零参考,情感强度,文本,0.4578877463936806,0.5954498391839386,是,是
v0688,零参考,情感强度,语音,-0.07163674384355545,0.09315839512471129,是,是
v0688,零参考,情感强度,视觉,-0.23945337533950806,0.3113917656913502,是,是
v0689,训练均值参考,情感极性,文本,2.892855073014895,0.7537878984321877,是,是
v0689,训练均值参考,情感极性,语音,-0.3705997218688329,0.09656674062690677,是,是
v0689,训练均值参考,情感极性,视觉,-0.5743025888999304,0.1496453609409054,是,是
v0689,训练均值参考,情感强度,文本,1.1944634417692819,0.8775121700008618,是,是
v0689,训练均值参考,情感强度,语音,-0.0679380272825559,0.049910649134633514,是,是
v0689,训练均值参考,情感强度,视觉,-0.09879155208667119,0.07257718086450475,是,是
v0689,零参考,情感极性,文本,4.216823096697529,0.8402964987233351,是,是
v0689,零参考,情感极性,语音,-0.45191190826396144,0.09005357482105122,是,是
v0689,零参考,情感极性,视觉,-0.34952117378513015,0.06964992645561349,是,是
v0689,零参考,情感强度,文本,1.4058675548682609,0.9629556453669971,是,是
v0689,零参考,情感强度,语音,-0.04357183103760083,0.02984473219496582,是,是
v0689,零参考,情感强度,视觉,-0.010511092220743496,0.007199622438037236,是,是
v0690,训练均值参考,情感极性,文本,2.2466049417853355,0.6264548810457368,是,是
v0690,训练均值参考,情感极性,语音,-0.2168418690562248,0.0604653024476131,是,是
v0690,训练均值参考,情感极性,视觉,-1.1227730587124825,0.3130798165066501,是,是
v0690,训练均值参考,情感强度,文本,0.7781050528089205,0.6607881980209303,是,是
v0690,训练均值参考,情感强度,语音,-0.01326071967681249,0.011261367636759756,是,是
v0690,训练均值参考,情感强度,视觉,-0.3861750115950902,0.32795043434230997,是,是
v0690,零参考,情感极性,文本,3.4511592686176296,0.7612848428432868,是,是
v0690,零参考,情感极性,语音,-0.3208404704928398,0.07077360624238681,是,是
v0690,零参考,情感极性,视觉,-0.7613353207707405,0.16794155091432625,是,是
v0690,零参考,情感强度,文本,1.0051077591876187,0.7643609885491328,是,是
v0690,零参考,情感强度,语音,-0.03402241816123326,0.02587325482351382,是,是
v0690,零参考,情感强度,视觉,-0.2758345765372117,0.20976575662735342,是,是
v0691,训练均值参考,情感极性,文本,0.9034327417612076,0.37866296546563816,是,是
v0691,训练均值参考,情感极性,语音,-0.24159128963947296,0.10126008272315958,是,是
v0691,训练均值参考,情感极性,视觉,-1.2408251911401749,0.5200769518112023,是,是
v0691,训练均值参考,情感强度,文本,0.1857417101661364,0.33722943218554935,是,是
v0691,训练均值参考,情感强度,语音,-0.037656520803769425,0.06836852701194572,是,是
v0691,训练均值参考,情感强度,视觉,-0.32738913347323734,0.5944020408025049,是,是
v0691,零参考,情感极性,文本,2.1393230222165585,0.6308727700795093,是,是
v0691,零参考,情感极性,语音,-0.30681719072163105,0.09047844061343188,是,是
v0691,零参考,情感极性,视觉,-0.9449128229171038,0.27864878930705883,是,是
v0691,零参考,情感强度,文本,0.42109349804619944,0.6029051847832068,是,是
v0691,零参考,情感强度,语音,-0.0376408373316129,0.05389267726076571,是,是
v0691,零参考,情感强度,视觉,-0.23970632938047248,0.3432021379560276,是,是
v0692,训练均值参考,情感极性,文本,1.9972247531016665,0.5321609240730165,是,是
v0692,训练均值参考,情感极性,语音,-0.5687993417183558,0.15155669527472326,是,是
v0692,训练均值参考,情感极性,视觉,-1.1870225171248117,0.3162823806522603,是,是
v0692,训练均值参考,情感强度,文本,0.62293391674757,0.5460562230755103,是,是
v0692,训练均值参考,情感强度,语音,-0.12731488794088364,0.1116026676043915,是,是
v0692,训练均值参考,情感强度,视觉,-0.3905383348464966,0.34234110932009826,是,是
v0692,零参考,情感极性,文本,3.2253732389460006,0.6799376256385082,是,是
v0692,零参考,情感极性,语音,-0.6456013110776742,0.1360985504755752,是,是
v0692,零参考,情感极性,视觉,-0.872656508659323,0.18396382388591656,是,是
v0692,零参考,情感强度,文本,0.8172723383953173,0.676848318251778,是,是
v0692,零参考,情感强度,语音,-0.11388630668322244,0.09431832148118009,是,是
v0692,零参考,情感强度,视觉,-0.27630884262422717,0.22883336026704185,是,是
v0693,训练均值参考,情感极性,文本,0.2842811656494935,0.14240437463062652,是,否
v0693,训练均值参考,情感极性,语音,0.644089409460624,0.32264237186060346,是,否
v0693,训练均值参考,情感极性,视觉,1.0679245976110299,0.5349532535087701,是,否
v0693,训练均值参考,情感强度,文本,-0.12377201641599335,0.33401043953263526,是,否
v0693,训练均值参考,情感强度,语音,-0.11737551043430963,0.3167488659049212,是,否
v0693,训练均值参考,情感强度,视觉,-0.12941579023996988,0.34924069456244344,是,否
v0693,零参考,情感极性,文本,-1.0136158410459757,0.39549174844961055,是,否
v0693,零参考,情感极性,语音,0.7614852096885442,0.29711563770300287,是,否
v0693,零参考,情感极性,视觉,0.7878243327140808,0.30739261384738653,是,否
v0693,零参考,情感强度,文本,0.07471797429025173,0.36243558834073974,是,否
v0693,零参考,情感强度,语音,-0.09090998768806456,0.4409784283735843,是,否
v0693,零参考,情感强度,视觉,-0.040527218952775,0.19658598328567586,是,否
v0694,训练均值参考,情感极性,文本,2.6356661804020405,0.8837840481384659,是,是
v0694,训练均值参考,情感极性,语音,-0.15289546176791188,0.05126846910583844,是,是
v0694,训练均值参考,情感极性,视觉,-0.19368971884250638,0.06494748275569559,是,是
v0694,训练均值参考,情感强度,文本,1.0977447082599003,0.9485383895311363,是,是
v0694,训练均值参考,情感强度,语音,0.016699736316998802,0.014429895104509434,是,是
v0694,训练均值参考,情感强度,视觉,-0.04285685221354166,0.03703171536435424,是,是
v0694,零参考,情感极性,文本,3.9614573369423542,0.9436347206862402,是,是
v0694,零参考,情感极性,语音,-0.22164498021205264,0.05279670616252077,是,是
v0694,零参考,情感极性,视觉,0.014981168011824291,0.003568573151239055,是,是
v0694,零参考,情感强度,文本,1.3674386013299227,0.9812386734350675,是,是
v0694,零参考,情感强度,语音,0.016553428024053574,0.011878313029431787,是,是
v0694,零参考,情感强度,视觉,0.009592058137059213,0.006883013535500718,是,是
v0695,训练均值参考,情感极性,文本,-0.5797420640786488,0.4268709832871156,是,是
v0695,训练均值参考,情感极性,语音,0.18292293945948282,0.13468833791961293,是,是
v0695,训练均值参考,情感极性,视觉,-0.5954551001389821,0.4384406787932716,是,是
v0695,训练均值参考,情感强度,文本,0.06662356853485107,0.24189189159944852,是,是
v0695,训练均值参考,情感强度,语音,0.04599510133266449,0.16699558895357808,是,是
v0695,训练均值参考,情感强度,视觉,-0.1628083735704422,0.5911125194469734,是,是
v0695,零参考,情感极性,文本,1.0277528191606202,0.6006393108091888,是,是
v0695,零参考,情感极性,语音,0.24209010104338327,0.1414822987916316,是,是
v0695,零参考,情感极性,视觉,-0.4412552391489346,0.2578783903991796,是,是
v0695,零参考,情感强度,文本,0.353175750002265,0.7036468698886413,是,是
v0695,零参考,情感强度,语音,0.0340779609978199,0.06789495198396095,是,是
v0695,零参考,情感强度,视觉,-0.11466815508902072,0.22845817812739763,是,是
v0696,训练均值参考,情感极性,文本,1.005499837299188,0.5610110908959959,是,否
v0696,训练均值参考,情感极性,语音,-0.3782233620683352,0.2110268874098,是,否
v0696,训练均值参考,情感极性,视觉,-0.408576192955176,0.22796202169420413,是,否
v0696,训练均值参考,情感强度,文本,0.0854698916276296,0.4485137764623295,是,否
v0696,训练均值参考,情感强度,语音,-0.03799196581045786,0.19936751686915347,是,否
v0696,训练均值参考,情感强度,视觉,-0.06710060934225719,0.35211870666851697,是,否
v0696,零参考,情感极性,文本,2.221800222992897,0.8053401152173469,是,否
v0696,零参考,情感极性,语音,-0.3689747229218483,0.13374296338394054,是,否
v0696,零参考,情感极性,视觉,-0.16805971413850784,0.060916921398712534,是,否
v0696,零参考,情感强度,文本,0.3335172161459923,0.9156930303006872,是,否
v0696,零参考,情感强度,语音,-0.02125648409128189,0.05836104821216786,是,否
v0696,零参考,情感强度,视觉,-0.009450122714042664,0.025945921487144988,是,否
v0697,训练均值参考,情感极性,文本,2.5047115360697108,0.8900200600126734,是,是
v0697,训练均值参考,情感极性,语音,-0.1313598776857058,0.04667720196016833,是,是
v0697,训练均值参考,情感极性,视觉,-0.17814778039852774,0.06330273802715833,是,是
v0697,训练均值参考,情感强度,文本,1.0172793914874394,0.963454621141561,是,是
v0697,训练均值参考,情感强度,语音,-0.009855295221010843,0.009333846535034693,是,是
v0697,训练均值参考,情感强度,视觉,-0.028731743494669594,0.02721153232340419,是,是
v0697,零参考,情感极性,文本,3.8286467989285784,0.9484264911232223,是,是
v0697,零参考,情感极性,语音,-0.18753011027971903,0.04645467023030628,是,是
v0697,零参考,情感极性,视觉,0.020663936932881672,0.005118838646471374,是,是
v0697,零参考,情感强度,文本,1.2873656178514161,0.9660218576586412,是,是
v0697,零参考,情感强度,语音,-0.015451920529206593,0.01159491349390742,是,是
v0697,零参考,情感强度,视觉,0.02982893089453379,0.022383228847451288,是,是
v0698,训练均值参考,情感极性,文本,2.437823397417863,0.7156619868664837,是,是
v0698,训练均值参考,情感极性,语音,-0.7397063250343004,0.21715260376632298,是,是
v0698,训练均值参考,情感极性,视觉,-0.22885966549317038,0.06718540936719333,是,是
v0698,训练均值参考,情感强度,文本,0.8916314169764518,0.7943056025237722,是,是
v0698,训练均值参考,情感强度,语音,-0.22042111307382584,0.19636109909941601,是,是
v0698,训练均值参考,情感强度,视觉,-0.010476902127265923,0.009333298376811607,是,是
v0698,零参考,情感极性,文本,3.7416793505350743,0.8215706984451608,是,是
v0698,零参考,情感极性,语音,-0.8094884951909382,0.1777415876863517,是,是
v0698,零参考,情感极性,视觉,0.003132055203119915,0.0006877138684874348,是,是
v0698,零参考,情感强度,文本,1.1186388209462166,0.841985296248671,是,是
v0698,零参考,情感强度,语音,-0.1727030873298645,0.12999143014319495,是,是
v0698,零参考,情感强度,视觉,0.0372309610247612,0.028023273608134034,是,是
v0699,训练均值参考,情感极性,文本,2.9419271871447563,0.7913134220218331,是,是
v0699,训练均值参考,情感极性,语音,-0.5026487186551094,0.13520140109922202,是,是
v0699,训练均值参考,情感极性,视觉,-0.2732015326619148,0.07348517687894496,是,是
v0699,训练均值参考,情感强度,文本,1.1603501066565514,0.9200034945346237,是,是
v0699,训练均值参考,情感强度,语音,-0.09189609438180922,0.07286139543603475,是,是
v0699,训练均值参考,情感强度,视觉,-0.00899912416934967,0.007135110029341544,是,是
v0699,零参考,情感极性,文本,4.235503348211447,0.8749000796768829,是,是
v0699,零参考,情感极性,语音,-0.5517605965336163,0.11397355879170136,是,是
v0699,零参考,情感极性,视觉,-0.05386414130528767,0.011126361531415893,是,是
v0699,零参考,情感强度,文本,1.364543863882621,0.9381764220544315,是,是
v0699,零参考,情感强度,语音,-0.0377851507316033,0.025978745321749753,是,是
v0699,零参考,情感强度,视觉,0.05213501987357934,0.035844832623818663,是,是
v0700,训练均值参考,情感极性,文本,0.7244979230066141,0.5031012841498822,是,是
v0700,训练均值参考,情感极性,语音,0.457535454382499,0.31771888825944045,是,是
v0700,训练均值参考,情感极性,视觉,0.25803037484486896,0.17917982759067747,是,是
v0700,训练均值参考,情感强度,文本,-0.1424861351648966,0.4921105847978497,是,是
v0700,训练均值参考,情感强度,语音,-0.0901168460647265,0.3112404850179132,是,是
v0700,训练均值参考,情感强度,视觉,-0.05693790564934412,0.1966489301842371,是,是
v0700,零参考,情感极性,文本,-0.6000807955861092,0.5095459598777957,是,是
v0700,零参考,情感极性,语音,0.5670835226774216,0.48152702105942435,是,是
v0700,零参考,情感极性,视觉,0.010513149201869968,0.008927019062779883,是,是
v0700,零参考,情感强度,文本,0.11901592401166755,0.566599709128129,是,是
v0700,零参考,情感强度,语音,-0.08441145593921343,0.4018580436139915,是,是
v0700,零参考,情感强度,视觉,-0.006625541175405184,0.031542247257879526,是,是
v0701,训练均值参考,情感极性,文本,0.3700358221928278,0.20371301122148572,是,否
v0701,训练均值参考,情感极性,语音,-0.32512649272878963,0.17898941910318097,是,否
v0701,训练均值参考,情感极性,视觉,-1.1212941793104012,0.6172975696753333,是,否
v0701,训练均值参考,情感强度,文本,0.13345945129791895,0.2724251142461506,是,否
v0701,训练均值参考,情感强度,语音,-0.07626731445391972,0.15568123239901374,是,否
v0701,训练均值参考,情感强度,视觉,-0.28016731639703113,0.5718936533548357,是,否
v0701,零参考,情感极性,文本,1.5900046595682698,0.5697267298518319,是,否
v0701,零参考,情感极性,语音,-0.35438245038191474,0.12698148609689555,是,否
v0701,零参考,情感极性,视觉,-0.8464327274511257,0.30329178405127255,是,否
v0701,零参考,情感强度,文本,0.34808636953433353,0.5827417096458408,是,否
v0701,零参考,情感强度,语音,-0.06056131670872371,0.1013874955358282,是,否
v0701,零参考,情感强度,视觉,-0.18867761890093482,0.3158707948183309,是,否
v0702,训练均值参考,情感极性,文本,-0.7101779074097673,0.630064609223907,是,否
v0702,训练均值参考,情感极性,语音,0.3479288614665468,0.30867992350985896,是,否
v0702,训练均值参考,情感极性,视觉,-0.06904415662089983,0.06125546726623389,是,否
v0702,训练均值参考,情感强度,文本,-0.3289056817690531,0.7356074423277598,是,否
v0702,训练均值参考,情感强度,语音,-0.05195958601931731,0.11620917574454484,是,否
v0702,训练均值参考,情感强度,视觉,-0.06625593143204847,0.14818338192769528,是,否
v0702,零参考,情感极性,文本,-0.44328384194523096,0.4628215650451691,是,否
v0702,零参考,情感极性,语音,0.44014499988406897,0.4595443786067875,是,否
v0702,零参考,情感极性,视觉,-0.07435678318142891,0.07763405634804342,是,否
v0702,零参考,情感强度,文本,-0.0762439351528883,0.6075687682098893,是,否
v0702,零参考,情感强度,语音,-0.0421486422419548,0.3358719430904622,是,否
v0702,零参考,情感强度,视觉,-0.0070976372808218,0.05655928869964852,是,否
v0703,训练均值参考,情感极性,文本,3.286419353137413,0.84858598318142,是,是
v0703,训练均值参考,情感极性,语音,-0.43720693265398336,0.11289115445529711,是,是
v0703,训练均值参考,情感极性,视觉,-0.149192047615846,0.038522862363282936,是,是
v0703,训练均值参考,情感强度,文本,-1.1709147741397221,0.8400148965846919,是,是
v0703,训练均值参考,情感强度,语音,-0.11329179753859836,0.08127559724677584,是,是
v0703,训练均值参考,情感强度,视觉,0.10971486816803615,0.07870950616853224,是,是
v0703,零参考,情感极性,文本,2.985740426927805,0.8243725667039824,是,是
v0703,零参考,情感极性,语音,-0.49239396676421165,0.13595156315334428,是,是
v0703,零参考,情感极性,视觉,-0.14369940757751465,0.03967587014267328,是,是
v0703,零参考,情感强度,文本,-0.9309048075228928,0.7716516918613872,是,是
v0703,零参考,情感强度,语音,-0.1018336396664381,0.08441260556609316,是,是
v0703,零参考,情感强度,视觉,0.17364108562469482,0.14393570257251964,是,是
v0704,训练均值参考,情感极性,文本,1.2753815973798432,0.4698812123709459,是,否
v0704,训练均值参考,情感极性,语音,-0.7579286669691403,0.2792391247120115,是,否
v0704,训练均值参考,情感极性,视觉,-0.6809536044796307,0.2508796629170426,是,否
v0704,训练均值参考,情感强度,文本,0.38335803151130676,0.48975342598854277,是,否
v0704,训练均值参考,情感强度,语音,-0.21711792796850204,0.27737582188354726,是,否
v0704,训练均值参考,情感强度,视觉,-0.1822812631726265,0.23287075212790997,是,否
v0704,零参考,情感极性,文本,2.569868901744485,0.6697636988316336,是,否
v0704,零参考,情感极性,语音,-0.8499075341969728,0.22150437844600812,是,否
v0704,零参考,情感极性,视觉,-0.41720204800367355,0.1087319227223583,是,否
v0704,零参考,情感强度,文本,0.6144376254330078,0.666240039531268,是,否
v0704,零参考,情感强度,语音,-0.1914968838294347,0.20764172988710888,是,否
v0704,零参考,情感强度,视觉,-0.1163121120383342,0.12611823058162308,是,否
v0705,训练均值参考,情感极性,文本,2.848876563211282,0.8367532113924951,是,是
v0705,训练均值参考,情感极性,语音,-0.3039849127332369,0.08928444118255718,是,是
v0705,训练均值参考,情感极性,视觉,-0.2518180931607882,0.07396234742494777,是,是
v0705,训练均值参考,情感强度,文本,1.1635636488596597,0.9389401092375813,是,是
v0705,训练均值参考,情感强度,语音,-0.05290151884158452,0.04268899078157977,是,是
v0705,训练均值参考,情感强度,视觉,0.022765787939230606,0.018370899980838927,是,是
v0705,零参考,情感极性,文本,4.197854679077864,0.9053989564493822,是,是
v0705,零参考,情感极性,语音,-0.38128709606826305,0.08223651490566938,是,是
v0705,零参考,情感极性,视觉,-0.057327760383486734,0.012364528644948448,是,是
v0705,零参考,情感强度,文本,1.4033627901226282,0.9269161979218865,是,是
v0705,零参考,情感强度,语音,-0.029014205560088165,0.01916378095013547,是,是
v0705,零参考,情感强度,视觉,0.08163559064269066,0.053920021127978064,是,是
v0706,训练均值参考,情感极性,文本,1.5611603793998559,0.5283666496384415,是,否
v0706,训练均值参考,情感极性,语音,0.21612684552868205,0.07314701216848295,是,否
v0706,训练均值参考,情感极性,视觉,1.177404144157966,0.3984863381930755,是,否
v0706,训练均值参考,情感强度,文本,-0.3020203982790311,0.35608373905269824,是,否
v0706,训练均值参考,情感强度,语音,-0.08885398258765538,0.10475934251402634,是,否
v0706,训练均值参考,情感强度,视觉,-0.457298015554746,0.5391569184332754,是,否
v0706,零参考,情感极性,文本,-0.07945384023090205,0.06155320829655043,是,否
v0706,零参考,情感极性,语音,0.2790094117323557,0.21614970890205285,是,否
v0706,零参考,情感极性,视觉,0.9323523274312416,0.7222970828013968,是,否
v0706,零参考,情感强度,文本,-0.06909022480249405,0.13182097668830708,是,否
v0706,零参考,情感强度,语音,-0.07487217895686626,0.1428526797400078,是,否
v0706,零参考,情感强度,视觉,-0.3801592234522104,0.7253263435716851,是,否
v0707,训练均值参考,情感极性,文本,-1.3903311667963862,0.836146279514866,是,是
v0707,训练均值参考,情感极性,语音,0.08876075316220522,0.053380788186261185,是,是
v0707,训练均值参考,情感极性,视觉,0.18369269184768194,0.1104729322988728,是,是
v0707,训练均值参考,情感强度,文本,-0.027418293058872223,0.10748251622845302,是,是
v0707,训练均值参考,情感强度,语音,0.08004076033830643,0.313767976129204,是,是
v0707,训练均值参考,情感强度,视觉,0.1476363241672516,0.578749507642343,是,是
v0707,零参考,情感极性,文本,0.11788458159814277,0.16723453010730158,是,是
v0707,零参考,情感极性,语音,0.17903841814647115,0.2539891589211137,是,是
v0707,零参考,情感极性,视觉,0.4079827486226956,0.5787763109715848,是,是
v0707,零参考,情感强度,文本,0.23347178660333157,0.44529378085529286,是,是
v0707,零参考,情感强度,语音,0.06755133718252182,0.1288386522990981,是,是
v0707,零参考,情感强度,视觉,0.22328643687069416,0.425867566845609,是,是
v0708,训练均值参考,情感极性,文本,2.2705389857292175,0.8753951555764108,是,否
v0708,训练均值参考,情感极性,语音,-0.17031888663768768,0.06566561032552153,是,否
v0708,训练均值参考,情感极性,视觉,0.1528724804520607,0.05893923409806768,是,否
v0708,训练均值参考,情感强度,文本,1.0627036293347676,0.7617563583222042,是,否
v0708,训练均值参考,情感强度,语音,-0.05331177512804666,0.03821440198021583,是,否
v0708,训练均值参考,情感强度,视觉,0.27905484040578205,0.20002923969757996,是,否
v0708,零参考,情感极性,文本,3.481027926007906,0.8685110562089299,是,否
v0708,零参考,情感极性,语音,-0.1446870466073354,0.03609919320951811,是,否
v0708,零参考,情感极性,视觉,0.3823260317246119,0.09538975058155202,是,否
v0708,零参考,情感强度,文本,1.3329430520534515,0.7891555673246065,是,否
v0708,零参考,情感强度,语音,-0.03940291702747345,0.023328101896894302,是,否
v0708,零参考,情感强度,视觉,0.3167291730642318,0.18751633077849922,是,否
v0709,训练均值参考,情感极性,文本,2.549107190221548,0.9088725497472724,是,是
v0709,训练均值参考,情感极性,语音,-0.22831620648503304,0.0814051027484025,是,是
v0709,训练均值参考,情感极性,视觉,-0.027268186211586,0.00972234750432508,是,是
v0709,训练均值参考,情感强度,文本,1.0969006717205048,0.8097342628037864,是,是
v0709,训练均值参考,情感强度,语音,-0.0546848177909851,0.040368441520861324,是,是
v0709,训练均值参考,情感强度,视觉,0.20305728912353516,0.1498972956753523,是,是
v0709,零参考,情感极性,文本,3.838939140240351,0.8767576651814304,是,是
v0709,零参考,情感极性,语音,-0.30954188605149585,0.070694848596473,是,是
v0709,零参考,情感极性,视觉,0.23008250693480173,0.05254748622209655,是,是
v0709,零参考,情感强度,文本,1.3627615428219237,0.8274143627128069,是,是
v0709,零参考,情感强度,语音,-0.03971953069170316,0.024116112131014146,是,是
v0709,零参考,情感强度,视觉,0.24453111800054708,0.14846952515617895,是,是
v0710,训练均值参考,情感极性,文本,2.177906819929679,0.8627644546927586,是,是
v0710,训练均值参考,情感极性,语音,-0.2896453055242697,0.11474121472425194,是,是
v0710,训练均值参考,情感极性,视觉,0.05678323407967885,0.02249433058298941,是,是
v0710,训练均值参考,情感强度,文本,0.9174013237158457,0.7291508158579457,是,是
v0710,训练均值参考,情感强度,语音,-0.11179115374883015,0.0888516387043149,是,是
v0710,训练均值参考,情感强度,视觉,0.22898525993029278,0.18199754543773924,是,是
v0710,零参考,情感极性,文本,3.3847610652446747,0.8332862850584577,是,是
v0710,零参考,情感极性,语音,-0.3254161775112152,0.08011343561015655,是,是
v0710,零参考,情感极性,视觉,0.35176536440849304,0.0866002793313858,是,是
v0710,零参考,情感强度,文本,1.1836782476554313,0.7635372340315181,是,是
v0710,零参考,情感强度,语音,-0.09661368404825528,0.06232111237485014,是,是
v0710,零参考,情感强度,视觉,0.26996415915588534,0.1741416535936318,是,是
v0711,训练均值参考,情感极性,文本,1.1425083292027312,0.4157594505048262,是,是
v0711,训练均值参考,情感极性,语音,-0.574030245343844,0.2088899426613796,是,是
v0711,训练均值参考,情感极性,视觉,-1.0314646946887174,0.3753506068337942,是,是
v0711,训练均值参考,情感强度,文本,0.360585868358612,0.4649197925484516,是,是
v0711,训练均值参考,情感强度,语音,-0.1546139195561409,0.19935077248688635,是,是
v0711,训练均值参考,情感强度,视觉,-0.26038747280836105,0.335729434964662,是,是
v0711,零参考,情感极性,文本,2.337877089778582,0.6361675706953345,是,是
v0711,零参考,情感极性,语音,-0.6006189839293559,0.16343644479446362,是,是
v0711,零参考,情感极性,视觉,-0.7364430421342452,0.20039598451020188,是,是
v0711,零参考,情感强度,文本,0.5790877807885408,0.648364023985629,是,是
v0711,零参考,情感强度,语音,-0.12655423022806644,0.14169390666703666,是,是
v0711,零参考,情感强度,视觉,-0.18751022964715958,0.2099420693473343,是,是
v0712,训练均值参考,情感极性,文本,2.449035155276457,0.8669387088535238,是,是
v0712,训练均值参考,情感极性,语音,-0.17062180986007053,0.06039874569527906,是,是
v0712,训练均值参考,情感极性,视觉,-0.2052661006649335,0.07266254545119702,是,是
v0712,训练均值参考,情感强度,文本,1.0451523065567017,0.9694518451338092,是,是
v0712,训练均值参考,情感强度,语音,-0.021712452173233032,0.020139817603300088,是,是
v0712,训练均值参考,情感强度,视觉,0.011221081018447876,0.010408337262890676,是,是
v0712,零参考,情感极性,文本,3.6388025482495623,0.9387817246042631,是,是
v0712,零参考,情感极性,语音,-0.16779489318529764,0.04328972982610936,是,是
v0712,零参考,情感极性,视觉,0.06949265797932944,0.01792854556962754,是,是
v0712,零参考,情感强度,文本,1.3044330440461636,0.9343084547921243,是,是
v0712,零参考,情感强度,语音,-0.018766440451145172,0.01344158219533524,是,是
v0712,零参考,情感强度,视觉,0.07294869050383566,0.052249963012540465,是,是
v0713,训练均值参考,情感极性,文本,2.5632932856678963,0.8492675408938869,是,是
v0713,训练均值参考,情感极性,语音,-0.1426805630326271,0.04727276881564535,是,是
v0713,训练均值参考,情感极性,视觉,-0.3122661784291267,0.10345969029046778,是,是
v0713,训练均值参考,情感强度,文本,0.9899901747703552,0.9375516635406062,是,是
v0713,训练均值参考,情感强度,语音,-0.029748976230621338,0.028173211072644047,是,是
v0713,训练均值参考,情感强度,视觉,-0.03619217872619629,0.034275125386749795,是,是
v0713,零参考,情感极性,文本,3.729459886749585,0.9601753650002857,是,是
v0713,零参考,情感极性,语音,-0.10956546167532603,0.02820838951219286,是,是
v0713,零参考,情感极性,视觉,-0.045119176308314,0.011616245487521586,是,是
v0713,零参考,情感强度,文本,1.2301150783896446,0.9622544839418333,是,是
v0713,零参考,情感强度,语音,-0.015722647309303284,0.012299002051595734,是,是
v0713,零参考,情感强度,视觉,0.03253000229597091,0.025446514006570893,是,是
v0714,训练均值参考,情感极性,文本,0.5465440625945727,0.3620183316432032,是,否
v0714,训练均值参考,情感极性,语音,0.25144949803749717,0.1665544171130834,是,否
v0714,训练均值参考,情感极性,视觉,0.7117202157775561,0.4714272512437134,是,否
v0714,训练均值参考,情感强度,文本,-0.10423728823661804,0.3139627169032435,是,否
v0714,训练均值参考,情感强度,语音,-0.03410342335700989,0.10271951270032148,是,否
v0714,训练均值参考,情感强度,视觉,-0.19366459548473358,0.5833177703964351,是,否
v0714,零参考,情感极性,文本,-0.8234652243554592,0.48698905122699604,是,否
v0714,零参考,情感极性,语音,0.373944828286767,0.2211472102919137,是,否
v0714,零参考,情感极性,视觉,0.4935216475278139,0.29186373848109026,是,否
v0714,零参考,情感强度,文本,0.14692470741768676,0.48353045751542106,是,否
v0714,零参考,情感强度,语音,-0.049794521803657205,0.1638741933379244,是,否
v0714,零参考,情感强度,视觉,-0.10713899756471315,0.3525953491466546,是,否
v0715,训练均值参考,情感极性,文本,1.6407413793106873,0.6053087666709329,是,是
v0715,训练均值参考,情感极性,语音,0.02623548110326131,0.009678896936399237,是,是
v0715,训练均值参考,情感极性,视觉,-1.0436089920500913,0.38501233639266785,是,是
v0715,训练均值参考,情感强度,文本,0.5564530963699021,0.5461728628582078,是,是
v0715,训练均值参考,情感强度,语音,0.06686290601889291,0.0656276423612211,是,是
v0715,训练均值参考,情感强度,视觉,-0.3955063049991925,0.3881994947805711,是,是
v0715,零参考,情感极性,文本,2.9506152601291733,0.774002901741579,是,是
v0715,零参考,情感极性,语音,-0.05579236398140589,0.01463540577457056,是,是
v0715,零参考,情感极性,视觉,-0.805742502833406,0.21136169248385045,是,是
v0715,零参考,情感强度,文本,0.7960089749346176,0.7074905991725241,是,是
v0715,零参考,情感强度,语音,0.04145210857192675,0.036842520692591224,是,是
v0715,零参考,情感强度,视觉,-0.28765489098926383,0.25566688013488476,是,是
v0716,训练均值参考,情感极性,文本,2.015807446092367,0.7414636213820069,是,是
v0716,训练均值参考,情感极性,语音,-0.0941789522767067,0.034641337965298113,是,是
v0716,训练均值参考,情感极性,视觉,-0.608700517565012,0.22389504065269494,是,是
v0716,训练均值参考,情感强度,文本,0.5826254238684971,0.7052559531927135,是,是
v0716,训练均值参考,情感强度,语音,0.01302822430928548,0.015770394454546605,是,是
v0716,训练均值参考,情感强度,视觉,-0.2304654667774836,0.2789736523527399,是,是
v0716,零参考,情感极性,文本,3.2494485955685377,0.8738525386770596,是,是
v0716,零参考,情感极性,语音,-0.09167108125984669,0.024652492484858703,是,是
v0716,零参考,情感极性,视觉,-0.3774122856557369,0.10149496883808176,是,是
v0716,零参考,情感强度,文本,0.8321804646402597,0.8425233291828362,是,是
v0716,零参考,情感强度,语音,0.00630098208785057,0.0063792946738688095,是,是
v0716,零参考,情感强度,视觉,-0.14924249611794949,0.15109737614329496,是,是
v0717,训练均值参考,情感极性,文本,3.4338443105419474,0.9379655159328014,是,是
v0717,训练均值参考,情感极性,语音,-0.05467257897059122,0.014933989168959726,是,是
v0717,训练均值参考,情感极性,视觉,-0.17243252942959464,0.047100494898238913,是,是
v0717,训练均值参考,情感强度,文本,-0.6225417492290337,0.7753928513459559,是,是
v0717,训练均值参考,情感强度,语音,-0.007267856349547704,0.009052314748412671,是,是
v0717,训练均值参考,情感强度,视觉,0.17306309069196382,0.2155548339056314,是,是
v0717,零参考,情感极性,文本,1.9157328009605403,0.783445002920521,是,是
v0717,零参考,情感极性,语音,-0.06458928436040878,0.026413992624129586,是,是
v0717,零参考,情感极性,视觉,-0.4649456664919853,0.19014100445534937,是,是
v0717,零参考,情感强度,文本,-0.3549830174694458,0.5801572999645132,是,是
v0717,零参考,情感强度,语音,-0.01804898182551066,0.02949788594858095,是,是
v0717,零参考,情感强度,视觉,0.23884174165626365,0.3903448140869059,是,是
v0718,训练均值参考,情感极性,文本,1.2315697049101193,0.6093953454876863,是,是
v0718,训练均值参考,情感极性,语音,-0.3944833601514498,0.19519506089684172,是,是
v0718,训练均值参考,情感极性,视觉,-0.394916924337546,0.19540959361547208,是,是
v0718,训练均值参考,情感强度,文本,0.3798457632462183,0.7605049364217599,是,是
v0718,训练均值参考,情感强度,语音,-0.10781635840733846,0.21586359709545852,是,是
v0718,训练均值参考,情感强度,视觉,-0.011803095539410908,0.02363146648278172,是,是
v0718,零参考,情感极性,文本,2.4131373713413873,0.8265712381655241,是,是
v0718,零参考,情感极性,语音,-0.36404374738534284,0.12469579833967544,是,是
v0718,零参考,情感极性,视觉,-0.1422736843427022,0.04873296349480035,是,是
v0718,零参考,情感强度,文本,0.630631869037946,0.8275264550040391,是,是
v0718,零参考,情感强度,语音,-0.09061138580242792,0.1189018864372911,是,是
v0718,零参考,情感强度,视觉,0.04082527508338292,0.05357165855866977,是,是
v0719,训练均值参考,情感极性,文本,-0.4140817181517681,0.21328997804052025,是,否
v0719,训练均值参考,情感极性,语音,-0.5122770921637614,0.2638695816515697,是,否
v0719,训练均值参考,情感极性,视觉,-1.015043790762623,0.52284044030791,是,否
v0719,训练均值参考,情感强度,文本,0.2743141303459803,0.41739126721614217,是,否
v0719,训练均值参考,情感强度,语音,-0.20014574875434238,0.30453804036683935,是,否
v0719,训练均值参考,情感强度,视觉,-0.18275111665328342,0.27807069241701843,是,否
v0719,零参考,情感极性,文本,1.2001963493724663,0.4760315201190853,是,否
v0719,零参考,情感极性,语音,-0.5660707975427309,0.2245195483140594,是,否
v0719,零参考,情感极性,视觉,-0.754986800874273,0.29944893156685537,是,否
v0719,零参考,情感强度,文本,0.5202652172495921,0.6294366540275672,是,否
v0719,零参考,情感强度,语音,-0.17341934579114118,0.20980932251340345,是,否
v0719,零参考,情感强度,视觉,-0.13287234927217165,0.16075402345902945,是,否
v0720,训练均值参考,情感极性,文本,3.7134193417926626,0.8878006674895781,是,否
v0720,训练均值参考,情感极性,语音,-0.4521059157947699,0.1080890405511855,是,否
v0720,训练均值参考,情感极性,视觉,0.017192189892133086,0.004110291959236407,是,否
v0720,训练均值参考,情感强度,文本,-0.8855300024151801,0.8468113189971733,是,否
v0720,训练均值参考,情感强度,语音,-0.11096365749835965,0.1061119114097288,是,否
v0720,训练均值参考,情感强度,视觉,0.04922925680875778,0.04707676959309778,是,否
v0720,零参考,情感极性,文本,3.3436387578646336,0.8526702265262145,是,否
v0720,零参考,情感极性,语音,-0.4988055576880773,0.1272017339989353,是,否
v0720,零参考,情感极性,视觉,0.07892956833044687,0.020128039474850208,是,否
v0720,零参考,情感强度,文本,-0.659354447076718,0.8092798236070983,是,否
v0720,零参考,情感强度,语音,-0.06008369165162246,0.07374564560392007,是,否
v0720,零参考,情感强度,视觉,0.09530408990879853,0.11697453078898164,是,否
v0721,训练均值参考,情感极性,文本,2.132913552224636,0.5964639754512413,是,否
v0721,训练均值参考,情感极性,语音,-0.594866581261158,0.16635296144658296,是,否
v0721,训练均值参考,情感极性,视觉,-0.8481500819325447,0.23718306310217574,是,否
v0721,训练均值参考,情感强度,文本,0.7347048074007033,0.6225020952622591,是,否
v0721,训练均值参考,情感强度,语音,-0.19890911132097244,0.1685320925040959,是,否
v0721,训练均值参考,情感强度,视觉,-0.24663079530000687,0.20896581223364488,是,否
v0721,零参考,情感极性,文本,3.340981885169943,0.7383454037369421,是,否
v0721,零参考,情感极性,语音,-0.6466448015222946,0.14290625734119702,是,否
v0721,零参考,情感极性,视觉,-0.5373312371472517,0.11874833892186092,是,否
v0721,零参考,情感强度,文本,0.9589140471071005,0.7348059829559881,是,否
v0721,零参考,情感强度,语音,-0.17477570474147797,0.13392882699636105,是,否
v0721,零参考,情感强度,视觉,-0.17129968665540218,0.13126519004765083,是,否
v0722,训练均值参考,情感极性,文本,0.747206134100755,0.33707425702764643,是,是
v0722,训练均值参考,情感极性,语音,-0.30994688222805655,0.13982100825602956,是,是
v0722,训练均值参考,情感极性,视觉,-1.1595874155561128,0.5231047347163239,是,是
v0722,训练均值参考,情感强度,文本,0.18865591784318286,0.3425749291754782,是,是
v0722,训练均值参考,情感强度,语音,-0.06048907587925593,0.10984039685651995,是,是
v0722,训练均值参考,情感强度,视觉,-0.3015547270576159,0.5475846739680018,是,是
v0722,零参考,情感极性,文本,2.0333346494783955,0.6118681379954111,是,是
v0722,零参考,情感极性,语音,-0.35448490331570304,0.10667108721867433,是,是
v0722,零参考,情感极性,视觉,-0.9353386952231327,0.2814607747859147,是,是
v0722,零参考,情感强度,文本,0.41236651688814163,0.6100403277450432,是,是
v0722,零参考,情感强度,语音,-0.05210710130631924,0.07708538850008961,是,是
v0722,零参考,情感强度,视觉,-0.21149237640202045,0.3128742837548671,是,是
v0723,训练均值参考,情感极性,文本,0.6296916231513023,0.4923099523435078,是,否
v0723,训练均值参考,情感极性,语音,-0.40286549180746073,0.31497114425630357,是,否
v0723,训练均值参考,情感极性,视觉,-0.24649812281131742,0.1927189034001886,是,否
v0723,训练均值参考,情感强度,文本,0.17652822534243262,0.5717009660506733,是,否
v0723,训练均值参考,情感强度,语音,-0.09648339947064716,0.31246930952952323,是,否
v0723,训练均值参考,情感强度,视觉,-0.03576557834943135,0.11582972441980353,是,否
v0723,零参考,情感极性,文本,1.9313478333254652,0.7986557214408325,是,否
v0723,零参考,情感极性,语音,-0.4618269341687361,0.19097581332838237,是,否
v0723,零参考,情感极性,视觉,-0.02507352332274121,0.010368465230785202,是,否
v0723,零参考,情感强度,文本,0.4353834862510363,0.8245363808116928,是,否
v0723,零参考,情感强度,语音,-0.08193236341079076,0.15516485243799477,是,否
v0723,零参考,情感强度,视觉,0.01071844498316447,0.020298766750312506,是,否
v0724,训练均值参考,情感极性,文本,1.8103348414103189,0.5326413283486818,是,是
v0724,训练均值参考,情感极性,语音,-0.8397280772527058,0.24706693385579576,是,是
v0724,训练均值参考,情感极性,视觉,-0.7487248679002125,0.22029173779552239,是,是
v0724,训练均值参考,情感强度,文本,0.5621181651949881,0.5655774661097936,是,是
v0724,训练均值参考,情感强度,语音,-0.233026809990406,0.23446086764391452,是,是
v0724,训练均值参考,情感强度,视觉,-0.19873861968517303,0.19996166624629177,是,是
v0724,零参考,情感极性,文本,3.026597570627928,0.6931145729990204,是,是
v0724,零参考,情感极性,语音,-0.904244726523757,0.2070791318916902,是,是
v0724,零参考,情感极性,视觉,-0.43582042865455145,0.09980629510928944,是,是
v0724,零参考,情感强度,文本,0.7843884111692507,0.7017222729664803,是,是
v0724,零参考,情感强度,语音,-0.1952156244466702,0.17464198827349825,是,是
v0724,零参考,情感强度,视觉,-0.13820060218373934,0.12363573876002158,是,是
v0725,训练均值参考,情感极性,文本,-0.13795409103234607,0.08737336593088427,是,是
v0725,训练均值参考,情感极性,语音,0.43293560544649756,0.27420021252081944,是,是
v0725,训练均值参考,情感极性,视觉,1.008013548950354,0.6384264215482963,是,是
v0725,训练均值参考,情感强度,文本,-0.042819139858086906,0.1469573758172009,是,是
v0725,训练均值参考,情感强度,语音,-0.07267583658297856,0.24942701476375323,是,是
v0725,训练均值参考,情感强度,视觉,-0.17587617536385852,0.6036156094190458,是,是
v0725,零参考,情感极性,文本,-1.491189306601882,0.5291306307964901,是,是
v0725,零参考,情感极性,语音,0.482035206630826,0.17104440852779082,是,是
v0725,零参考,情感极性,视觉,0.8449629433453083,0.299824960675719,是,是
v0725,零参考,情感强度,文本,0.1841215429206689,0.5482237700453012,是,是
v0725,零参考,情感强度,语音,-0.05829748200873533,0.17358134666918038,是,是
v0725,零参考,情感强度,视觉,-0.09343205081919828,0.2781948832855184,是,是
v0726,训练均值参考,情感极性,文本,2.291609076162179,0.6933925207571138,是,是
v0726,训练均值参考,情感极性,语音,-0.49426073084274924,0.14955286119055888,是,是
v0726,训练均值参考,情感极性,视觉,-0.5190534616510073,0.1570546180523274,是,是
v0726,训练均值参考,情感强度,文本,0.8306503196557362,0.7346633790034898,是,是
v0726,训练均值参考,情感强度,语音,-0.14866389582554496,0.13148483478376694,是,是
v0726,训练均值参考,情感强度,视觉,-0.15134009967247644,0.1338517862127433,是,是
v0726,零参考,情感极性,文本,3.576918452357252,0.8112557322994316,是,是
v0726,零参考,情感极性,语音,-0.5959100096176067,0.13515416067657354,是,是
v0726,零参考,情感极性,视觉,-0.23628485451141995,0.05359010702399471,是,是
v0726,零参考,情感强度,文本,1.0588184278458357,0.8375951980977554,是,是
v0726,零参考,情感强度,语音,-0.12397043593227863,0.09806878980583886,是,是
v0726,零参考,情感强度,视觉,-0.08132825419306755,0.06433601209640577,是,是
v0727,训练均值参考,情感极性,文本,1.0071284162501493,0.5276156557252837,是,是
v0727,训练均值参考,情感极性,语音,0.6331891852120558,0.3317159180134169,是,是
v0727,训练均值参考,情感极性,视觉,0.2685120652119318,0.14066842626129958,是,是
v0727,训练均值参考,情感强度,文本,-0.1766999252140522,0.46829753486510706,是,是
v0727,训练均值参考,情感强度,语音,-0.11351941153407094,0.30085389405991303,是,是
v0727,训练均值参考,情感强度,视觉,-0.08710471913218497,0.2308485710749798,是,是
v0727,零参考,情感极性,文本,-0.26593653361002606,0.24648587345448075,是,是
v0727,零参考,情感极性,语音,0.7604584967096646,0.7048383847186324,是,是
v0727,零参考,情感极性,视觉,-0.05251683543125788,0.048675741826886755,是,是
v0727,零参考,情感强度,文本,0.07311031346519786,0.3651829196029126,是,是
v0727,零参考,情感强度,语音,-0.09258177752296129,0.46244205797252236,是,是
v0727,零参考,情感强度,视觉,-0.034509806583325066,0.17237502242456504,是,是
